VentaID,FechaVenta,ClienteID,EmpleadoID,SucursalID,ProductoID,Cantidad,PrecioUnitario,ImporteTotal,CanalVenta,MedioPago,Moneda,Year,Month
1,2023-11-27,302,49,1,1109,1,134640,134640,Mostrador,Tarjeta crédito,USD,2023,11
2,2024-12-18,633,43,1,1258,1,217220,217220,Mostrador,Tarjeta débito,ARS,2024,12
3,2024-09-11,889,43,1,1045,4,407940,1631760,Campo,Tarjeta crédito,USD,2024,9
4,2024-04-18,203,17,3,1269,1,431230,431230,Mostrador,Tarjeta débito,ARS,2024,4
5,2023-06-21,289,55,2,1026,5,4299550,21497750,Mostrador,Cheque,USD,2023,6
6,2023-06-21,180,46,4,1160,1,291270,291270,Online,Tarjeta débito,ARS,2023,6
7,2023-03-05,81,30,1,1278,1,6542540,6542540,Teléfono,Cheque,USD,2023,3
8,2024-11-25,567,42,3,1133,1,1983610,1983610,Mostrador,Efectivo,ARS,2024,11
9,2024-04-21,691,13,4,1055,1,3125440,3125440,Campo,Tarjeta débito,ARS,2024,4
10,2024-08-16,610,4,4,1145,5,175640,878200,Teléfono,Efectivo,USD,2024,8
11,2023-01-23,110,1,4,1235,1,1667330,1667330,Teléfono,Tarjeta débito,ARS,2023,1
12,2024-12-23,424,36,4,1179,1,57590,57590,Teléfono,Tarjeta débito,ARS,2024,12
13,2024-11-16,665,38,4,1208,1,5676350,5676350,Campo,Cheque,ARS,2024,11
14,2023-08-21,125,20,1,1136,1,348550,348550,Online,Cheque,ARS,2023,8
15,2023-07-19,91,22,2,1275,5,4470750,22353750,Teléfono,Tarjeta débito,USD,2023,7
16,2023-07-21,294,51,1,1197,1,1987080,1987080,Online,Efectivo,ARS,2023,7
17,2023-11-08,393,43,1,1183,3,338100,1014300,Online,Efectivo,USD,2023,11
18,2024-01-28,37,19,1,1061,4,411160,1644640,Online,Transferencia,ARS,2024,1
19,2023-12-13,5,32,1,1063,3,49040,147120,Online,Efectivo,USD,2023,12
20,2023-11-04,338,15,1,1215,4,3694240,14776960,Online,Tarjeta débito,USD,2023,11
21,2024-05-03,662,49,1,1139,1,407550,407550,Campo,Transferencia,USD,2024,5
22,2023-06-03,366,30,1,1134,5,174540,872700,Online,Transferencia,USD,2023,6
23,2023-11-05,396,4,4,1034,3,1726840,5180520,Teléfono,Transferencia,ARS,2023,11
24,2023-11-25,316,49,1,1193,2,2920780,5841560,Campo,Transferencia,USD,2023,11
25,2023-12-20,172,40,4,1062,1,189230,189230,Mostrador,Transferencia,ARS,2023,12
26,2024-11-03,406,43,1,1087,1,177040,177040,Teléfono,Transferencia,USD,2024,11
27,2023-08-08,262,46,4,1210,1,2984830,2984830,Campo,Tarjeta débito,ARS,2023,8
28,2024-01-17,484,9,4,1081,1,4503400,4503400,Mostrador,Efectivo,ARS,2024,1
29,2024-04-11,27,60,3,1230,1,23930,23930,Online,Transferencia,ARS,2024,4
30,2023-02-20,55,27,4,1167,4,1499080,5996320,Campo,Tarjeta crédito,ARS,2023,2
31,2024-04-28,911,49,1,1190,1,223850,223850,Mostrador,Cheque,USD,2024,4
32,2023-07-07,320,9,4,1007,1,196830,196830,Teléfono,Cheque,USD,2023,7
33,2023-03-13,249,13,4,1233,4,72640,290560,Campo,Transferencia,USD,2023,3
34,2024-12-17,273,46,4,1169,2,2107630,4215260,Online,Tarjeta débito,ARS,2024,12
35,2024-12-22,259,60,3,1251,5,46390,231950,Online,Efectivo,USD,2024,12
36,2024-11-09,778,5,1,1168,1,67990,67990,Campo,Cheque,USD,2024,11
37,2023-11-08,191,46,4,1231,1,3732180,3732180,Mostrador,Tarjeta crédito,USD,2023,11
38,2023-04-18,63,15,1,1150,1,143830,143830,Campo,Tarjeta débito,USD,2023,4
39,2024-07-21,857,10,3,1152,5,74230,371150,Mostrador,Transferencia,USD,2024,7
40,2023-12-15,341,49,1,1038,4,277200,1108800,Online,Transferencia,ARS,2023,12
41,2023-05-14,104,57,4,1297,2,108180,216360,Online,Efectivo,ARS,2023,5
42,2023-12-30,393,52,1,1275,4,5741190,22964760,Online,Tarjeta crédito,USD,2023,12
43,2023-02-07,288,47,1,1105,3,5025120,15075360,Online,Efectivo,USD,2023,2
44,2024-12-07,771,60,3,1007,2,355310,710620,Campo,Transferencia,USD,2024,12
45,2023-10-11,161,38,4,1062,5,183770,918850,Campo,Cheque,ARS,2023,10
46,2024-06-27,683,60,3,1016,1,269110,269110,Online,Transferencia,ARS,2024,6
47,2023-11-10,109,19,1,1244,2,358050,716100,Online,Cheque,USD,2023,11
48,2024-01-23,652,5,1,1150,1,297030,297030,Mostrador,Efectivo,USD,2024,1
49,2024-02-21,605,6,4,1142,4,4459670,17838680,Online,Efectivo,ARS,2024,2
50,2023-07-22,103,13,4,1116,2,2342480,4684960,Mostrador,Tarjeta crédito,USD,2023,7
51,2024-12-23,226,6,4,1110,5,4084250,20421250,Mostrador,Efectivo,USD,2024,12
52,2024-10-29,353,34,2,1065,2,23400,46800,Online,Tarjeta crédito,ARS,2024,10
53,2024-12-15,160,27,4,1178,1,3206430,3206430,Mostrador,Tarjeta crédito,USD,2024,12
54,2024-12-03,404,32,1,1194,4,2607250,10429000,Online,Tarjeta débito,USD,2024,12
55,2024-04-17,707,34,2,1109,1,3076860,3076860,Campo,Tarjeta crédito,USD,2024,4
56,2024-12-10,324,8,2,1161,1,293300,293300,Online,Cheque,USD,2024,12
57,2023-04-08,145,48,2,1135,1,3431260,3431260,Mostrador,Tarjeta débito,USD,2023,4
58,2023-08-03,242,4,4,1278,2,4897830,9795660,Online,Transferencia,USD,2023,8
59,2023-02-19,132,34,2,1296,1,5218960,5218960,Online,Transferencia,USD,2023,2
60,2023-11-14,93,30,1,1039,4,1706430,6825720,Teléfono,Tarjeta crédito,USD,2023,11
61,2023-12-01,273,30,1,1169,1,354300,354300,Online,Transferencia,ARS,2023,12
62,2023-10-25,192,5,1,1068,1,2017250,2017250,Campo,Tarjeta crédito,ARS,2023,10
63,2024-11-15,534,58,3,1007,5,52080,260400,Campo,Cheque,ARS,2024,11
64,2023-11-22,194,21,1,1085,2,5928710,11857420,Mostrador,Tarjeta crédito,USD,2023,11
65,2023-11-02,170,49,1,1199,4,244480,977920,Campo,Transferencia,ARS,2023,11
66,2024-02-17,460,42,3,1132,2,243790,487580,Mostrador,Tarjeta débito,USD,2024,2
67,2023-06-04,11,40,4,1076,1,130420,130420,Mostrador,Tarjeta crédito,ARS,2023,6
68,2024-11-07,181,33,4,1250,5,189470,947350,Campo,Tarjeta crédito,USD,2024,11
69,2023-03-23,232,54,2,1048,1,31520,31520,Campo,Transferencia,USD,2023,3
70,2024-12-28,956,33,4,1209,5,221430,1107150,Mostrador,Cheque,USD,2024,12
71,2024-10-26,29,1,4,1084,1,46870,46870,Online,Efectivo,ARS,2024,10
72,2023-08-06,20,36,4,1223,1,3044520,3044520,Mostrador,Tarjeta débito,ARS,2023,8
73,2023-01-07,5,18,3,1253,5,127220,636100,Campo,Transferencia,ARS,2023,1
74,2024-11-11,921,2,1,1031,1,1718480,1718480,Teléfono,Cheque,ARS,2024,11
75,2024-08-15,546,1,4,1201,3,1958150,5874450,Mostrador,Tarjeta crédito,USD,2024,8
76,2024-09-08,140,47,1,1052,1,3791690,3791690,Teléfono,Cheque,ARS,2024,9
77,2024-10-25,28,20,1,1072,1,58550,58550,Campo,Efectivo,ARS,2024,10
78,2023-03-23,98,32,1,1021,1,3205510,3205510,Campo,Transferencia,ARS,2023,3
79,2023-11-23,262,5,1,1016,2,2228320,4456640,Online,Cheque,USD,2023,11
80,2023-05-08,246,25,4,1016,2,350400,700800,Online,Efectivo,USD,2023,5
81,2024-11-24,19,42,3,1175,4,4705650,18822600,Mostrador,Transferencia,USD,2024,11
82,2024-05-15,12,17,3,1110,1,306670,306670,Mostrador,Tarjeta débito,ARS,2024,5
83,2023-11-15,25,50,3,1242,3,60700,182100,Teléfono,Tarjeta débito,USD,2023,11
84,2023-03-11,13,56,2,1078,1,107650,107650,Teléfono,Efectivo,ARS,2023,3
85,2023-11-10,76,19,1,1240,3,57250,171750,Online,Transferencia,USD,2023,11
86,2023-11-14,259,37,3,1037,5,1522790,7613950,Mostrador,Transferencia,ARS,2023,11
87,2024-09-09,24,33,4,1232,1,225410,225410,Mostrador,Cheque,ARS,2024,9
88,2024-05-31,8,16,1,1213,2,1738860,3477720,Campo,Cheque,USD,2024,5
89,2024-12-01,880,33,4,1193,4,317440,1269760,Campo,Tarjeta débito,USD,2024,12
90,2023-12-24,228,16,1,1060,3,173800,521400,Campo,Efectivo,ARS,2023,12
91,2023-05-12,376,32,1,1189,1,329980,329980,Mostrador,Cheque,ARS,2023,5
92,2024-08-22,123,51,1,1267,1,150010,150010,Teléfono,Cheque,USD,2024,8
93,2024-10-13,90,19,1,1126,1,4413220,4413220,Teléfono,Efectivo,ARS,2024,10
94,2024-03-08,813,33,4,1203,3,2420310,7260930,Campo,Tarjeta débito,USD,2024,3
95,2024-10-24,456,4,4,1230,1,2844050,2844050,Mostrador,Transferencia,USD,2024,10
96,2023-12-30,224,20,1,1032,4,5571410,22285640,Mostrador,Transferencia,USD,2023,12
97,2024-01-26,736,11,3,1110,4,92120,368480,Teléfono,Efectivo,ARS,2024,1
98,2023-12-12,257,36,4,1261,4,4289090,17156360,Campo,Cheque,ARS,2023,12
99,2023-01-28,3,32,1,1131,1,406430,406430,Teléfono,Tarjeta débito,ARS,2023,1
100,2023-04-29,321,20,1,1094,3,241430,724290,Campo,Cheque,ARS,2023,4
101,2023-02-04,271,6,4,1104,5,206420,1032100,Teléfono,Cheque,USD,2023,2
102,2024-05-30,818,10,3,1100,1,41880,41880,Campo,Tarjeta débito,USD,2024,5
103,2023-11-11,148,38,4,1285,1,416680,416680,Teléfono,Cheque,USD,2023,11
104,2024-01-10,387,43,1,1068,5,368730,1843650,Campo,Tarjeta crédito,USD,2024,1
105,2024-12-06,701,33,4,1025,2,181360,362720,Teléfono,Tarjeta débito,USD,2024,12
106,2023-10-01,399,20,1,1117,3,5179450,15538350,Teléfono,Efectivo,ARS,2023,10
107,2023-12-07,187,43,1,1199,1,149570,149570,Teléfono,Transferencia,ARS,2023,12
108,2024-10-07,438,28,2,1279,1,66050,66050,Campo,Transferencia,USD,2024,10
109,2023-09-08,188,15,1,1070,1,337550,337550,Campo,Cheque,USD,2023,9
110,2023-03-26,124,35,1,1226,5,45870,229350,Teléfono,Tarjeta crédito,USD,2023,3
111,2023-11-04,37,32,1,1079,3,146850,440550,Mostrador,Cheque,USD,2023,11
112,2023-06-26,149,43,1,1014,1,48890,48890,Teléfono,Tarjeta crédito,ARS,2023,6
113,2024-12-12,106,57,4,1029,1,264130,264130,Campo,Efectivo,ARS,2024,12
114,2024-11-09,615,54,2,1144,1,6077610,6077610,Campo,Efectivo,ARS,2024,11
115,2024-05-26,919,2,1,1298,5,290920,1454600,Online,Tarjeta crédito,ARS,2024,5
116,2024-11-26,889,47,1,1010,1,4274040,4274040,Online,Tarjeta crédito,ARS,2024,11
117,2024-11-08,232,15,1,1047,1,301820,301820,Online,Cheque,USD,2024,11
118,2023-07-24,355,18,3,1260,1,357970,357970,Campo,Transferencia,USD,2023,7
119,2024-12-02,146,5,1,1012,1,5415250,5415250,Teléfono,Efectivo,USD,2024,12
120,2024-02-13,17,36,4,1298,1,128600,128600,Campo,Cheque,USD,2024,2
121,2024-11-09,159,47,1,1226,4,2342920,9371680,Online,Tarjeta crédito,ARS,2024,11
122,2024-12-03,960,47,1,1260,1,4091360,4091360,Teléfono,Tarjeta débito,ARS,2024,12
123,2023-11-12,304,1,4,1084,1,2367220,2367220,Online,Tarjeta débito,USD,2023,11
124,2023-05-01,282,9,4,1007,5,256530,1282650,Mostrador,Tarjeta débito,ARS,2023,5
125,2023-09-08,278,15,1,1007,5,389880,1949400,Online,Transferencia,ARS,2023,9
126,2023-12-12,125,4,4,1006,1,1728100,1728100,Online,Transferencia,USD,2023,12
127,2024-11-12,685,45,2,1247,1,78460,78460,Teléfono,Tarjeta crédito,USD,2024,11
128,2024-11-23,420,40,4,1035,4,138870,555480,Teléfono,Tarjeta débito,USD,2024,11
129,2023-01-08,320,50,3,1175,4,323700,1294800,Online,Tarjeta crédito,USD,2023,1
130,2024-01-13,675,4,4,1065,4,2869790,11479160,Teléfono,Tarjeta crédito,USD,2024,1
131,2023-12-09,203,1,4,1147,1,35120,35120,Campo,Tarjeta crédito,ARS,2023,12
132,2023-09-01,338,47,1,1057,1,372790,372790,Teléfono,Cheque,ARS,2023,9
133,2023-05-12,155,17,3,1193,5,5865940,29329700,Online,Cheque,ARS,2023,5
134,2023-11-17,324,55,2,1013,1,196660,196660,Mostrador,Tarjeta crédito,USD,2023,11
135,2024-12-16,913,52,1,1018,2,2527900,5055800,Campo,Transferencia,USD,2024,12
136,2023-11-13,395,15,1,1246,2,258970,517940,Campo,Tarjeta débito,USD,2023,11
137,2024-01-22,773,5,1,1163,1,1852020,1852020,Online,Transferencia,ARS,2024,1
138,2024-08-11,186,60,3,1298,1,313860,313860,Mostrador,Transferencia,USD,2024,8
139,2023-11-24,377,3,3,1114,4,3068880,12275520,Campo,Cheque,ARS,2023,11
140,2024-12-24,466,8,2,1282,2,3460390,6920780,Online,Efectivo,ARS,2024,12
141,2024-12-21,57,2,1,1233,1,2132270,2132270,Campo,Efectivo,ARS,2024,12
142,2023-10-04,217,48,2,1166,2,333190,666380,Campo,Tarjeta crédito,USD,2023,10
143,2023-12-31,208,4,4,1230,2,95240,190480,Mostrador,Tarjeta crédito,ARS,2023,12
144,2023-11-07,202,14,1,1026,3,353660,1060980,Mostrador,Efectivo,ARS,2023,11
145,2023-11-03,74,17,3,1126,1,40120,40120,Teléfono,Tarjeta crédito,USD,2023,11
146,2023-02-10,85,57,4,1252,5,260850,1304250,Mostrador,Cheque,ARS,2023,2
147,2024-04-30,632,53,4,1281,1,266200,266200,Online,Tarjeta débito,ARS,2024,4
148,2024-01-04,14,45,2,1286,3,162960,488880,Campo,Tarjeta crédito,ARS,2024,1
149,2023-02-26,328,27,4,1283,1,56830,56830,Teléfono,Cheque,USD,2023,2
150,2023-11-01,129,51,1,1139,2,179570,359140,Campo,Tarjeta crédito,ARS,2023,11
151,2024-12-06,912,57,4,1101,1,189370,189370,Online,Transferencia,USD,2024,12
152,2023-09-20,282,19,1,1011,4,279560,1118240,Teléfono,Tarjeta crédito,USD,2023,9
153,2023-06-08,49,47,1,1216,4,5540450,22161800,Teléfono,Tarjeta crédito,ARS,2023,6
154,2023-12-29,359,5,1,1030,3,2412450,7237350,Campo,Transferencia,USD,2023,12
155,2024-12-28,242,57,4,1094,2,6339270,12678540,Mostrador,Tarjeta crédito,USD,2024,12
156,2023-09-23,322,47,1,1116,4,2307500,9230000,Campo,Tarjeta débito,USD,2023,9
157,2024-07-08,53,15,1,1271,1,3911940,3911940,Mostrador,Tarjeta débito,USD,2024,7
158,2024-10-14,777,30,1,1291,3,4269540,12808620,Campo,Tarjeta crédito,USD,2024,10
159,2023-09-18,69,27,4,1039,5,184750,923750,Mostrador,Tarjeta crédito,ARS,2023,9
160,2024-09-07,552,6,4,1024,1,380220,380220,Campo,Efectivo,ARS,2024,9
161,2023-11-25,184,34,2,1264,1,58380,58380,Campo,Transferencia,ARS,2023,11
162,2024-05-25,645,24,3,1043,1,74620,74620,Online,Efectivo,USD,2024,5
163,2024-05-26,56,59,2,1170,1,2207890,2207890,Online,Transferencia,ARS,2024,5
164,2024-02-09,879,21,1,1127,5,82580,412900,Online,Efectivo,ARS,2024,2
165,2023-04-10,255,38,4,1169,1,219240,219240,Online,Cheque,USD,2023,4
166,2024-11-16,5,51,1,1212,1,210710,210710,Teléfono,Tarjeta débito,ARS,2024,11
167,2023-11-12,69,19,1,1026,5,228130,1140650,Online,Tarjeta débito,ARS,2023,11
168,2023-07-24,52,35,1,1180,1,2012510,2012510,Online,Cheque,ARS,2023,7
169,2023-02-14,329,54,2,1150,1,162620,162620,Campo,Tarjeta débito,USD,2023,2
170,2024-04-10,98,55,2,1133,5,348490,1742450,Mostrador,Efectivo,ARS,2024,4
171,2024-07-14,161,22,2,1143,1,411160,411160,Teléfono,Tarjeta débito,USD,2024,7
172,2023-01-19,271,30,1,1164,3,3921540,11764620,Online,Efectivo,ARS,2023,1
173,2024-01-14,577,22,2,1101,3,4625520,13876560,Online,Tarjeta débito,ARS,2024,1
174,2023-09-06,327,43,1,1063,1,2806350,2806350,Online,Tarjeta crédito,ARS,2023,9
175,2024-06-08,919,43,1,1093,1,2218520,2218520,Campo,Efectivo,USD,2024,6
176,2023-07-11,243,51,1,1207,1,342320,342320,Online,Tarjeta crédito,USD,2023,7
177,2024-07-28,504,9,4,1026,1,44970,44970,Teléfono,Tarjeta crédito,USD,2024,7
178,2023-12-01,367,52,1,1072,4,76100,304400,Campo,Tarjeta crédito,USD,2023,12
179,2024-12-14,774,3,3,1060,1,426310,426310,Online,Tarjeta crédito,ARS,2024,12
180,2023-05-31,212,4,4,1029,1,383350,383350,Online,Transferencia,USD,2023,5
181,2023-11-18,154,25,4,1019,1,286080,286080,Teléfono,Tarjeta crédito,ARS,2023,11
182,2023-05-05,234,59,2,1073,3,444610,1333830,Teléfono,Tarjeta crédito,USD,2023,5
183,2024-12-11,652,49,1,1246,5,3178470,15892350,Teléfono,Tarjeta débito,ARS,2024,12
184,2024-11-28,333,43,1,1252,1,218780,218780,Online,Tarjeta débito,USD,2024,11
185,2023-10-10,115,3,3,1119,1,146900,146900,Online,Tarjeta crédito,USD,2023,10
186,2024-06-25,369,56,2,1087,1,154600,154600,Campo,Efectivo,USD,2024,6
187,2024-11-11,333,36,4,1183,1,46470,46470,Mostrador,Tarjeta débito,USD,2024,11
188,2024-03-02,130,33,4,1197,2,117320,234640,Mostrador,Efectivo,USD,2024,3
189,2024-02-03,928,5,1,1244,1,4713520,4713520,Campo,Transferencia,ARS,2024,2
190,2023-09-23,178,49,1,1104,2,3655750,7311500,Online,Efectivo,USD,2023,9
191,2023-04-13,95,10,3,1118,5,2879950,14399750,Mostrador,Cheque,USD,2023,4
192,2024-12-03,317,21,1,1082,2,432350,864700,Mostrador,Transferencia,USD,2024,12
193,2024-12-04,907,43,1,1247,1,107190,107190,Mostrador,Tarjeta crédito,USD,2024,12
194,2024-05-26,101,40,4,1234,3,47830,143490,Online,Tarjeta crédito,ARS,2024,5
195,2023-11-17,196,21,1,1153,1,2056990,2056990,Campo,Efectivo,ARS,2023,11
196,2023-11-20,290,1,4,1272,3,337740,1013220,Mostrador,Tarjeta débito,ARS,2023,11
197,2024-09-05,208,57,4,1035,5,290130,1450650,Mostrador,Cheque,USD,2024,9
198,2024-12-03,607,13,4,1213,1,233530,233530,Online,Tarjeta crédito,ARS,2024,12
199,2024-12-01,473,51,1,1211,1,5707590,5707590,Teléfono,Tarjeta crédito,USD,2024,12
200,2024-11-01,615,35,1,1139,1,3511680,3511680,Mostrador,Transferencia,ARS,2024,11
201,2024-06-05,8,8,2,1189,2,4084250,8168500,Online,Tarjeta crédito,ARS,2024,6
202,2023-04-03,136,2,1,1300,1,266830,266830,Online,Efectivo,USD,2023,4
203,2023-06-27,98,14,1,1252,1,3456990,3456990,Mostrador,Cheque,ARS,2023,6
204,2024-12-04,911,51,1,1150,2,143760,287520,Mostrador,Tarjeta crédito,ARS,2024,12
205,2024-04-27,261,47,1,1143,1,154600,154600,Teléfono,Efectivo,ARS,2024,4
206,2023-01-11,147,14,1,1219,1,108960,108960,Teléfono,Cheque,ARS,2023,1
207,2023-04-22,393,53,4,1082,1,4436590,4436590,Online,Tarjeta débito,ARS,2023,4
208,2024-06-28,697,32,1,1190,1,3439180,3439180,Mostrador,Transferencia,USD,2024,6
209,2023-01-06,232,52,1,1234,1,35410,35410,Campo,Cheque,USD,2023,1
210,2023-06-26,101,29,3,1176,2,183300,366600,Online,Tarjeta crédito,USD,2023,6
211,2024-02-23,147,38,4,1232,1,4724460,4724460,Campo,Transferencia,USD,2024,2
212,2024-07-30,717,2,1,1063,1,1597700,1597700,Campo,Tarjeta débito,ARS,2024,7
213,2024-06-16,507,35,1,1237,2,5335100,10670200,Online,Tarjeta crédito,USD,2024,6
214,2023-09-04,46,10,3,1033,2,331820,663640,Teléfono,Cheque,USD,2023,9
215,2024-08-21,104,36,4,1213,1,6057650,6057650,Online,Tarjeta crédito,ARS,2024,8
216,2023-09-18,336,57,4,1060,1,201570,201570,Mostrador,Tarjeta crédito,ARS,2023,9
217,2023-11-14,222,17,3,1002,3,313430,940290,Teléfono,Cheque,ARS,2023,11
218,2024-09-27,444,30,1,1057,1,3597380,3597380,Teléfono,Tarjeta débito,USD,2024,9
219,2024-06-13,118,34,2,1085,5,264390,1321950,Online,Cheque,ARS,2024,6
220,2024-11-20,517,32,1,1287,2,372790,745580,Campo,Transferencia,ARS,2024,11
221,2024-06-22,929,38,4,1138,1,69610,69610,Campo,Tarjeta débito,USD,2024,6
222,2024-03-16,723,6,4,1279,1,4156370,4156370,Online,Tarjeta crédito,USD,2024,3
223,2023-04-13,55,33,4,1214,1,176180,176180,Campo,Cheque,ARS,2023,4
224,2023-11-25,19,47,1,1239,5,212270,1061350,Campo,Efectivo,ARS,2023,11
225,2023-10-18,88,30,1,1285,4,274530,1098120,Mostrador,Efectivo,ARS,2023,10
226,2023-09-25,247,8,2,1031,1,268610,268610,Online,Efectivo,USD,2023,9
227,2024-12-24,629,36,4,1206,1,22180,22180,Online,Tarjeta crédito,ARS,2024,12
228,2023-12-02,170,9,4,1274,5,83850,419250,Online,Cheque,ARS,2023,12
229,2024-12-02,485,21,1,1011,1,3917190,3917190,Mostrador,Tarjeta débito,USD,2024,12
230,2024-05-24,662,16,1,1047,2,110950,221900,Campo,Efectivo,ARS,2024,5
231,2024-11-05,295,59,2,1003,5,5951640,29758200,Campo,Cheque,USD,2024,11
232,2024-01-04,720,19,1,1130,4,417860,1671440,Mostrador,Tarjeta débito,ARS,2024,1
233,2024-03-25,381,9,4,1072,4,113070,452280,Teléfono,Cheque,ARS,2024,3
234,2023-12-30,283,28,2,1159,5,3841200,19206000,Mostrador,Tarjeta crédito,USD,2023,12
235,2023-08-03,332,46,4,1130,5,368020,1840100,Teléfono,Efectivo,USD,2023,8
236,2024-09-01,686,3,3,1022,1,5375620,5375620,Mostrador,Transferencia,USD,2024,9
237,2023-11-02,127,46,4,1135,4,389150,1556600,Mostrador,Transferencia,USD,2023,11
238,2023-01-27,156,14,1,1020,1,348550,348550,Mostrador,Tarjeta crédito,USD,2023,1
239,2024-06-09,180,57,4,1220,1,412250,412250,Campo,Efectivo,ARS,2024,6
240,2023-07-14,378,15,1,1103,1,169090,169090,Mostrador,Transferencia,ARS,2023,7
241,2024-12-15,914,7,2,1130,5,4688400,23442000,Online,Cheque,USD,2024,12
242,2024-12-19,87,47,1,1032,4,156070,624280,Online,Tarjeta crédito,USD,2024,12
243,2024-12-08,406,22,2,1090,3,375520,1126560,Online,Tarjeta débito,ARS,2024,12
244,2023-11-26,324,15,1,1259,1,290720,290720,Teléfono,Transferencia,USD,2023,11
245,2023-01-17,267,52,1,1298,1,6616930,6616930,Online,Transferencia,USD,2023,1
246,2024-12-12,594,57,4,1103,1,66940,66940,Teléfono,Tarjeta crédito,USD,2024,12
247,2023-12-12,64,52,1,1249,4,5113320,20453280,Teléfono,Tarjeta débito,USD,2023,12
248,2024-12-22,119,57,4,1173,4,3241190,12964760,Campo,Transferencia,USD,2024,12
249,2024-12-22,967,36,4,1047,1,126780,126780,Campo,Transferencia,USD,2024,12
250,2024-11-21,341,14,1,1197,1,42700,42700,Campo,Cheque,USD,2024,11
251,2023-11-05,313,40,4,1034,5,4432020,22160100,Campo,Cheque,ARS,2023,11
252,2023-11-30,163,52,1,1254,1,2715550,2715550,Campo,Efectivo,USD,2023,11
253,2024-11-21,505,14,1,1248,2,54200,108400,Campo,Tarjeta débito,ARS,2024,11
254,2023-11-11,293,15,1,1042,3,263980,791940,Campo,Efectivo,ARS,2023,11
255,2023-07-05,178,36,4,1289,5,2219520,11097600,Campo,Tarjeta débito,ARS,2023,7
256,2024-03-03,377,30,1,1123,1,140490,140490,Mostrador,Transferencia,ARS,2024,3
257,2024-12-14,542,60,3,1027,1,4372120,4372120,Campo,Tarjeta crédito,USD,2024,12
258,2024-08-03,401,45,2,1059,1,145750,145750,Online,Tarjeta débito,ARS,2024,8
259,2024-03-18,673,38,4,1147,3,189510,568530,Mostrador,Tarjeta débito,USD,2024,3
260,2023-04-17,400,47,1,1115,1,121250,121250,Online,Tarjeta débito,USD,2023,4
261,2024-05-06,399,1,4,1199,5,3539750,17698750,Mostrador,Efectivo,USD,2024,5
262,2024-12-29,909,4,4,1128,3,2165280,6495840,Mostrador,Tarjeta débito,ARS,2024,12
263,2023-06-03,3,38,4,1153,3,46080,138240,Campo,Tarjeta débito,ARS,2023,6
264,2024-01-21,24,40,4,1271,1,290780,290780,Online,Tarjeta crédito,ARS,2024,1
265,2024-11-28,919,13,4,1167,3,150540,451620,Teléfono,Tarjeta débito,ARS,2024,11
266,2024-09-21,59,35,1,1083,1,206390,206390,Campo,Transferencia,USD,2024,9
267,2024-08-04,749,59,2,1023,1,191470,191470,Mostrador,Tarjeta débito,USD,2024,8
268,2024-08-10,240,51,1,1011,1,118890,118890,Online,Tarjeta crédito,ARS,2024,8
269,2023-11-23,311,35,1,1187,1,296400,296400,Teléfono,Cheque,USD,2023,11
270,2023-11-05,321,56,2,1116,1,330540,330540,Teléfono,Transferencia,USD,2023,11
271,2024-11-09,672,47,1,1162,1,3313130,3313130,Online,Tarjeta crédito,USD,2024,11
272,2024-11-09,481,19,1,1103,3,3737150,11211450,Mostrador,Efectivo,USD,2024,11
273,2024-11-25,572,4,4,1243,1,52080,52080,Mostrador,Efectivo,USD,2024,11
274,2024-12-08,752,32,1,1007,1,247620,247620,Mostrador,Cheque,ARS,2024,12
275,2024-01-13,414,13,4,1172,4,228130,912520,Online,Transferencia,USD,2024,1
276,2024-01-03,322,22,2,1256,3,1732910,5198730,Mostrador,Tarjeta débito,USD,2024,1
277,2024-11-06,402,23,3,1247,1,6618570,6618570,Online,Tarjeta crédito,ARS,2024,11
278,2024-06-14,59,46,4,1192,1,171900,171900,Campo,Tarjeta crédito,USD,2024,6
279,2024-08-10,53,43,1,1114,1,4006550,4006550,Mostrador,Cheque,USD,2024,8
280,2024-11-05,64,2,1,1023,3,115820,347460,Online,Tarjeta crédito,ARS,2024,11
281,2024-12-01,633,16,1,1084,1,149200,149200,Teléfono,Cheque,USD,2024,12
282,2023-11-17,119,43,1,1276,3,369660,1108980,Teléfono,Tarjeta crédito,ARS,2023,11
283,2023-11-28,286,6,4,1136,2,133050,266100,Online,Tarjeta débito,ARS,2023,11
284,2023-04-14,18,40,4,1195,5,379480,1897400,Campo,Efectivo,USD,2023,4
285,2024-03-27,5,5,1,1258,4,4813870,19255480,Campo,Tarjeta crédito,ARS,2024,3
286,2023-02-09,325,43,1,1278,4,368730,1474920,Campo,Efectivo,ARS,2023,2
287,2023-12-22,392,43,1,1070,1,321740,321740,Online,Tarjeta crédito,USD,2023,12
288,2024-02-17,905,14,1,1036,1,2725540,2725540,Teléfono,Tarjeta débito,ARS,2024,2
289,2023-11-03,160,12,3,1108,5,383660,1918300,Teléfono,Transferencia,USD,2023,11
290,2024-04-10,888,51,1,1024,2,53140,106280,Teléfono,Transferencia,USD,2024,4
291,2023-02-03,142,55,2,1140,1,89400,89400,Campo,Cheque,USD,2023,2
292,2023-02-10,397,5,1,1022,5,36620,183100,Online,Tarjeta crédito,ARS,2023,2
293,2024-11-13,18,5,1,1167,1,362200,362200,Mostrador,Efectivo,ARS,2024,11
294,2023-11-23,68,6,4,1214,5,4001980,20009900,Mostrador,Cheque,USD,2023,11
295,2023-05-20,114,8,2,1204,1,127320,127320,Mostrador,Efectivo,ARS,2023,5
296,2024-01-25,534,57,4,1224,1,5368500,5368500,Campo,Tarjeta crédito,ARS,2024,1
297,2024-10-23,532,25,4,1223,1,110950,110950,Online,Cheque,USD,2024,10
298,2023-08-25,399,5,1,1081,1,5105280,5105280,Mostrador,Efectivo,ARS,2023,8
299,2024-05-15,775,2,1,1006,1,193860,193860,Teléfono,Cheque,USD,2024,5
300,2023-04-04,98,33,4,1191,1,33810,33810,Mostrador,Transferencia,ARS,2023,4
301,2023-02-26,105,38,4,1286,4,6256420,25025680,Campo,Tarjeta débito,USD,2023,2
302,2024-02-04,286,9,4,1147,4,5092720,20370880,Online,Efectivo,USD,2024,2
303,2024-02-15,5,5,1,1282,4,3015160,12060640,Online,Transferencia,ARS,2024,2
304,2024-05-31,129,9,4,1011,1,41130,41130,Teléfono,Cheque,USD,2024,5
305,2024-09-05,956,35,1,1276,1,332910,332910,Mostrador,Cheque,ARS,2024,9
306,2024-12-25,671,4,4,1056,1,2684080,2684080,Teléfono,Cheque,USD,2024,12
307,2024-01-19,763,40,4,1173,1,402530,402530,Teléfono,Tarjeta crédito,ARS,2024,1
308,2023-11-13,276,52,1,1212,1,292940,292940,Campo,Transferencia,ARS,2023,11
309,2024-11-05,83,13,4,1204,4,5118450,20473800,Campo,Tarjeta débito,ARS,2024,11
310,2023-10-25,320,20,1,1133,1,1911090,1911090,Mostrador,Tarjeta crédito,ARS,2023,10
311,2023-12-15,118,25,4,1248,3,37330,111990,Mostrador,Efectivo,USD,2023,12
312,2023-03-28,29,5,1,1084,2,3263130,6526260,Teléfono,Tarjeta débito,ARS,2023,3
313,2023-01-28,358,40,4,1266,4,6325750,25303000,Teléfono,Efectivo,USD,2023,1
314,2024-12-21,650,47,1,1022,4,124860,499440,Online,Transferencia,USD,2024,12
315,2024-11-17,157,9,4,1079,5,98420,492100,Mostrador,Transferencia,ARS,2024,11
316,2024-08-03,31,45,2,1024,1,283320,283320,Campo,Tarjeta crédito,ARS,2024,8
317,2023-12-07,331,56,2,1194,1,90700,90700,Campo,Tarjeta débito,ARS,2023,12
318,2023-07-10,286,52,1,1096,1,2972850,2972850,Campo,Cheque,ARS,2023,7
319,2023-06-21,153,57,4,1263,3,2095650,6286950,Online,Efectivo,USD,2023,6
320,2023-10-02,336,49,1,1072,5,77660,388300,Campo,Efectivo,USD,2023,10
321,2024-02-24,570,39,2,1243,1,1892850,1892850,Online,Tarjeta crédito,USD,2024,2
322,2024-08-23,313,20,1,1038,3,6684510,20053530,Campo,Tarjeta crédito,ARS,2024,8
323,2024-06-25,599,46,4,1089,2,237770,475540,Online,Efectivo,USD,2024,6
324,2023-11-01,123,43,1,1028,5,370790,1853950,Online,Cheque,ARS,2023,11
325,2024-12-19,703,15,1,1092,1,4936520,4936520,Online,Transferencia,USD,2024,12
326,2024-09-18,865,2,1,1054,1,430330,430330,Teléfono,Efectivo,ARS,2024,9
327,2024-03-01,371,20,1,1159,3,158110,474330,Mostrador,Efectivo,ARS,2024,3
328,2024-05-03,805,19,1,1228,1,38880,38880,Mostrador,Efectivo,USD,2024,5
329,2023-12-10,314,45,2,1041,2,392510,785020,Mostrador,Cheque,USD,2023,12
330,2023-09-29,28,40,4,1037,3,40500,121500,Teléfono,Cheque,ARS,2023,9
331,2023-11-22,155,53,4,1125,1,85740,85740,Campo,Efectivo,ARS,2023,11
332,2024-10-10,966,17,3,1179,2,148110,296220,Online,Cheque,ARS,2024,10
333,2023-01-16,230,21,1,1201,1,2105670,2105670,Mostrador,Tarjeta débito,USD,2023,1
334,2023-05-08,37,38,4,1037,5,278970,1394850,Teléfono,Transferencia,USD,2023,5
335,2023-02-20,6,35,1,1101,1,147310,147310,Mostrador,Efectivo,ARS,2023,2
336,2023-02-14,318,57,4,1031,1,3315170,3315170,Campo,Tarjeta débito,ARS,2023,2
337,2024-11-22,225,21,1,1190,1,370830,370830,Online,Efectivo,ARS,2024,11
338,2024-08-11,33,52,1,1146,2,3218220,6436440,Mostrador,Efectivo,USD,2024,8
339,2023-12-25,89,30,1,1090,2,5747740,11495480,Mostrador,Transferencia,ARS,2023,12
340,2023-04-18,334,1,4,1006,3,3079640,9238920,Teléfono,Cheque,ARS,2023,4
341,2023-12-29,40,14,1,1139,2,45700,91400,Mostrador,Transferencia,ARS,2023,12
342,2023-12-24,169,41,3,1095,1,1522790,1522790,Online,Cheque,ARS,2023,12
343,2023-07-10,375,43,1,1119,1,1759450,1759450,Teléfono,Tarjeta débito,ARS,2023,7
344,2023-12-13,298,40,4,1120,1,133060,133060,Online,Transferencia,ARS,2023,12
345,2023-12-04,393,25,4,1123,5,4252550,21262750,Online,Tarjeta débito,USD,2023,12
346,2024-05-07,18,47,1,1285,3,264050,792150,Teléfono,Efectivo,USD,2024,5
347,2024-05-28,527,26,2,1179,5,4303630,21518150,Campo,Tarjeta crédito,ARS,2024,5
348,2023-02-19,132,33,4,1164,2,134770,269540,Mostrador,Cheque,USD,2023,2
349,2023-11-27,290,54,2,1007,1,273210,273210,Online,Efectivo,ARS,2023,11
350,2024-05-18,830,7,2,1110,1,26180,26180,Teléfono,Tarjeta débito,USD,2024,5
351,2024-01-04,806,41,3,1127,5,191530,957650,Teléfono,Cheque,ARS,2024,1
352,2024-11-22,209,13,4,1077,4,4436590,17746360,Campo,Tarjeta débito,USD,2024,11
353,2024-06-23,327,49,1,1234,1,5802720,5802720,Campo,Transferencia,USD,2024,6
354,2023-06-28,279,9,4,1228,4,88180,352720,Mostrador,Efectivo,USD,2023,6
355,2023-03-19,382,43,1,1074,1,28440,28440,Mostrador,Tarjeta crédito,ARS,2023,3
356,2024-06-05,788,2,1,1271,4,63910,255640,Teléfono,Tarjeta débito,ARS,2024,6
357,2023-01-30,309,38,4,1017,1,304930,304930,Online,Tarjeta débito,ARS,2023,1
358,2024-04-04,898,19,1,1120,3,428900,1286700,Campo,Transferencia,USD,2024,4
359,2024-12-15,277,51,1,1035,1,139670,139670,Online,Transferencia,ARS,2024,12
360,2024-03-24,76,42,3,1207,3,358420,1075260,Campo,Cheque,USD,2024,3
361,2023-12-01,298,6,4,1270,3,321390,964170,Online,Transferencia,USD,2023,12
362,2024-06-06,825,40,4,1093,3,2676580,8029740,Campo,Tarjeta débito,USD,2024,6
363,2023-12-20,378,40,4,1177,2,5306040,10612080,Online,Cheque,ARS,2023,12
364,2024-02-20,433,13,4,1274,1,3248300,3248300,Campo,Tarjeta crédito,USD,2024,2
365,2024-12-15,859,52,1,1179,3,5247620,15742860,Campo,Tarjeta crédito,USD,2024,12
366,2023-11-30,112,19,1,1129,1,2686700,2686700,Online,Cheque,ARS,2023,11
367,2024-12-21,778,9,4,1125,2,142420,284840,Teléfono,Efectivo,USD,2024,12
368,2024-12-06,72,52,1,1027,1,6444760,6444760,Mostrador,Tarjeta débito,ARS,2024,12
369,2023-08-03,317,31,3,1064,1,2409720,2409720,Online,Tarjeta débito,ARS,2023,8
370,2023-03-18,21,31,3,1060,1,79370,79370,Teléfono,Tarjeta crédito,ARS,2023,3
371,2023-04-21,188,43,1,1219,1,340410,340410,Campo,Cheque,USD,2023,4
372,2023-01-20,121,25,4,1217,1,242270,242270,Campo,Efectivo,ARS,2023,1
373,2023-04-14,342,39,2,1169,1,4130710,4130710,Mostrador,Tarjeta crédito,USD,2023,4
374,2024-07-20,653,8,2,1149,2,286080,572160,Online,Cheque,USD,2024,7
375,2023-03-20,304,57,4,1270,4,4417730,17670920,Mostrador,Tarjeta débito,ARS,2023,3
376,2023-11-12,204,39,2,1116,1,342600,342600,Online,Efectivo,USD,2023,11
377,2024-11-19,721,20,1,1245,2,6445280,12890560,Teléfono,Tarjeta débito,ARS,2024,11
378,2023-01-26,9,8,2,1148,1,137890,137890,Teléfono,Tarjeta crédito,ARS,2023,1
379,2024-11-11,185,6,4,1092,1,114180,114180,Online,Tarjeta débito,USD,2024,11
380,2023-11-02,369,6,4,1085,1,3120730,3120730,Online,Tarjeta débito,USD,2023,11
381,2023-05-10,376,1,4,1087,2,397900,795800,Mostrador,Cheque,ARS,2023,5
382,2024-08-04,808,1,4,1120,1,297030,297030,Teléfono,Cheque,USD,2024,8
383,2024-05-21,332,32,1,1127,3,5079250,15237750,Teléfono,Cheque,ARS,2024,5
384,2024-11-28,713,40,4,1024,1,322000,322000,Campo,Transferencia,ARS,2024,11
385,2024-09-15,576,25,4,1089,2,122400,244800,Campo,Transferencia,USD,2024,9
386,2024-11-08,350,30,1,1037,1,166010,166010,Campo,Tarjeta débito,USD,2024,11
387,2023-11-02,326,30,1,1109,1,239430,239430,Campo,Cheque,ARS,2023,11
388,2023-07-14,320,40,4,1271,2,126460,252920,Campo,Efectivo,USD,2023,7
389,2024-10-02,537,57,4,1012,1,5283390,5283390,Campo,Tarjeta débito,USD,2024,10
390,2024-11-09,412,1,4,1095,4,2568600,10274400,Campo,Tarjeta débito,ARS,2024,11
391,2024-12-29,906,46,4,1031,1,204960,204960,Mostrador,Cheque,ARS,2024,12
392,2023-12-08,156,39,2,1244,4,238470,953880,Campo,Tarjeta débito,USD,2023,12
393,2023-11-27,221,12,3,1233,1,238920,238920,Teléfono,Transferencia,ARS,2023,11
394,2024-10-30,804,55,2,1127,2,4362920,8725840,Campo,Cheque,USD,2024,10
395,2023-11-18,139,14,1,1104,1,2842030,2842030,Mostrador,Cheque,USD,2023,11
396,2024-12-13,533,36,4,1300,1,1578510,1578510,Online,Cheque,USD,2024,12
397,2024-11-23,502,54,2,1286,1,108450,108450,Online,Transferencia,USD,2024,11
398,2023-12-12,154,24,3,1035,5,2658580,13292900,Mostrador,Tarjeta débito,USD,2023,12
399,2024-10-02,914,26,2,1021,1,3751130,3751130,Online,Efectivo,USD,2024,10
400,2024-10-06,68,26,2,1111,1,39820,39820,Mostrador,Efectivo,ARS,2024,10
401,2023-04-24,41,52,1,1155,2,83260,166520,Teléfono,Transferencia,USD,2023,4
402,2024-12-05,527,52,1,1007,4,177660,710640,Mostrador,Tarjeta débito,USD,2024,12
403,2024-01-07,791,19,1,1145,1,155580,155580,Campo,Cheque,USD,2024,1
404,2024-11-14,169,19,1,1012,2,5351480,10702960,Teléfono,Efectivo,ARS,2024,11
405,2023-11-12,134,6,4,1244,3,336750,1010250,Teléfono,Cheque,ARS,2023,11
406,2024-12-03,711,51,1,1146,3,397900,1193700,Mostrador,Cheque,USD,2024,12
407,2023-12-01,238,5,1,1239,3,2392200,7176600,Teléfono,Cheque,USD,2023,12
408,2023-01-12,112,37,3,1092,1,4138000,4138000,Mostrador,Tarjeta débito,ARS,2023,1
409,2024-12-06,463,29,3,1116,3,41170,123510,Teléfono,Tarjeta débito,ARS,2024,12
410,2023-04-11,52,43,1,1197,2,3216330,6432660,Campo,Transferencia,USD,2023,4
411,2023-11-12,137,40,4,1115,1,3506910,3506910,Online,Tarjeta débito,ARS,2023,11
412,2024-12-18,255,57,4,1015,1,424170,424170,Mostrador,Tarjeta crédito,USD,2024,12
413,2024-12-18,627,21,1,1272,1,2191150,2191150,Online,Efectivo,ARS,2024,12
414,2024-03-22,158,35,1,1022,1,413590,413590,Campo,Tarjeta crédito,USD,2024,3
415,2024-05-25,300,53,4,1118,1,4161610,4161610,Mostrador,Tarjeta crédito,ARS,2024,5
416,2023-12-17,264,38,4,1095,2,44560,89120,Mostrador,Tarjeta débito,USD,2023,12
417,2023-11-05,355,27,4,1257,1,4372740,4372740,Teléfono,Efectivo,USD,2023,11
418,2023-11-15,307,43,1,1258,2,223530,447060,Online,Tarjeta crédito,ARS,2023,11
419,2024-07-08,99,16,1,1262,4,318190,1272760,Teléfono,Tarjeta débito,USD,2024,7
420,2024-10-04,121,11,3,1087,5,3086010,15430050,Online,Tarjeta débito,USD,2024,10
421,2024-11-04,602,5,1,1228,4,19260,77040,Campo,Transferencia,ARS,2024,11
422,2024-11-04,30,55,2,1058,3,172380,517140,Online,Tarjeta débito,USD,2024,11
423,2023-04-11,230,12,3,1230,1,139670,139670,Online,Cheque,USD,2023,4
424,2023-12-30,139,21,1,1108,5,170850,854250,Mostrador,Efectivo,ARS,2023,12
425,2023-03-05,254,53,4,1019,5,157350,786750,Online,Tarjeta crédito,USD,2023,3
426,2024-02-24,404,40,4,1141,1,343610,343610,Teléfono,Transferencia,ARS,2024,2
427,2023-12-16,31,51,1,1160,1,318120,318120,Mostrador,Cheque,ARS,2023,12
428,2024-12-01,162,27,4,1100,1,4770320,4770320,Teléfono,Efectivo,USD,2024,12
429,2023-11-21,396,43,1,1265,5,38880,194400,Campo,Tarjeta débito,USD,2023,11
430,2023-05-09,156,33,4,1238,1,140780,140780,Campo,Cheque,ARS,2023,5
431,2023-06-06,323,16,1,1238,5,165450,827250,Online,Cheque,ARS,2023,6
432,2024-10-14,629,5,1,1049,3,274530,823590,Mostrador,Efectivo,USD,2024,10
433,2024-05-10,191,50,3,1165,1,147850,147850,Online,Tarjeta crédito,USD,2024,5
434,2023-04-21,176,59,2,1287,2,300500,601000,Teléfono,Tarjeta débito,USD,2023,4
435,2023-04-03,5,38,4,1059,1,170090,170090,Mostrador,Transferencia,USD,2023,4
436,2024-08-08,845,32,1,1183,1,1993230,1993230,Campo,Tarjeta débito,ARS,2024,8
437,2023-03-21,12,32,1,1147,1,365680,365680,Online,Tarjeta débito,ARS,2023,3
438,2024-11-13,571,56,2,1085,4,199180,796720,Campo,Tarjeta débito,USD,2024,11
439,2024-08-14,833,55,2,1096,2,3693440,7386880,Mostrador,Transferencia,ARS,2024,8
440,2023-03-31,308,32,1,1043,1,44230,44230,Campo,Efectivo,ARS,2023,3
441,2023-04-04,299,53,4,1257,1,272430,272430,Mostrador,Efectivo,ARS,2023,4
442,2024-12-28,762,4,4,1213,3,3297010,9891030,Campo,Tarjeta débito,USD,2024,12
443,2023-11-27,339,6,4,1189,5,2070350,10351750,Campo,Tarjeta crédito,USD,2023,11
444,2023-11-26,93,57,4,1131,1,57450,57450,Teléfono,Tarjeta crédito,USD,2023,11
445,2024-11-10,319,52,1,1048,1,41590,41590,Online,Tarjeta crédito,ARS,2024,11
446,2024-12-17,111,57,4,1300,1,3539110,3539110,Mostrador,Transferencia,USD,2024,12
447,2024-12-28,818,52,1,1289,1,285170,285170,Campo,Transferencia,USD,2024,12
448,2024-10-05,880,9,4,1137,1,212270,212270,Teléfono,Transferencia,USD,2024,10
449,2023-11-28,295,54,2,1030,3,321650,964950,Campo,Efectivo,ARS,2023,11
450,2023-04-02,336,53,4,1146,1,245000,245000,Campo,Cheque,ARS,2023,4
451,2024-10-31,17,40,4,1110,1,4944940,4944940,Teléfono,Transferencia,USD,2024,10
452,2024-03-05,220,27,4,1105,3,48760,146280,Teléfono,Cheque,USD,2024,3
453,2023-12-11,299,38,4,1287,5,312740,1563700,Teléfono,Tarjeta débito,ARS,2023,12
454,2024-12-06,305,46,4,1191,4,160380,641520,Campo,Efectivo,ARS,2024,12
455,2023-05-02,5,1,4,1178,1,6444760,6444760,Online,Tarjeta débito,USD,2023,5
456,2023-12-30,129,34,2,1133,1,31500,31500,Mostrador,Cheque,USD,2023,12
457,2023-01-13,323,47,1,1239,4,2585410,10341640,Mostrador,Transferencia,ARS,2023,1
458,2023-12-23,112,52,1,1001,2,3315170,6630340,Mostrador,Tarjeta crédito,USD,2023,12
459,2023-03-03,24,52,1,1110,1,272000,272000,Teléfono,Tarjeta crédito,USD,2023,3
460,2023-05-11,29,34,2,1242,1,205820,205820,Teléfono,Tarjeta crédito,USD,2023,5
461,2023-05-09,399,45,2,1275,1,346460,346460,Mostrador,Transferencia,ARS,2023,5
462,2024-06-13,132,8,2,1234,1,4085060,4085060,Teléfono,Tarjeta crédito,ARS,2024,6
463,2024-09-27,556,4,4,1064,1,4019840,4019840,Mostrador,Tarjeta crédito,USD,2024,9
464,2024-04-01,321,1,4,1244,2,2118770,4237540,Mostrador,Cheque,USD,2024,4
465,2024-12-21,497,14,1,1053,1,1730000,1730000,Campo,Tarjeta débito,ARS,2024,12
466,2023-11-27,376,20,1,1262,1,143310,143310,Campo,Efectivo,USD,2023,11
467,2023-11-03,207,52,1,1017,4,5447010,21788040,Mostrador,Tarjeta débito,USD,2023,11
468,2024-11-25,382,51,1,1218,5,2539510,12697550,Teléfono,Tarjeta crédito,ARS,2024,11
469,2023-09-03,216,33,4,1234,1,110860,110860,Teléfono,Tarjeta débito,ARS,2023,9
470,2024-12-21,756,39,2,1073,2,5228880,10457760,Online,Transferencia,ARS,2024,12
471,2023-01-14,31,29,3,1091,5,266740,1333700,Teléfono,Cheque,ARS,2023,1
472,2024-12-23,916,33,4,1006,5,2621520,13107600,Mostrador,Cheque,USD,2024,12
473,2023-02-17,266,33,4,1198,1,234990,234990,Online,Tarjeta crédito,ARS,2023,2
474,2024-12-02,11,35,1,1196,1,4321570,4321570,Campo,Transferencia,ARS,2024,12
475,2024-01-31,82,4,4,1296,5,2280750,11403750,Teléfono,Transferencia,USD,2024,1
476,2024-12-30,994,2,1,1048,5,348550,1742750,Online,Efectivo,ARS,2024,12
477,2023-03-22,156,19,1,1230,3,204960,614880,Teléfono,Efectivo,ARS,2023,3
478,2024-02-29,166,20,1,1137,5,3601310,18006550,Online,Transferencia,USD,2024,2
479,2024-12-23,208,34,2,1267,1,4459670,4459670,Online,Cheque,USD,2024,12
480,2024-01-26,24,20,1,1116,4,204470,817880,Campo,Cheque,USD,2024,1
481,2024-05-22,807,21,1,1043,1,369770,369770,Campo,Efectivo,USD,2024,5
482,2024-08-03,887,4,4,1231,1,2219520,2219520,Teléfono,Cheque,USD,2024,8
483,2023-12-19,179,1,4,1058,1,3922390,3922390,Teléfono,Tarjeta crédito,ARS,2023,12
484,2024-05-20,332,32,1,1206,1,61240,61240,Teléfono,Cheque,ARS,2024,5
485,2024-04-02,562,21,1,1294,2,3704040,7408080,Online,Tarjeta crédito,USD,2024,4
486,2024-12-04,519,33,4,1094,2,331820,663640,Campo,Tarjeta crédito,USD,2024,12
487,2023-02-19,100,49,1,1036,4,2298090,9192360,Campo,Tarjeta débito,USD,2023,2
488,2023-11-02,81,33,4,1230,1,160960,160960,Teléfono,Efectivo,ARS,2023,11
489,2024-12-18,241,58,3,1227,1,3450150,3450150,Campo,Transferencia,USD,2024,12
490,2024-12-01,836,49,1,1183,1,3732180,3732180,Campo,Tarjeta débito,USD,2024,12
491,2023-12-19,181,32,1,1262,1,4267580,4267580,Teléfono,Tarjeta crédito,ARS,2023,12
492,2024-05-12,293,20,1,1131,5,6542540,32712700,Teléfono,Transferencia,ARS,2024,5
493,2023-11-01,83,5,1,1065,1,81680,81680,Online,Tarjeta débito,ARS,2023,11
494,2023-07-26,54,15,1,1186,1,298170,298170,Mostrador,Efectivo,ARS,2023,7
495,2023-12-22,90,29,3,1117,1,4952310,4952310,Teléfono,Efectivo,USD,2023,12
496,2023-11-21,203,21,1,1186,1,2009050,2009050,Campo,Tarjeta crédito,ARS,2023,11
497,2024-04-02,543,26,2,1274,1,1539840,1539840,Online,Tarjeta crédito,ARS,2024,4
498,2023-03-27,193,58,3,1151,2,301010,602020,Online,Cheque,ARS,2023,3
499,2024-12-24,488,19,1,1151,1,3979270,3979270,Online,Tarjeta crédito,ARS,2024,12
500,2024-12-28,612,35,1,1036,5,327970,1639850,Mostrador,Cheque,USD,2024,12
501,2024-08-05,349,30,1,1216,1,2165280,2165280,Teléfono,Tarjeta débito,ARS,2024,8
502,2024-02-10,89,2,1,1095,5,284250,1421250,Mostrador,Tarjeta débito,USD,2024,2
503,2023-11-09,123,25,4,1134,1,274400,274400,Online,Tarjeta crédito,ARS,2023,11
504,2024-11-10,374,35,1,1162,3,264050,792150,Online,Efectivo,ARS,2024,11
505,2024-07-22,47,9,4,1044,3,362130,1086390,Teléfono,Cheque,USD,2024,7
506,2023-06-28,146,14,1,1300,4,57450,229800,Mostrador,Tarjeta débito,USD,2023,6
507,2024-12-07,3,28,2,1283,4,120190,480760,Online,Tarjeta crédito,ARS,2024,12
508,2024-11-13,530,54,2,1240,4,424740,1698960,Mostrador,Efectivo,USD,2024,11
509,2024-12-18,314,40,4,1052,4,5743060,22972240,Campo,Cheque,USD,2024,12
510,2024-09-05,327,21,1,1281,4,5156140,20624560,Campo,Tarjeta crédito,ARS,2024,9
511,2024-05-04,988,51,1,1074,5,2669090,13345450,Teléfono,Cheque,USD,2024,5
512,2023-12-09,81,31,3,1295,4,5815540,23262160,Teléfono,Cheque,USD,2023,12
513,2024-12-13,153,19,1,1238,3,1990830,5972490,Online,Efectivo,USD,2024,12
514,2024-11-25,402,2,1,1167,2,54550,109100,Mostrador,Transferencia,USD,2024,11
515,2023-02-19,308,18,3,1140,2,4560120,9120240,Mostrador,Cheque,USD,2023,2
516,2023-01-29,299,39,2,1139,1,2421140,2421140,Online,Transferencia,ARS,2023,1
517,2023-11-28,67,42,3,1235,2,5192580,10385160,Campo,Tarjeta débito,USD,2023,11
518,2024-11-10,89,34,2,1003,2,241100,482200,Campo,Tarjeta crédito,USD,2024,11
519,2024-12-28,135,6,4,1256,3,160380,481140,Online,Tarjeta débito,ARS,2024,12
520,2023-06-15,367,40,4,1278,1,5511660,5511660,Teléfono,Cheque,ARS,2023,6
521,2024-04-13,202,48,2,1004,1,220740,220740,Online,Transferencia,ARS,2024,4
522,2023-11-29,179,53,4,1270,1,128600,128600,Teléfono,Cheque,ARS,2023,11
523,2024-12-23,339,38,4,1212,5,3764580,18822900,Campo,Efectivo,USD,2024,12
524,2024-11-18,79,32,1,1216,1,48960,48960,Campo,Tarjeta débito,ARS,2024,11
525,2024-11-17,597,15,1,1270,4,138990,555960,Mostrador,Tarjeta crédito,USD,2024,11
526,2023-12-23,21,13,4,1016,2,199750,399500,Mostrador,Cheque,USD,2023,12
527,2023-12-08,378,23,3,1064,4,3489360,13957440,Online,Transferencia,ARS,2023,12
528,2023-10-27,165,16,1,1239,3,181090,543270,Campo,Efectivo,USD,2023,10
529,2023-03-03,28,53,4,1016,1,176080,176080,Teléfono,Tarjeta débito,ARS,2023,3
530,2024-11-24,749,2,1,1052,1,181940,181940,Online,Tarjeta crédito,ARS,2024,11
531,2024-11-10,800,38,4,1019,1,133320,133320,Campo,Tarjeta débito,ARS,2024,11
532,2024-12-31,697,1,4,1164,1,396300,396300,Teléfono,Transferencia,USD,2024,12
533,2024-12-31,937,33,4,1093,1,2283570,2283570,Mostrador,Efectivo,ARS,2024,12
534,2024-03-02,822,15,1,1261,1,82930,82930,Campo,Tarjeta crédito,USD,2024,3
535,2024-10-22,155,17,3,1298,1,445750,445750,Teléfono,Efectivo,ARS,2024,10
536,2024-12-16,123,19,1,1017,5,307130,1535650,Online,Tarjeta débito,ARS,2024,12
537,2024-11-20,599,19,1,1111,4,23360,93440,Mostrador,Tarjeta débito,ARS,2024,11
538,2023-09-29,202,32,1,1104,1,137230,137230,Teléfono,Transferencia,USD,2023,9
539,2023-12-18,40,31,3,1094,3,4153490,12460470,Teléfono,Cheque,ARS,2023,12
540,2023-05-22,169,34,2,1010,1,4582670,4582670,Teléfono,Efectivo,USD,2023,5
541,2024-12-19,70,32,1,1212,4,402530,1610120,Mostrador,Transferencia,USD,2024,12
542,2024-04-26,792,31,3,1237,5,1589130,7945650,Online,Tarjeta débito,USD,2024,4
543,2023-09-08,330,13,4,1254,1,206550,206550,Teléfono,Cheque,USD,2023,9
544,2024-07-07,440,46,4,1016,2,3053190,6106380,Mostrador,Transferencia,USD,2024,7
545,2024-05-10,399,33,4,1144,1,199390,199390,Mostrador,Efectivo,ARS,2024,5
546,2023-11-23,354,15,1,1042,1,4332850,4332850,Teléfono,Transferencia,USD,2023,11
547,2023-05-05,328,53,4,1003,1,337930,337930,Online,Transferencia,ARS,2023,5
548,2024-07-07,498,38,4,1156,1,379480,379480,Mostrador,Transferencia,ARS,2024,7
549,2024-01-23,419,32,1,1173,1,355400,355400,Campo,Tarjeta débito,USD,2024,1
550,2024-10-26,503,52,1,1024,3,362270,1086810,Teléfono,Transferencia,ARS,2024,10
551,2024-01-23,539,14,1,1275,1,108240,108240,Mostrador,Transferencia,ARS,2024,1
552,2024-11-21,345,19,1,1075,2,379100,758200,Teléfono,Tarjeta débito,ARS,2024,11
553,2024-02-27,643,29,3,1040,1,32090,32090,Campo,Transferencia,ARS,2024,2
554,2024-03-08,789,44,3,1218,5,4147250,20736250,Mostrador,Tarjeta débito,ARS,2024,3
555,2024-11-28,377,33,4,1040,1,2000950,2000950,Teléfono,Tarjeta débito,ARS,2024,11
556,2023-12-05,295,54,2,1062,1,136040,136040,Online,Tarjeta débito,ARS,2023,12
557,2023-05-28,288,21,1,1238,1,82270,82270,Online,Efectivo,ARS,2023,5
558,2023-02-01,254,6,4,1245,1,5615580,5615580,Teléfono,Tarjeta débito,USD,2023,2
559,2024-10-07,434,2,1,1018,1,439420,439420,Mostrador,Tarjeta débito,ARS,2024,10
560,2024-05-12,501,6,4,1140,2,2869790,5739580,Online,Tarjeta crédito,USD,2024,5
561,2024-08-12,85,49,1,1082,4,6034910,24139640,Teléfono,Efectivo,USD,2024,8
562,2023-08-22,9,6,4,1189,1,58380,58380,Online,Cheque,USD,2023,8
563,2023-05-30,50,49,1,1108,4,2070350,8281400,Teléfono,Efectivo,ARS,2023,5
564,2023-01-16,1,43,1,1234,4,3048290,12193160,Teléfono,Transferencia,USD,2023,1
565,2023-11-21,4,19,1,1268,1,5376270,5376270,Mostrador,Tarjeta débito,ARS,2023,11
566,2024-04-09,516,53,4,1104,4,100580,402320,Online,Cheque,USD,2024,4
567,2023-12-02,90,6,4,1134,1,2997290,2997290,Mostrador,Tarjeta crédito,ARS,2023,12
568,2023-12-14,162,5,1,1204,5,4426090,22130450,Campo,Efectivo,USD,2023,12
569,2024-12-05,667,46,4,1033,1,2426090,2426090,Campo,Cheque,ARS,2024,12
570,2023-11-20,15,50,3,1237,2,209730,419460,Campo,Efectivo,USD,2023,11
571,2024-01-16,365,18,3,1285,3,4044120,12132360,Teléfono,Tarjeta crédito,ARS,2024,1
572,2024-11-02,544,13,4,1178,1,189370,189370,Teléfono,Transferencia,USD,2024,11
573,2023-12-03,63,43,1,1012,1,1765240,1765240,Campo,Tarjeta crédito,ARS,2023,12
574,2024-05-14,957,14,1,1229,1,138160,138160,Mostrador,Efectivo,ARS,2024,5
575,2024-11-24,364,27,4,1017,1,283630,283630,Mostrador,Tarjeta débito,USD,2024,11
576,2024-12-18,108,27,4,1269,1,352630,352630,Mostrador,Tarjeta crédito,USD,2024,12
577,2023-06-11,14,9,4,1131,1,3388920,3388920,Online,Efectivo,USD,2023,6
578,2024-12-11,23,38,4,1249,3,4722750,14168250,Teléfono,Tarjeta débito,ARS,2024,12
579,2023-12-29,111,5,1,1058,5,2685830,13429150,Online,Tarjeta débito,USD,2023,12
580,2023-10-11,321,4,4,1004,1,2380030,2380030,Online,Tarjeta débito,USD,2023,10
581,2023-12-20,160,47,1,1236,1,318340,318340,Teléfono,Transferencia,ARS,2023,12
582,2024-12-26,41,46,4,1173,4,184170,736680,Online,Efectivo,USD,2024,12
583,2023-12-30,282,45,2,1230,5,2949470,14747350,Online,Transferencia,ARS,2023,12
584,2023-11-15,304,26,2,1036,4,2397160,9588640,Mostrador,Transferencia,USD,2023,11
585,2024-05-26,969,39,2,1279,2,2488850,4977700,Teléfono,Tarjeta crédito,ARS,2024,5
586,2023-09-21,144,14,1,1237,2,49870,99740,Online,Cheque,USD,2023,9
587,2023-03-25,288,30,1,1275,1,407560,407560,Online,Tarjeta crédito,ARS,2023,3
588,2023-05-22,394,38,4,1296,1,323610,323610,Campo,Tarjeta crédito,USD,2023,5
589,2023-05-21,153,36,4,1104,5,1965460,9827300,Mostrador,Transferencia,USD,2023,5
590,2023-06-16,82,20,1,1058,1,3167070,3167070,Online,Efectivo,ARS,2023,6
591,2023-06-02,365,27,4,1018,1,4292750,4292750,Online,Efectivo,ARS,2023,6
592,2024-06-04,738,60,3,1036,3,413590,1240770,Online,Transferencia,USD,2024,6
593,2023-07-19,152,32,1,1129,1,275040,275040,Mostrador,Efectivo,ARS,2023,7
594,2023-11-19,259,21,1,1001,1,1983710,1983710,Teléfono,Tarjeta débito,USD,2023,11
595,2024-12-03,830,4,4,1064,5,355390,1776950,Campo,Efectivo,USD,2024,12
596,2023-12-24,79,33,4,1062,1,240450,240450,Campo,Tarjeta crédito,ARS,2023,12
597,2024-07-03,707,55,2,1258,3,254680,764040,Teléfono,Cheque,ARS,2024,7
598,2023-07-09,223,42,3,1146,2,395790,791580,Teléfono,Efectivo,ARS,2023,7
599,2023-07-30,266,5,1,1272,1,300230,300230,Mostrador,Tarjeta débito,ARS,2023,7
600,2023-02-14,230,7,2,1017,3,1931650,5794950,Online,Efectivo,USD,2023,2
601,2023-07-05,150,52,1,1280,1,2488590,2488590,Teléfono,Cheque,ARS,2023,7
602,2023-11-01,398,52,1,1098,1,1927480,1927480,Online,Cheque,USD,2023,11
603,2023-07-14,136,37,3,1227,2,79500,159000,Teléfono,Efectivo,USD,2023,7
604,2023-04-08,123,33,4,1243,5,204080,1020400,Teléfono,Tarjeta débito,USD,2023,4
605,2023-05-13,358,15,1,1201,5,45870,229350,Mostrador,Efectivo,USD,2023,5
606,2023-12-21,399,51,1,1179,1,2544770,2544770,Mostrador,Tarjeta débito,ARS,2023,12
607,2023-08-15,110,37,3,1270,2,66860,133720,Campo,Efectivo,ARS,2023,8
608,2023-11-24,143,38,4,1234,3,31560,94680,Mostrador,Transferencia,USD,2023,11
609,2024-01-05,948,25,4,1112,2,237870,475740,Online,Efectivo,ARS,2024,1
610,2024-07-28,70,38,4,1066,3,4853650,14560950,Online,Tarjeta crédito,ARS,2024,7
611,2023-02-13,54,59,2,1242,1,103300,103300,Online,Tarjeta débito,USD,2023,2
612,2024-11-06,844,40,4,1128,3,175060,525180,Online,Tarjeta crédito,USD,2024,11
613,2024-05-20,938,32,1,1245,3,30030,90090,Online,Efectivo,ARS,2024,5
614,2023-03-31,40,2,1,1245,1,124260,124260,Mostrador,Tarjeta crédito,ARS,2023,3
615,2024-11-27,709,30,1,1072,1,44560,44560,Campo,Tarjeta débito,ARS,2024,11
616,2024-12-10,27,55,2,1049,1,355770,355770,Mostrador,Efectivo,ARS,2024,12
617,2023-03-09,330,27,4,1131,5,4722750,23613750,Mostrador,Efectivo,ARS,2023,3
618,2023-10-31,299,13,4,1190,1,2539510,2539510,Online,Tarjeta crédito,USD,2023,10
619,2024-11-08,692,19,1,1293,1,166370,166370,Teléfono,Efectivo,USD,2024,11
620,2024-09-29,558,14,1,1177,3,2841400,8524200,Campo,Tarjeta débito,USD,2024,9
621,2023-07-22,142,47,1,1161,3,48920,146760,Campo,Cheque,USD,2023,7
622,2023-08-18,320,30,1,1150,3,1589130,4767390,Online,Tarjeta débito,ARS,2023,8
623,2023-11-26,98,10,3,1070,5,3628370,18141850,Mostrador,Efectivo,ARS,2023,11
624,2023-12-27,126,46,4,1033,1,2043270,2043270,Teléfono,Tarjeta crédito,ARS,2023,12
625,2024-05-10,58,38,4,1284,1,131060,131060,Online,Tarjeta débito,ARS,2024,5
626,2023-11-26,177,60,3,1204,5,130180,650900,Mostrador,Cheque,USD,2023,11
627,2023-12-21,207,57,4,1260,1,154650,154650,Teléfono,Efectivo,ARS,2023,12
628,2024-09-28,285,7,2,1230,1,424170,424170,Teléfono,Tarjeta débito,USD,2024,9
629,2023-02-10,154,32,1,1077,1,281980,281980,Teléfono,Transferencia,ARS,2023,2
630,2023-10-04,27,8,2,1110,1,132020,132020,Teléfono,Tarjeta débito,ARS,2023,10
631,2024-08-22,451,34,2,1032,1,148250,148250,Campo,Cheque,ARS,2024,8
632,2024-12-03,323,25,4,1139,2,267120,534240,Campo,Tarjeta crédito,ARS,2024,12
633,2024-01-14,675,30,1,1035,4,3431260,13725040,Teléfono,Efectivo,USD,2024,1
634,2024-02-05,250,32,1,1235,3,194100,582300,Mostrador,Tarjeta débito,ARS,2024,2
635,2023-04-28,188,51,1,1006,1,3749650,3749650,Campo,Transferencia,ARS,2023,4
636,2023-12-17,370,9,4,1200,4,1555360,6221440,Teléfono,Cheque,USD,2023,12
637,2024-02-06,966,21,1,1164,1,271410,271410,Mostrador,Tarjeta débito,USD,2024,2
638,2023-09-23,334,9,4,1151,1,317850,317850,Online,Efectivo,ARS,2023,9
639,2023-10-23,90,6,4,1034,1,355940,355940,Campo,Efectivo,USD,2023,10
640,2023-11-28,131,15,1,1124,3,3675170,11025510,Mostrador,Tarjeta débito,USD,2023,11
641,2023-01-23,298,3,3,1032,3,310640,931920,Teléfono,Tarjeta débito,ARS,2023,1
642,2023-11-13,13,36,4,1272,2,3287870,6575740,Mostrador,Tarjeta crédito,USD,2023,11
643,2023-08-20,29,55,2,1119,3,6339270,19017810,Campo,Efectivo,USD,2023,8
644,2023-11-14,265,13,4,1178,2,164670,329340,Online,Tarjeta crédito,USD,2023,11
645,2023-05-12,32,20,1,1124,5,2425070,12125350,Teléfono,Tarjeta crédito,ARS,2023,5
646,2024-12-01,662,14,1,1116,5,4498970,22494850,Online,Efectivo,USD,2024,12
647,2024-04-13,86,13,4,1078,1,79970,79970,Mostrador,Transferencia,USD,2024,4
648,2024-07-15,58,53,4,1076,1,3432610,3432610,Online,Cheque,ARS,2024,7
649,2024-11-04,57,38,4,1060,1,4137370,4137370,Mostrador,Cheque,USD,2024,11
650,2023-12-31,394,57,4,1085,1,326090,326090,Campo,Cheque,ARS,2023,12
651,2023-04-06,25,9,4,1080,2,2069570,4139140,Campo,Cheque,USD,2023,4
652,2024-02-11,190,27,4,1172,1,46410,46410,Teléfono,Efectivo,ARS,2024,2
653,2024-04-05,959,13,4,1258,5,183770,918850,Campo,Transferencia,ARS,2024,4
654,2024-09-26,76,10,3,1279,1,2153770,2153770,Mostrador,Transferencia,ARS,2024,9
655,2023-12-13,371,14,1,1221,2,352990,705980,Campo,Transferencia,ARS,2023,12
656,2023-05-20,387,33,4,1046,1,1782860,1782860,Campo,Efectivo,ARS,2023,5
657,2023-11-02,339,14,1,1073,1,407550,407550,Campo,Transferencia,ARS,2023,11
658,2023-11-24,225,39,2,1054,4,4751130,19004520,Mostrador,Tarjeta débito,USD,2023,11
659,2024-06-09,506,28,2,1079,1,2577510,2577510,Online,Efectivo,USD,2024,6
660,2024-03-19,943,31,3,1221,2,54200,108400,Online,Tarjeta crédito,USD,2024,3
661,2023-11-22,183,48,2,1181,3,150400,451200,Mostrador,Tarjeta crédito,ARS,2023,11
662,2024-12-28,154,20,1,1009,2,3435010,6870020,Mostrador,Transferencia,USD,2024,12
663,2024-04-26,269,57,4,1216,1,2176160,2176160,Campo,Transferencia,USD,2024,4
664,2023-09-18,391,19,1,1172,1,3902010,3902010,Teléfono,Cheque,ARS,2023,9
665,2023-04-22,278,42,3,1084,1,373880,373880,Online,Cheque,ARS,2023,4
666,2023-06-17,340,2,1,1006,4,342660,1370640,Teléfono,Transferencia,USD,2023,6
667,2023-09-27,363,52,1,1214,1,47610,47610,Campo,Transferencia,ARS,2023,9
668,2023-06-26,23,15,1,1012,1,5743060,5743060,Campo,Tarjeta débito,USD,2023,6
669,2023-07-24,14,33,4,1032,5,145550,727750,Campo,Tarjeta débito,USD,2023,7
670,2023-11-03,94,2,1,1167,5,5322200,26611000,Mostrador,Transferencia,USD,2023,11
671,2023-07-10,343,25,4,1289,1,1589130,1589130,Teléfono,Tarjeta crédito,USD,2023,7
672,2024-12-03,879,5,1,1062,1,4764730,4764730,Online,Tarjeta débito,USD,2024,12
673,2023-03-30,52,51,1,1287,1,1812140,1812140,Online,Tarjeta débito,ARS,2023,3
674,2024-01-28,339,47,1,1272,5,48140,240700,Online,Cheque,USD,2024,1
675,2023-12-07,41,30,1,1178,1,297600,297600,Online,Efectivo,ARS,2023,12
676,2024-12-27,676,33,4,1114,4,2826380,11305520,Online,Tarjeta crédito,USD,2024,12
677,2023-05-03,6,36,4,1026,4,2143710,8574840,Campo,Efectivo,ARS,2023,5
678,2023-12-04,138,29,3,1237,1,5799460,5799460,Mostrador,Cheque,ARS,2023,12
679,2024-12-23,99,49,1,1178,3,6178430,18535290,Mostrador,Tarjeta crédito,USD,2024,12
680,2024-11-25,341,47,1,1172,1,280420,280420,Campo,Cheque,ARS,2024,11
681,2024-11-11,736,8,2,1233,4,152140,608560,Campo,Transferencia,USD,2024,11
682,2023-10-10,316,4,4,1037,1,117500,117500,Mostrador,Cheque,ARS,2023,10
683,2023-07-07,30,30,1,1265,1,362130,362130,Campo,Transferencia,USD,2023,7
684,2024-07-04,225,4,4,1013,5,30850,154250,Online,Efectivo,ARS,2024,7
685,2024-12-12,838,15,1,1116,1,4692530,4692530,Mostrador,Tarjeta débito,ARS,2024,12
686,2024-03-03,261,5,1,1106,3,4642040,13926120,Campo,Tarjeta débito,USD,2024,3
687,2024-03-20,247,7,2,1126,3,5402830,16208490,Teléfono,Tarjeta débito,USD,2024,3
688,2023-11-01,79,43,1,1285,2,127220,254440,Online,Transferencia,ARS,2023,11
689,2024-10-23,697,53,4,1130,1,73980,73980,Mostrador,Efectivo,ARS,2024,10
690,2023-07-25,299,35,1,1116,5,356570,1782850,Teléfono,Cheque,USD,2023,7
691,2023-11-13,180,57,4,1256,1,439420,439420,Campo,Cheque,USD,2023,11
692,2023-12-11,77,32,1,1115,2,3105520,6211040,Online,Tarjeta crédito,USD,2023,12
693,2024-01-09,262,27,4,1299,3,5254070,15762210,Campo,Efectivo,ARS,2024,1
694,2023-09-23,229,43,1,1124,3,148520,445560,Teléfono,Tarjeta crédito,USD,2023,9
695,2023-05-06,2,40,4,1256,5,154600,773000,Teléfono,Tarjeta crédito,USD,2023,5
696,2024-05-01,17,13,4,1139,1,5267000,5267000,Mostrador,Efectivo,USD,2024,5
697,2023-11-04,344,6,4,1206,1,63910,63910,Online,Efectivo,USD,2023,11
698,2024-03-30,12,45,2,1047,1,4731620,4731620,Online,Efectivo,ARS,2024,3
699,2023-06-19,182,13,4,1217,4,131060,524240,Mostrador,Tarjeta crédito,USD,2023,6
700,2023-12-26,334,2,1,1155,4,3093610,12374440,Campo,Transferencia,ARS,2023,12
701,2024-02-06,7,30,1,1244,1,3840480,3840480,Mostrador,Transferencia,ARS,2024,2
702,2023-02-26,246,49,1,1123,1,1766260,1766260,Online,Tarjeta crédito,ARS,2023,2
703,2023-11-17,157,49,1,1031,5,6475260,32376300,Teléfono,Tarjeta crédito,ARS,2023,11
704,2023-05-28,174,13,4,1055,1,2975590,2975590,Online,Tarjeta débito,ARS,2023,5
705,2023-03-11,329,14,1,1153,1,2221380,2221380,Campo,Transferencia,ARS,2023,3
706,2024-12-29,846,24,3,1286,1,145530,145530,Mostrador,Cheque,USD,2024,12
707,2023-11-13,181,11,3,1036,2,237870,475740,Online,Cheque,USD,2023,11
708,2024-11-09,977,39,2,1135,4,338760,1355040,Mostrador,Tarjeta débito,USD,2024,11
709,2023-10-07,281,10,3,1285,4,49830,199320,Online,Efectivo,USD,2023,10
710,2024-07-18,309,35,1,1256,1,183770,183770,Campo,Tarjeta débito,ARS,2024,7
711,2024-10-12,990,55,2,1178,1,3988360,3988360,Mostrador,Tarjeta débito,USD,2024,10
712,2024-04-15,237,43,1,1036,2,5110290,10220580,Mostrador,Tarjeta débito,ARS,2024,4
713,2023-12-24,157,13,4,1254,4,207570,830280,Online,Tarjeta débito,ARS,2023,12
714,2023-12-07,251,36,4,1162,4,108450,433800,Campo,Efectivo,ARS,2023,12
715,2023-11-20,221,57,4,1021,3,60640,181920,Online,Tarjeta débito,USD,2023,11
716,2024-12-12,338,20,1,1294,1,301360,301360,Mostrador,Cheque,USD,2024,12
717,2024-11-15,223,49,1,1075,1,169890,169890,Online,Tarjeta débito,ARS,2024,11
718,2024-12-22,211,49,1,1207,2,29650,59300,Campo,Tarjeta crédito,USD,2024,12
719,2023-05-17,337,47,1,1178,1,173930,173930,Online,Tarjeta crédito,ARS,2023,5
720,2024-09-10,134,14,1,1037,2,234990,469980,Online,Transferencia,ARS,2024,9
721,2024-12-15,844,4,4,1120,1,3044520,3044520,Campo,Transferencia,USD,2024,12
722,2023-07-18,259,32,1,1118,1,167470,167470,Teléfono,Efectivo,ARS,2023,7
723,2023-03-14,35,48,2,1001,3,144020,432060,Mostrador,Transferencia,USD,2023,3
724,2024-09-22,183,36,4,1209,2,293340,586680,Mostrador,Tarjeta crédito,USD,2024,9
725,2024-03-23,815,36,4,1026,2,113690,227380,Teléfono,Tarjeta crédito,USD,2024,3
726,2024-11-18,161,32,1,1208,5,222480,1112400,Campo,Tarjeta crédito,ARS,2024,11
727,2023-06-03,93,14,1,1154,2,4927400,9854800,Mostrador,Tarjeta débito,ARS,2023,6
728,2024-11-05,387,7,2,1250,1,314110,314110,Online,Tarjeta crédito,ARS,2024,11
729,2023-08-10,197,30,1,1171,3,4365850,13097550,Teléfono,Tarjeta crédito,USD,2023,8
730,2023-06-29,315,23,3,1068,4,29980,119920,Campo,Transferencia,USD,2023,6
731,2023-06-30,206,5,1,1202,1,6566210,6566210,Mostrador,Cheque,USD,2023,6
732,2024-11-11,484,25,4,1107,5,305340,1526700,Mostrador,Transferencia,ARS,2024,11
733,2024-06-30,502,40,4,1143,5,216200,1081000,Mostrador,Tarjeta débito,ARS,2024,6
734,2024-01-26,988,29,3,1008,1,4091360,4091360,Mostrador,Tarjeta crédito,USD,2024,1
735,2023-11-23,352,21,1,1094,4,3029850,12119400,Online,Cheque,USD,2023,11
736,2024-11-28,530,35,1,1097,5,412410,2062050,Teléfono,Tarjeta débito,USD,2024,11
737,2023-12-02,234,46,4,1007,1,4643740,4643740,Campo,Efectivo,ARS,2023,12
738,2024-11-11,1000,34,2,1274,1,4977650,4977650,Teléfono,Tarjeta débito,USD,2024,11
739,2023-12-15,382,19,1,1012,4,4166150,16664600,Teléfono,Tarjeta crédito,ARS,2023,12
740,2023-11-28,333,21,1,1002,5,137350,686750,Campo,Tarjeta débito,ARS,2023,11
741,2023-12-21,66,30,1,1128,1,200420,200420,Teléfono,Transferencia,ARS,2023,12
742,2023-11-07,244,33,4,1007,1,215340,215340,Online,Tarjeta crédito,ARS,2023,11
743,2024-09-29,409,2,1,1012,2,28550,57100,Online,Tarjeta débito,ARS,2024,9
744,2024-01-04,276,8,2,1127,1,49700,49700,Teléfono,Tarjeta crédito,ARS,2024,1
745,2023-09-12,199,34,2,1057,1,249250,249250,Teléfono,Tarjeta crédito,ARS,2023,9
746,2024-12-04,459,12,3,1078,5,160950,804750,Teléfono,Tarjeta crédito,ARS,2024,12
747,2023-11-30,18,46,4,1074,1,5882830,5882830,Teléfono,Tarjeta crédito,ARS,2023,11
748,2024-02-18,72,9,4,1233,2,2438270,4876540,Campo,Efectivo,USD,2024,2
749,2024-12-06,667,59,2,1279,1,91380,91380,Teléfono,Tarjeta débito,USD,2024,12
750,2024-05-16,378,5,1,1030,3,22180,66540,Campo,Tarjeta débito,ARS,2024,5
751,2023-05-09,170,32,1,1084,1,5504830,5504830,Campo,Efectivo,USD,2023,5
752,2024-12-15,834,3,3,1095,1,5493240,5493240,Online,Cheque,USD,2024,12
753,2024-05-20,355,31,3,1249,2,4296240,8592480,Campo,Cheque,ARS,2024,5
754,2023-11-16,282,29,3,1056,3,163710,491130,Mostrador,Efectivo,ARS,2023,11
755,2023-06-02,151,20,1,1010,1,6007740,6007740,Campo,Tarjeta crédito,USD,2023,6
756,2024-11-05,261,42,3,1147,1,128400,128400,Campo,Efectivo,USD,2024,11
757,2024-05-12,80,51,1,1087,4,50820,203280,Teléfono,Tarjeta crédito,ARS,2024,5
758,2024-02-07,106,4,4,1253,1,181440,181440,Mostrador,Tarjeta crédito,ARS,2024,2
759,2024-12-02,523,32,1,1187,1,3029620,3029620,Mostrador,Efectivo,USD,2024,12
760,2024-11-04,403,53,4,1233,1,382390,382390,Mostrador,Tarjeta crédito,USD,2024,11
761,2023-06-16,208,16,1,1253,3,4910230,14730690,Mostrador,Efectivo,ARS,2023,6
762,2023-11-10,396,51,1,1224,5,136330,681650,Campo,Cheque,ARS,2023,11
763,2023-09-30,130,4,4,1127,4,84730,338920,Online,Tarjeta crédito,ARS,2023,9
764,2024-09-25,171,32,1,1004,1,77070,77070,Online,Tarjeta débito,ARS,2024,9
765,2023-02-06,33,27,4,1112,3,4833650,14500950,Teléfono,Efectivo,ARS,2023,2
766,2024-03-18,536,29,3,1193,1,119930,119930,Teléfono,Efectivo,USD,2024,3
767,2024-10-15,197,44,3,1141,2,2765870,5531740,Campo,Tarjeta débito,USD,2024,10
768,2024-11-28,917,2,1,1197,5,5247620,26238100,Online,Tarjeta crédito,ARS,2024,11
769,2023-11-18,46,26,2,1140,1,5585120,5585120,Teléfono,Efectivo,ARS,2023,11
770,2024-11-12,274,37,3,1128,1,354100,354100,Teléfono,Tarjeta crédito,USD,2024,11
771,2023-05-02,231,34,2,1095,1,291130,291130,Campo,Efectivo,USD,2023,5
772,2024-11-19,133,13,4,1041,5,178860,894300,Mostrador,Transferencia,ARS,2024,11
773,2023-05-20,264,43,1,1002,1,4813870,4813870,Teléfono,Cheque,USD,2023,5
774,2023-12-03,85,47,1,1278,1,2592990,2592990,Mostrador,Cheque,USD,2023,12
775,2024-11-06,367,16,1,1150,3,278970,836910,Mostrador,Transferencia,ARS,2024,11
776,2023-06-14,313,30,1,1041,2,3718730,7437460,Teléfono,Transferencia,ARS,2023,6
777,2023-09-09,5,47,1,1116,5,91120,455600,Online,Tarjeta crédito,ARS,2023,9
778,2024-09-01,269,40,4,1120,1,98500,98500,Teléfono,Tarjeta crédito,ARS,2024,9
779,2024-08-29,851,1,4,1237,3,5087420,15262260,Mostrador,Tarjeta débito,ARS,2024,8
780,2024-06-04,733,21,1,1270,1,2429610,2429610,Online,Transferencia,USD,2024,6
781,2024-08-01,706,33,4,1128,1,116400,116400,Campo,Cheque,USD,2024,8
782,2024-02-17,421,55,2,1291,4,2741800,10967200,Online,Tarjeta débito,USD,2024,2
783,2023-10-04,346,33,4,1009,4,263980,1055920,Teléfono,Efectivo,ARS,2023,10
784,2023-11-19,69,53,4,1239,1,311980,311980,Mostrador,Cheque,ARS,2023,11
785,2023-07-19,288,46,4,1118,3,410390,1231170,Teléfono,Tarjeta crédito,USD,2023,7
786,2024-12-06,358,49,1,1068,1,352660,352660,Online,Cheque,ARS,2024,12
787,2024-04-01,688,47,1,1110,5,352570,1762850,Mostrador,Transferencia,USD,2024,4
788,2023-12-04,386,14,1,1010,3,6684510,20053530,Teléfono,Tarjeta débito,USD,2023,12
789,2023-12-21,325,38,4,1025,1,4084250,4084250,Teléfono,Transferencia,USD,2023,12
790,2024-12-17,751,21,1,1173,1,34580,34580,Mostrador,Efectivo,USD,2024,12
791,2023-06-18,179,4,4,1225,1,310290,310290,Mostrador,Transferencia,USD,2023,6
792,2024-04-05,256,21,1,1011,4,2221380,8885520,Mostrador,Tarjeta crédito,USD,2024,4
793,2024-01-07,419,46,4,1101,1,92470,92470,Campo,Tarjeta crédito,USD,2024,1
794,2024-05-02,211,21,1,1265,2,80210,160420,Online,Efectivo,USD,2024,5
795,2023-01-20,399,51,1,1079,1,299410,299410,Teléfono,Cheque,USD,2023,1
796,2024-11-26,739,49,1,1083,5,125360,626800,Teléfono,Tarjeta crédito,ARS,2024,11
797,2024-12-13,584,14,1,1276,1,184040,184040,Teléfono,Tarjeta crédito,USD,2024,12
798,2024-03-12,367,15,1,1133,1,4436780,4436780,Campo,Tarjeta crédito,USD,2024,3
799,2024-08-04,577,36,4,1261,2,5707590,11415180,Teléfono,Efectivo,ARS,2024,8
800,2024-12-10,166,47,1,1221,1,126460,126460,Teléfono,Transferencia,ARS,2024,12
801,2024-08-15,214,51,1,1026,1,110950,110950,Teléfono,Transferencia,USD,2024,8
802,2023-06-17,17,36,4,1219,2,2221380,4442760,Online,Tarjeta crédito,ARS,2023,6
803,2024-03-25,848,32,1,1089,1,98500,98500,Teléfono,Cheque,ARS,2024,3
804,2024-04-27,173,53,4,1015,5,287970,1439850,Online,Efectivo,USD,2024,4
805,2023-12-11,129,36,4,1246,5,372160,1860800,Online,Tarjeta crédito,USD,2023,12
806,2024-09-16,3,52,1,1176,2,3853810,7707620,Campo,Cheque,ARS,2024,9
807,2024-12-14,895,32,1,1004,2,2597460,5194920,Online,Efectivo,USD,2024,12
808,2024-12-11,896,19,1,1039,1,194560,194560,Mostrador,Tarjeta crédito,ARS,2024,12
809,2023-12-18,248,1,4,1021,5,3840480,19202400,Online,Transferencia,ARS,2023,12
810,2023-05-05,70,24,3,1208,3,2469330,7407990,Campo,Transferencia,USD,2023,5
811,2024-12-27,52,29,3,1137,1,153730,153730,Campo,Cheque,USD,2024,12
812,2024-11-17,437,33,4,1230,2,1581800,3163600,Teléfono,Tarjeta crédito,USD,2024,11
813,2023-05-17,378,51,1,1216,2,339530,679060,Online,Tarjeta crédito,USD,2023,5
814,2024-12-10,771,53,4,1117,2,2393780,4787560,Mostrador,Tarjeta crédito,USD,2024,12
815,2024-11-26,751,1,4,1179,2,31340,62680,Teléfono,Transferencia,USD,2024,11
816,2024-01-22,94,29,3,1246,3,2512630,7537890,Online,Cheque,ARS,2024,1
817,2024-04-10,559,27,4,1128,3,345860,1037580,Campo,Transferencia,ARS,2024,4
818,2023-12-04,75,27,4,1078,1,301660,301660,Online,Efectivo,ARS,2023,12
819,2023-03-02,91,15,1,1229,1,76100,76100,Campo,Transferencia,USD,2023,3
820,2023-11-16,86,20,1,1293,1,3654310,3654310,Teléfono,Tarjeta crédito,USD,2023,11
821,2024-11-07,518,54,2,1262,5,5982200,29911000,Campo,Cheque,USD,2024,11
822,2023-01-06,230,16,1,1082,3,2729710,8189130,Teléfono,Cheque,USD,2023,1
823,2023-11-16,351,40,4,1109,2,274640,549280,Teléfono,Transferencia,ARS,2023,11
824,2023-12-04,317,32,1,1242,3,169090,507270,Teléfono,Cheque,USD,2023,12
825,2024-02-11,43,13,4,1202,1,311550,311550,Mostrador,Cheque,ARS,2024,2
826,2024-12-10,824,7,2,1066,1,205290,205290,Campo,Transferencia,USD,2024,12
827,2023-11-19,198,5,1,1096,4,67070,268280,Online,Tarjeta débito,USD,2023,11
828,2023-11-20,370,36,4,1145,1,259530,259530,Mostrador,Tarjeta crédito,USD,2023,11
829,2024-09-18,404,4,4,1065,1,154960,154960,Campo,Tarjeta débito,USD,2024,9
830,2023-12-19,303,54,2,1009,2,4827710,9655420,Campo,Transferencia,USD,2023,12
831,2023-09-04,182,35,1,1186,3,360480,1081440,Online,Tarjeta débito,USD,2023,9
832,2023-12-19,169,43,1,1158,3,254340,763020,Mostrador,Transferencia,USD,2023,12
833,2023-06-04,203,5,1,1031,4,357720,1430880,Campo,Transferencia,USD,2023,6
834,2023-07-13,194,51,1,1151,1,70560,70560,Campo,Tarjeta débito,USD,2023,7
835,2023-12-31,31,48,2,1155,1,189760,189760,Teléfono,Efectivo,ARS,2023,12
836,2023-12-09,102,6,4,1242,1,3920930,3920930,Mostrador,Tarjeta débito,ARS,2023,12
837,2024-12-08,576,10,3,1156,1,4252550,4252550,Online,Cheque,ARS,2024,12
838,2023-11-24,346,27,4,1059,1,3100640,3100640,Campo,Transferencia,ARS,2023,11
839,2024-03-29,603,29,3,1010,4,183020,732080,Online,Transferencia,USD,2024,3
840,2024-05-25,442,55,2,1133,5,313270,1566350,Campo,Transferencia,ARS,2024,5
841,2023-01-15,250,53,4,1124,1,2624350,2624350,Campo,Tarjeta crédito,USD,2023,1
842,2024-06-28,183,34,2,1131,1,140930,140930,Campo,Tarjeta crédito,ARS,2024,6
843,2023-07-15,302,46,4,1282,1,320080,320080,Mostrador,Transferencia,USD,2023,7
844,2024-12-21,878,52,1,1237,4,126290,505160,Mostrador,Cheque,ARS,2024,12
845,2023-06-13,351,20,1,1103,4,120090,480360,Teléfono,Tarjeta crédito,ARS,2023,6
846,2023-12-08,280,53,4,1017,1,6042390,6042390,Campo,Efectivo,USD,2023,12
847,2023-04-04,205,42,3,1119,4,61670,246680,Online,Transferencia,ARS,2023,4
848,2024-12-31,89,6,4,1023,1,27310,27310,Campo,Tarjeta crédito,USD,2024,12
849,2024-01-03,805,40,4,1009,1,2806350,2806350,Teléfono,Cheque,ARS,2024,1
850,2024-04-15,425,14,1,1207,1,2611390,2611390,Online,Tarjeta crédito,ARS,2024,4
851,2023-03-15,285,45,2,1045,1,274640,274640,Online,Tarjeta crédito,USD,2023,3
852,2024-10-01,671,20,1,1258,3,26110,78330,Teléfono,Transferencia,ARS,2024,10
853,2023-08-19,363,17,3,1027,1,2957210,2957210,Teléfono,Efectivo,USD,2023,8
854,2024-12-04,999,25,4,1188,5,2567240,12836200,Campo,Efectivo,ARS,2024,12
855,2023-08-14,130,30,1,1140,1,412250,412250,Teléfono,Tarjeta débito,USD,2023,8
856,2023-07-29,248,11,3,1009,2,5995640,11991280,Mostrador,Tarjeta crédito,ARS,2023,7
857,2023-02-10,140,57,4,1234,1,186870,186870,Campo,Efectivo,ARS,2023,2
858,2023-12-24,389,35,1,1092,4,2656790,10627160,Campo,Tarjeta débito,USD,2023,12
859,2024-03-12,189,25,4,1077,1,357040,357040,Online,Efectivo,USD,2024,3
860,2023-03-14,91,44,3,1127,1,2241070,2241070,Online,Cheque,USD,2023,3
861,2024-10-29,568,1,4,1244,1,343170,343170,Teléfono,Tarjeta crédito,ARS,2024,10
862,2023-12-19,226,14,1,1103,5,134320,671600,Teléfono,Efectivo,USD,2023,12
863,2024-01-28,846,47,1,1155,1,4161630,4161630,Mostrador,Transferencia,USD,2024,1
864,2023-12-15,327,45,2,1218,1,101960,101960,Mostrador,Tarjeta crédito,ARS,2023,12
865,2023-12-04,165,15,1,1285,4,4138500,16554000,Mostrador,Transferencia,USD,2023,12
866,2024-03-06,548,36,4,1150,1,87260,87260,Campo,Tarjeta débito,ARS,2024,3
867,2023-06-20,330,47,1,1214,1,5041670,5041670,Teléfono,Efectivo,USD,2023,6
868,2023-07-19,29,25,4,1088,1,261750,261750,Online,Tarjeta débito,ARS,2023,7
869,2024-11-24,80,54,2,1106,1,68780,68780,Mostrador,Tarjeta crédito,USD,2024,11
870,2024-12-17,934,15,1,1294,3,233230,699690,Teléfono,Tarjeta crédito,ARS,2024,12
871,2023-11-27,358,15,1,1095,5,260940,1304700,Online,Transferencia,USD,2023,11
872,2023-10-25,169,42,3,1253,1,332030,332030,Online,Transferencia,ARS,2023,10
873,2024-06-07,545,44,3,1039,2,129610,259220,Teléfono,Cheque,ARS,2024,6
874,2023-12-07,93,43,1,1255,1,405140,405140,Campo,Transferencia,USD,2023,12
875,2023-01-28,112,27,4,1054,3,4412680,13238040,Online,Efectivo,USD,2023,1
876,2023-06-21,379,47,1,1243,1,152360,152360,Mostrador,Tarjeta crédito,ARS,2023,6
877,2024-08-25,209,54,2,1110,1,318120,318120,Online,Efectivo,USD,2024,8
878,2024-06-23,909,39,2,1254,1,25570,25570,Campo,Transferencia,ARS,2024,6
879,2023-01-30,390,16,1,1112,1,46510,46510,Campo,Tarjeta débito,ARS,2023,1
880,2023-09-01,194,46,4,1174,1,4731700,4731700,Mostrador,Transferencia,ARS,2023,9
881,2023-09-11,264,47,1,1189,1,3403560,3403560,Campo,Tarjeta débito,ARS,2023,9
882,2024-07-08,247,30,1,1221,5,358510,1792550,Campo,Tarjeta débito,USD,2024,7
883,2023-01-22,118,5,1,1249,4,395790,1583160,Mostrador,Tarjeta débito,USD,2023,1
884,2023-04-25,228,24,3,1052,1,1927480,1927480,Mostrador,Efectivo,ARS,2023,4
885,2024-11-07,521,54,2,1162,1,104210,104210,Mostrador,Tarjeta débito,USD,2024,11
886,2023-07-15,199,33,4,1035,1,166370,166370,Online,Efectivo,ARS,2023,7
887,2024-06-17,479,14,1,1037,1,4456560,4456560,Online,Cheque,USD,2024,6
888,2023-09-19,277,16,1,1039,4,2623850,10495400,Online,Transferencia,USD,2023,9
889,2023-04-20,129,57,4,1255,5,326430,1632150,Campo,Transferencia,ARS,2023,4
890,2023-09-24,302,21,1,1111,5,155580,777900,Online,Tarjeta débito,ARS,2023,9
891,2024-09-01,574,38,4,1177,3,3704040,11112120,Online,Tarjeta crédito,USD,2024,9
892,2024-11-22,514,47,1,1009,3,137480,412440,Campo,Tarjeta débito,USD,2024,11
893,2024-11-15,360,36,4,1275,1,117350,117350,Teléfono,Efectivo,ARS,2024,11
894,2023-12-03,331,20,1,1121,2,4805720,9611440,Online,Cheque,ARS,2023,12
895,2024-07-03,357,37,3,1105,5,137480,687400,Mostrador,Cheque,ARS,2024,7
896,2023-08-13,172,21,1,1156,3,273130,819390,Teléfono,Cheque,ARS,2023,8
897,2023-11-05,245,52,1,1285,5,3240780,16203900,Campo,Tarjeta débito,USD,2023,11
898,2024-12-03,88,19,1,1026,1,417390,417390,Campo,Tarjeta débito,USD,2024,12
899,2023-01-15,384,52,1,1296,1,3480600,3480600,Teléfono,Tarjeta crédito,USD,2023,1
900,2023-04-04,83,32,1,1025,1,387040,387040,Campo,Efectivo,USD,2023,4
901,2023-08-17,5,34,2,1069,4,189680,758720,Mostrador,Transferencia,USD,2023,8
902,2023-01-30,349,31,3,1079,1,85760,85760,Online,Tarjeta crédito,ARS,2023,1
903,2023-07-19,39,38,4,1151,3,3764580,11293740,Mostrador,Efectivo,ARS,2023,7
904,2024-04-01,896,12,3,1133,4,53290,213160,Teléfono,Transferencia,ARS,2024,4
905,2023-12-10,322,11,3,1065,2,3331210,6662420,Online,Efectivo,USD,2023,12
906,2024-12-02,465,2,1,1150,1,3706160,3706160,Online,Tarjeta crédito,USD,2024,12
907,2024-11-11,813,54,2,1062,1,339630,339630,Campo,Efectivo,USD,2024,11
908,2023-11-18,75,19,1,1245,1,292090,292090,Teléfono,Tarjeta crédito,ARS,2023,11
909,2023-10-12,101,36,4,1058,1,285200,285200,Online,Tarjeta débito,ARS,2023,10
910,2023-11-29,141,16,1,1156,1,5548080,5548080,Online,Cheque,USD,2023,11
911,2024-04-09,605,43,1,1112,1,345320,345320,Campo,Transferencia,USD,2024,4
912,2023-10-22,119,41,3,1123,1,6233610,6233610,Teléfono,Efectivo,ARS,2023,10
913,2024-05-16,800,43,1,1203,5,166720,833600,Online,Efectivo,ARS,2024,5
914,2023-12-07,109,57,4,1004,1,142720,142720,Online,Tarjeta débito,USD,2023,12
915,2024-02-27,1000,38,4,1129,1,223340,223340,Campo,Cheque,USD,2024,2
916,2023-12-14,43,5,1,1026,1,6191670,6191670,Campo,Tarjeta débito,ARS,2023,12
917,2023-11-05,136,32,1,1289,1,6115530,6115530,Campo,Transferencia,USD,2023,11
918,2024-12-17,330,26,2,1027,1,279450,279450,Teléfono,Tarjeta crédito,ARS,2024,12
919,2024-10-16,729,18,3,1042,1,57450,57450,Campo,Transferencia,USD,2024,10
920,2023-06-03,395,49,1,1071,1,143170,143170,Teléfono,Transferencia,USD,2023,6
921,2024-11-25,156,27,4,1064,3,2145390,6436170,Teléfono,Tarjeta débito,ARS,2024,11
922,2023-12-28,39,42,3,1025,1,379280,379280,Campo,Transferencia,USD,2023,12
923,2024-12-03,282,20,1,1072,1,118730,118730,Teléfono,Cheque,ARS,2024,12
924,2024-11-07,840,49,1,1268,5,87980,439900,Mostrador,Transferencia,ARS,2024,11
925,2023-12-11,358,9,4,1084,4,2029400,8117600,Online,Tarjeta crédito,ARS,2023,12
926,2023-01-25,26,32,1,1095,5,81680,408400,Mostrador,Transferencia,ARS,2023,1
927,2023-10-22,32,38,4,1068,1,214310,214310,Online,Efectivo,ARS,2023,10
928,2024-02-16,46,16,1,1117,1,427850,427850,Mostrador,Tarjeta crédito,ARS,2024,2
929,2024-05-26,668,12,3,1164,1,3540980,3540980,Mostrador,Efectivo,USD,2024,5
930,2023-10-10,244,46,4,1278,1,209730,209730,Teléfono,Efectivo,USD,2023,10
931,2023-06-02,391,38,4,1065,1,1844190,1844190,Campo,Tarjeta crédito,USD,2023,6
932,2024-11-16,547,19,1,1135,5,46910,234550,Online,Tarjeta crédito,ARS,2024,11
933,2024-12-27,450,35,1,1260,3,244450,733350,Mostrador,Tarjeta crédito,USD,2024,12
934,2024-01-29,278,57,4,1228,1,6444760,6444760,Online,Tarjeta crédito,ARS,2024,1
935,2023-07-08,242,20,1,1200,1,2757560,2757560,Teléfono,Tarjeta crédito,USD,2023,7
936,2023-10-26,378,5,1,1220,1,3737940,3737940,Teléfono,Tarjeta débito,USD,2023,10
937,2023-01-21,259,57,4,1180,1,3132560,3132560,Mostrador,Tarjeta crédito,USD,2023,1
938,2024-12-08,46,32,1,1228,3,137500,412500,Online,Tarjeta crédito,USD,2024,12
939,2023-05-10,237,43,1,1252,3,2458460,7375380,Teléfono,Cheque,ARS,2023,5
940,2024-03-25,520,52,1,1299,2,41990,83980,Online,Efectivo,USD,2024,3
941,2023-10-28,260,11,3,1004,1,159870,159870,Teléfono,Cheque,ARS,2023,10
942,2024-02-29,271,24,3,1141,1,420500,420500,Campo,Transferencia,USD,2024,2
943,2024-06-15,556,20,1,1166,1,225060,225060,Campo,Tarjeta crédito,USD,2024,6
944,2024-11-15,238,43,1,1254,1,150180,150180,Mostrador,Tarjeta débito,USD,2024,11
945,2023-08-15,167,2,1,1153,1,5286090,5286090,Online,Efectivo,USD,2023,8
946,2023-01-13,376,9,4,1067,1,3854370,3854370,Mostrador,Transferencia,USD,2023,1
947,2023-05-31,76,16,1,1055,1,4250250,4250250,Campo,Efectivo,ARS,2023,5
948,2024-12-04,669,57,4,1096,3,281450,844350,Online,Cheque,USD,2024,12
949,2024-11-27,201,14,1,1167,1,2929270,2929270,Teléfono,Efectivo,USD,2024,11
950,2024-04-17,746,9,4,1066,3,5416400,16249200,Teléfono,Efectivo,ARS,2024,4
951,2024-04-20,232,32,1,1258,1,5240750,5240750,Online,Cheque,USD,2024,4
952,2024-06-30,446,38,4,1109,5,387720,1938600,Online,Tarjeta crédito,ARS,2024,6
953,2023-07-12,212,49,1,1062,1,30850,30850,Mostrador,Tarjeta débito,ARS,2023,7
954,2024-12-08,418,32,1,1174,5,166650,833250,Teléfono,Cheque,ARS,2024,12
955,2023-12-09,154,27,4,1253,4,2691820,10767280,Online,Tarjeta crédito,ARS,2023,12
956,2023-11-30,368,33,4,1112,2,5077890,10155780,Campo,Tarjeta débito,ARS,2023,11
957,2024-01-22,725,43,1,1215,1,2600510,2600510,Online,Cheque,ARS,2024,1
958,2023-02-21,87,36,4,1239,4,342040,1368160,Teléfono,Transferencia,ARS,2023,2
959,2023-07-02,18,50,3,1227,5,134910,674550,Mostrador,Tarjeta débito,ARS,2023,7
960,2024-09-18,703,53,4,1230,1,327350,327350,Campo,Transferencia,ARS,2024,9
961,2023-04-01,308,5,1,1233,3,262800,788400,Online,Transferencia,ARS,2023,4
962,2024-04-23,54,26,2,1163,2,4795000,9590000,Online,Tarjeta crédito,USD,2024,4
963,2023-09-27,216,7,2,1126,1,145470,145470,Mostrador,Tarjeta débito,USD,2023,9
964,2023-12-01,42,14,1,1253,1,4855320,4855320,Online,Efectivo,USD,2023,12
965,2023-11-04,349,33,4,1103,1,363550,363550,Online,Cheque,USD,2023,11
966,2023-11-22,230,20,1,1199,1,136330,136330,Online,Transferencia,USD,2023,11
967,2024-08-28,742,52,1,1197,1,140080,140080,Campo,Cheque,USD,2024,8
968,2023-11-06,182,50,3,1122,1,4161630,4161630,Campo,Transferencia,USD,2023,11
969,2024-03-14,436,24,3,1264,1,6147910,6147910,Teléfono,Efectivo,ARS,2024,3
970,2023-12-25,141,51,1,1054,1,2650330,2650330,Campo,Transferencia,USD,2023,12
971,2024-06-29,288,35,1,1135,1,2168800,2168800,Mostrador,Tarjeta débito,USD,2024,6
972,2024-12-14,851,25,4,1167,1,248970,248970,Teléfono,Tarjeta débito,ARS,2024,12
973,2024-09-12,849,52,1,1151,1,6024700,6024700,Online,Tarjeta débito,USD,2024,9
974,2023-08-24,322,13,4,1100,3,347800,1043400,Online,Tarjeta débito,ARS,2023,8
975,2023-02-04,82,46,4,1234,1,214310,214310,Online,Tarjeta débito,USD,2023,2
976,2023-10-15,167,56,2,1032,5,327660,1638300,Mostrador,Efectivo,USD,2023,10
977,2024-04-14,923,38,4,1062,1,297030,297030,Mostrador,Transferencia,USD,2024,4
978,2023-02-26,334,36,4,1196,3,4814840,14444520,Teléfono,Efectivo,USD,2023,2
979,2023-12-31,54,28,2,1030,1,4452070,4452070,Teléfono,Efectivo,ARS,2023,12
980,2024-04-16,463,29,3,1243,5,242270,1211350,Online,Efectivo,ARS,2024,4
981,2023-11-16,73,53,4,1106,3,94530,283590,Mostrador,Efectivo,ARS,2023,11
982,2024-10-24,725,41,3,1295,1,5179450,5179450,Online,Efectivo,USD,2024,10
983,2023-04-27,171,13,4,1133,1,3917190,3917190,Online,Transferencia,USD,2023,4
984,2023-03-24,270,2,1,1022,5,3139540,15697700,Mostrador,Tarjeta crédito,USD,2023,3
985,2024-09-07,219,19,1,1156,2,2366200,4732400,Teléfono,Cheque,USD,2024,9
986,2023-12-30,136,14,1,1214,5,340590,1702950,Campo,Transferencia,USD,2023,12
987,2024-07-26,547,35,1,1226,1,4467880,4467880,Campo,Transferencia,USD,2024,7
988,2023-12-14,146,51,1,1285,1,340300,340300,Online,Tarjeta débito,ARS,2023,12
989,2023-09-28,183,38,4,1171,1,5769900,5769900,Campo,Transferencia,USD,2023,9
990,2024-11-12,78,4,4,1042,1,162070,162070,Online,Tarjeta débito,ARS,2024,11
991,2024-11-06,308,18,3,1060,1,2684730,2684730,Online,Transferencia,ARS,2024,11
992,2024-08-02,765,60,3,1077,1,192480,192480,Campo,Cheque,USD,2024,8
993,2023-10-26,328,57,4,1202,1,248960,248960,Teléfono,Cheque,ARS,2023,10
994,2024-04-09,945,56,2,1220,1,133050,133050,Teléfono,Tarjeta débito,USD,2024,4
995,2023-11-23,392,36,4,1187,1,5091200,5091200,Online,Transferencia,ARS,2023,11
996,2023-04-11,236,16,1,1096,4,157350,629400,Teléfono,Transferencia,USD,2023,4
997,2024-12-09,834,27,4,1109,2,128760,257520,Online,Transferencia,USD,2024,12
998,2023-05-31,337,40,4,1212,1,6742670,6742670,Mostrador,Tarjeta débito,ARS,2023,5
999,2024-12-18,589,32,1,1127,2,327650,655300,Online,Tarjeta débito,USD,2024,12
1000,2023-12-17,374,58,3,1262,1,141720,141720,Online,Cheque,ARS,2023,12
1001,2023-07-23,73,48,2,1214,4,161330,645320,Online,Tarjeta débito,ARS,2023,7
1002,2024-02-16,539,30,1,1077,1,145470,145470,Teléfono,Cheque,USD,2024,2
1003,2024-11-27,916,50,3,1031,3,36940,110820,Teléfono,Efectivo,USD,2024,11
1004,2024-09-12,38,15,1,1039,3,4296240,12888720,Mostrador,Cheque,USD,2024,9
1005,2024-11-08,766,51,1,1135,1,404200,404200,Online,Tarjeta crédito,USD,2024,11
1006,2024-06-23,908,9,4,1039,1,340630,340630,Mostrador,Tarjeta débito,USD,2024,6
1007,2024-07-30,426,23,3,1214,1,1706430,1706430,Online,Transferencia,ARS,2024,7
1008,2024-11-20,598,40,4,1126,1,2770170,2770170,Mostrador,Tarjeta crédito,ARS,2024,11
1009,2023-10-01,357,57,4,1165,1,116310,116310,Teléfono,Transferencia,ARS,2023,10
1010,2023-12-29,359,49,1,1246,4,48330,193320,Teléfono,Tarjeta crédito,ARS,2023,12
1011,2023-08-31,31,54,2,1109,2,329820,659640,Mostrador,Cheque,ARS,2023,8
1012,2024-12-28,205,9,4,1088,2,3054210,6108420,Mostrador,Tarjeta débito,ARS,2024,12
1013,2024-12-16,705,9,4,1200,2,4082210,8164420,Teléfono,Tarjeta débito,ARS,2024,12
1014,2023-02-13,230,21,1,1271,2,314220,628440,Teléfono,Efectivo,USD,2023,2
1015,2024-08-14,181,46,4,1051,1,161890,161890,Online,Tarjeta débito,USD,2024,8
1016,2024-12-11,757,57,4,1198,1,306450,306450,Online,Tarjeta crédito,USD,2024,12
1017,2023-07-18,40,36,4,1023,1,281070,281070,Mostrador,Efectivo,ARS,2023,7
1018,2024-03-16,841,27,4,1153,5,272750,1363750,Teléfono,Efectivo,USD,2024,3
1019,2024-12-08,423,51,1,1223,1,155690,155690,Mostrador,Cheque,ARS,2024,12
1020,2023-02-07,394,46,4,1221,1,2262800,2262800,Mostrador,Cheque,ARS,2023,2
1021,2024-08-05,157,57,4,1151,1,2053490,2053490,Mostrador,Cheque,USD,2024,8
1022,2023-11-06,168,47,1,1266,1,234080,234080,Online,Efectivo,USD,2023,11
1023,2024-12-11,670,57,4,1073,1,148390,148390,Campo,Transferencia,ARS,2024,12
1024,2024-12-24,642,22,2,1077,3,429400,1288200,Mostrador,Transferencia,ARS,2024,12
1025,2024-12-16,82,56,2,1032,1,4436780,4436780,Online,Transferencia,USD,2024,12
1026,2023-12-25,156,58,3,1065,2,4268660,8537320,Online,Tarjeta crédito,ARS,2023,12
1027,2024-11-24,687,32,1,1018,1,437460,437460,Online,Cheque,USD,2024,11
1028,2024-11-19,800,7,2,1164,1,118820,118820,Campo,Tarjeta crédito,ARS,2024,11
1029,2023-11-12,88,13,4,1287,2,270390,540780,Online,Efectivo,USD,2023,11
1030,2024-11-15,102,19,1,1054,2,139710,279420,Online,Efectivo,USD,2024,11
1031,2023-02-10,248,35,1,1063,3,341540,1024620,Teléfono,Transferencia,ARS,2023,2
1032,2024-04-16,718,30,1,1257,1,285170,285170,Campo,Tarjeta débito,ARS,2024,4
1033,2023-09-10,89,16,1,1239,1,3692620,3692620,Teléfono,Tarjeta crédito,USD,2023,9
1034,2023-05-13,345,1,4,1009,1,62500,62500,Mostrador,Cheque,ARS,2023,5
1035,2023-03-26,288,40,4,1120,3,3444270,10332810,Online,Transferencia,USD,2023,3
1036,2024-08-03,923,40,4,1007,1,244830,244830,Teléfono,Efectivo,ARS,2024,8
1037,2023-11-18,310,12,3,1090,2,60070,120140,Campo,Efectivo,ARS,2023,11
1038,2024-09-04,608,5,1,1110,1,5654830,5654830,Teléfono,Tarjeta crédito,ARS,2024,9
1039,2023-03-13,159,9,4,1175,1,59270,59270,Mostrador,Tarjeta débito,ARS,2023,3
1040,2023-11-11,114,57,4,1003,3,161990,485970,Mostrador,Tarjeta débito,USD,2023,11
1041,2024-02-13,536,29,3,1130,1,1878090,1878090,Campo,Efectivo,USD,2024,2
1042,2024-11-04,163,46,4,1054,1,3721480,3721480,Teléfono,Transferencia,ARS,2024,11
1043,2023-11-12,286,6,4,1293,1,5290600,5290600,Online,Transferencia,USD,2023,11
1044,2024-05-18,865,6,4,1184,4,1740810,6963240,Campo,Tarjeta débito,ARS,2024,5
1045,2024-11-30,55,35,1,1224,4,138470,553880,Online,Transferencia,USD,2024,11
1046,2024-05-07,576,9,4,1012,1,1553030,1553030,Teléfono,Efectivo,ARS,2024,5
1047,2023-09-13,33,20,1,1195,1,122000,122000,Mostrador,Tarjeta crédito,ARS,2023,9
1048,2023-01-27,46,19,1,1247,2,73940,147880,Mostrador,Efectivo,USD,2023,1
1049,2024-11-26,731,49,1,1154,4,393680,1574720,Mostrador,Cheque,USD,2024,11
1050,2023-01-24,289,16,1,1078,4,90280,361120,Online,Tarjeta crédito,ARS,2023,1
1051,2024-11-27,196,15,1,1140,1,88530,88530,Mostrador,Tarjeta débito,USD,2024,11
1052,2024-02-02,765,43,1,1090,3,166810,500430,Online,Cheque,USD,2024,2
1053,2024-12-15,448,41,3,1144,2,4889810,9779620,Online,Efectivo,ARS,2024,12
1054,2024-11-06,798,9,4,1072,1,216880,216880,Mostrador,Transferencia,ARS,2024,11
1055,2024-12-31,748,6,4,1177,1,5178580,5178580,Mostrador,Efectivo,ARS,2024,12
1056,2023-11-21,79,20,1,1007,1,4041670,4041670,Campo,Tarjeta crédito,USD,2023,11
1057,2024-10-20,925,10,3,1263,1,4560120,4560120,Teléfono,Efectivo,USD,2024,10
1058,2023-12-05,92,9,4,1271,5,157760,788800,Mostrador,Efectivo,USD,2023,12
1059,2023-12-26,96,21,1,1105,4,1449610,5798440,Mostrador,Cheque,ARS,2023,12
1060,2024-05-20,228,9,4,1072,1,5756200,5756200,Mostrador,Tarjeta débito,ARS,2024,5
1061,2024-11-27,286,38,4,1074,1,2125110,2125110,Campo,Tarjeta crédito,USD,2024,11
1062,2024-12-27,874,52,1,1143,1,355770,355770,Campo,Cheque,USD,2024,12
1063,2024-10-21,235,46,4,1062,1,138350,138350,Mostrador,Transferencia,ARS,2024,10
1064,2023-12-09,102,27,4,1146,1,390690,390690,Teléfono,Efectivo,USD,2023,12
1065,2023-12-10,252,5,1,1046,1,69610,69610,Online,Transferencia,USD,2023,12
1066,2024-09-18,140,35,1,1229,1,1539840,1539840,Online,Cheque,USD,2024,9
1067,2023-09-19,323,16,1,1105,3,2621520,7864560,Online,Tarjeta crédito,ARS,2023,9
1068,2023-05-02,143,43,1,1109,1,293690,293690,Online,Efectivo,ARS,2023,5
1069,2023-11-22,240,59,2,1255,1,237080,237080,Online,Cheque,ARS,2023,11
1070,2023-11-03,266,26,2,1121,4,3953500,15814000,Mostrador,Tarjeta débito,USD,2023,11
1071,2023-11-06,342,30,1,1043,1,182150,182150,Teléfono,Transferencia,USD,2023,11
1072,2023-09-14,61,27,4,1099,1,237990,237990,Campo,Cheque,USD,2023,9
1073,2023-02-16,23,49,1,1194,1,77660,77660,Mostrador,Cheque,USD,2023,2
1074,2023-01-20,11,30,1,1026,2,152920,305840,Teléfono,Tarjeta crédito,ARS,2023,1
1075,2024-12-28,16,35,1,1214,1,268690,268690,Campo,Transferencia,ARS,2024,12
1076,2023-12-12,49,59,2,1229,5,5998390,29991950,Mostrador,Tarjeta crédito,ARS,2023,12
1077,2023-11-30,366,47,1,1185,1,239580,239580,Mostrador,Tarjeta crédito,ARS,2023,11
1078,2024-07-16,336,32,1,1112,5,434590,2172950,Campo,Transferencia,USD,2024,7
1079,2023-08-28,398,20,1,1048,3,2357600,7072800,Teléfono,Tarjeta débito,USD,2023,8
1080,2024-12-18,390,4,4,1272,3,5830020,17490060,Teléfono,Transferencia,ARS,2024,12
1081,2024-11-03,170,46,4,1252,1,330080,330080,Teléfono,Cheque,USD,2024,11
1082,2023-04-09,119,5,1,1102,1,218750,218750,Mostrador,Cheque,ARS,2023,4
1083,2023-12-09,42,5,1,1210,1,181060,181060,Teléfono,Tarjeta débito,ARS,2023,12
1084,2024-11-28,10,3,3,1227,2,215940,431880,Campo,Transferencia,ARS,2024,11
1085,2024-12-16,430,53,4,1281,3,358770,1076310,Online,Cheque,USD,2024,12
1086,2023-12-23,49,20,1,1022,5,2914450,14572250,Teléfono,Cheque,ARS,2023,12
1087,2024-05-04,777,4,4,1248,1,2624350,2624350,Teléfono,Efectivo,USD,2024,5
1088,2023-07-03,207,12,3,1159,1,126800,126800,Campo,Tarjeta crédito,USD,2023,7
1089,2024-12-29,679,48,2,1229,1,4142920,4142920,Campo,Tarjeta débito,ARS,2024,12
1090,2023-09-12,2,24,3,1298,5,4843750,24218750,Teléfono,Tarjeta crédito,USD,2023,9
1091,2024-12-16,580,38,4,1187,1,356720,356720,Teléfono,Tarjeta crédito,USD,2024,12
1092,2024-06-13,820,4,4,1143,1,70550,70550,Teléfono,Tarjeta débito,USD,2024,6
1093,2024-04-28,984,49,1,1242,1,131270,131270,Mostrador,Tarjeta crédito,ARS,2024,4
1094,2024-01-15,210,52,1,1024,1,306450,306450,Online,Cheque,USD,2024,1
1095,2023-09-11,139,26,2,1141,5,6535180,32675900,Mostrador,Tarjeta débito,USD,2023,9
1096,2023-07-13,37,15,1,1240,1,314600,314600,Online,Cheque,USD,2023,7
1097,2023-08-30,218,4,4,1292,3,169190,507570,Teléfono,Tarjeta débito,ARS,2023,8
1098,2023-07-24,278,4,4,1032,5,273500,1367500,Campo,Cheque,ARS,2023,7
1099,2024-11-01,180,13,4,1082,3,214760,644280,Online,Transferencia,ARS,2024,11
1100,2023-11-21,5,40,4,1048,1,4374090,4374090,Mostrador,Transferencia,ARS,2023,11
1101,2023-03-05,130,15,1,1171,1,301010,301010,Campo,Cheque,ARS,2023,3
1102,2024-12-23,645,33,4,1262,1,2806350,2806350,Online,Tarjeta débito,USD,2024,12
1103,2024-11-30,611,9,4,1068,1,5310180,5310180,Online,Tarjeta crédito,USD,2024,11
1104,2024-12-12,672,51,1,1014,4,78130,312520,Teléfono,Transferencia,ARS,2024,12
1105,2024-12-30,748,33,4,1030,1,431330,431330,Online,Tarjeta crédito,USD,2024,12
1106,2023-07-10,147,49,1,1110,5,3705580,18527900,Mostrador,Tarjeta crédito,ARS,2023,7
1107,2023-12-03,359,13,4,1212,1,144310,144310,Online,Transferencia,USD,2023,12
1108,2024-10-10,627,7,2,1264,1,5054900,5054900,Teléfono,Transferencia,ARS,2024,10
1109,2024-08-03,4,49,1,1230,3,45950,137850,Campo,Cheque,ARS,2024,8
1110,2023-06-18,87,24,3,1202,4,4380630,17522520,Campo,Cheque,ARS,2023,6
1111,2024-11-11,558,3,3,1084,1,393510,393510,Teléfono,Transferencia,ARS,2024,11
1112,2023-09-04,83,43,1,1053,5,4411710,22058550,Teléfono,Cheque,USD,2023,9
1113,2023-09-03,154,14,1,1256,4,291340,1165360,Mostrador,Cheque,ARS,2023,9
1114,2024-02-11,506,52,1,1074,1,243920,243920,Mostrador,Efectivo,USD,2024,2
1115,2024-04-12,509,23,3,1220,2,4495770,8991540,Online,Tarjeta crédito,USD,2024,4
1116,2024-03-29,818,1,4,1143,3,136690,410070,Mostrador,Efectivo,ARS,2024,3
1117,2023-04-11,282,1,4,1100,1,3594160,3594160,Mostrador,Tarjeta débito,USD,2023,4
1118,2024-11-28,839,54,2,1129,5,1589130,7945650,Online,Tarjeta débito,USD,2024,11
1119,2023-10-19,288,53,4,1219,4,289080,1156320,Online,Tarjeta crédito,ARS,2023,10
1120,2023-05-23,111,19,1,1271,1,181120,181120,Online,Tarjeta crédito,ARS,2023,5
1121,2024-12-01,629,57,4,1022,2,326090,652180,Mostrador,Tarjeta débito,ARS,2024,12
1122,2024-12-19,97,16,1,1178,2,226020,452040,Campo,Tarjeta crédito,ARS,2024,12
1123,2024-11-24,940,43,1,1048,1,298470,298470,Teléfono,Transferencia,ARS,2024,11
1124,2024-11-09,282,11,3,1117,4,115120,460480,Mostrador,Tarjeta débito,ARS,2024,11
1125,2024-06-19,701,47,1,1214,1,146210,146210,Mostrador,Efectivo,ARS,2024,6
1126,2024-02-26,600,6,4,1179,4,182110,728440,Teléfono,Tarjeta débito,ARS,2024,2
1127,2023-04-06,307,9,4,1273,1,406720,406720,Teléfono,Efectivo,USD,2023,4
1128,2023-12-07,87,51,1,1167,1,238920,238920,Teléfono,Cheque,ARS,2023,12
1129,2023-11-27,26,59,2,1048,1,57920,57920,Teléfono,Transferencia,ARS,2023,11
1130,2023-10-12,380,40,4,1179,2,255900,511800,Teléfono,Efectivo,ARS,2023,10
1131,2024-09-02,429,38,4,1049,2,169130,338260,Mostrador,Efectivo,USD,2024,9
1132,2023-12-30,31,5,1,1068,1,4256710,4256710,Mostrador,Efectivo,ARS,2023,12
1133,2023-03-30,126,47,1,1255,2,429580,859160,Teléfono,Efectivo,USD,2023,3
1134,2023-08-30,198,36,4,1030,1,81680,81680,Campo,Tarjeta crédito,ARS,2023,8
1135,2024-07-20,301,41,3,1085,1,310780,310780,Teléfono,Efectivo,USD,2024,7
1136,2023-03-25,31,15,1,1277,1,114760,114760,Campo,Tarjeta débito,ARS,2023,3
1137,2024-11-21,367,52,1,1034,2,2545770,5091540,Online,Efectivo,ARS,2024,11
1138,2023-12-30,317,38,4,1214,1,35120,35120,Teléfono,Tarjeta débito,ARS,2023,12
1139,2023-12-26,232,6,4,1098,1,2543310,2543310,Mostrador,Tarjeta crédito,ARS,2023,12
1140,2024-04-11,45,38,4,1076,2,399490,798980,Campo,Tarjeta débito,USD,2024,4
1141,2024-11-13,493,40,4,1175,1,4089840,4089840,Mostrador,Tarjeta débito,ARS,2024,11
1142,2023-11-20,316,27,4,1143,1,2207890,2207890,Teléfono,Tarjeta débito,ARS,2023,11
1143,2024-07-14,189,47,1,1249,1,50070,50070,Online,Transferencia,USD,2024,7
1144,2024-03-13,52,36,4,1127,1,55880,55880,Online,Transferencia,USD,2024,3
1145,2023-10-20,52,43,1,1134,3,1852020,5556060,Online,Tarjeta débito,USD,2023,10
1146,2024-11-28,332,53,4,1178,3,303390,910170,Teléfono,Tarjeta crédito,USD,2024,11
1147,2024-11-06,499,8,2,1228,4,1938630,7754520,Mostrador,Tarjeta crédito,ARS,2024,11
1148,2024-06-23,977,49,1,1063,1,259100,259100,Online,Tarjeta débito,ARS,2024,6
1149,2024-11-21,318,25,4,1268,2,19260,38520,Mostrador,Cheque,USD,2024,11
1150,2024-11-25,410,13,4,1258,2,3978610,7957220,Mostrador,Efectivo,USD,2024,11
1151,2024-08-17,323,2,1,1144,2,123620,247240,Teléfono,Tarjeta débito,USD,2024,8
1152,2024-11-17,591,23,3,1212,3,2972000,8916000,Campo,Efectivo,ARS,2024,11
1153,2024-08-05,561,2,1,1052,2,265870,531740,Teléfono,Transferencia,ARS,2024,8
1154,2024-07-17,230,32,1,1212,4,2342400,9369600,Mostrador,Transferencia,ARS,2024,7
1155,2024-05-10,344,36,4,1099,4,2426320,9705280,Online,Tarjeta crédito,USD,2024,5
1156,2024-10-04,371,52,1,1135,2,5602570,11205140,Campo,Cheque,ARS,2024,10
1157,2023-06-23,44,9,4,1045,1,180630,180630,Mostrador,Transferencia,USD,2023,6
1158,2024-11-29,292,49,1,1042,1,2053490,2053490,Teléfono,Efectivo,USD,2024,11
1159,2024-11-26,437,24,3,1079,1,170930,170930,Mostrador,Efectivo,ARS,2024,11
1160,2023-02-02,247,1,4,1057,5,2594070,12970350,Teléfono,Tarjeta crédito,ARS,2023,2
1161,2024-11-14,940,16,1,1033,5,119910,599550,Mostrador,Cheque,USD,2024,11
1162,2023-05-22,219,14,1,1114,1,38350,38350,Campo,Efectivo,USD,2023,5
1163,2023-11-16,22,9,4,1300,1,62500,62500,Online,Efectivo,USD,2023,11
1164,2024-09-24,642,46,4,1114,3,377020,1131060,Online,Efectivo,ARS,2024,9
1165,2023-06-26,7,15,1,1056,3,2775130,8325390,Online,Transferencia,USD,2023,6
1166,2024-11-12,784,45,2,1044,1,181940,181940,Online,Tarjeta débito,ARS,2024,11
1167,2024-11-15,472,32,1,1212,4,376460,1505840,Campo,Tarjeta débito,USD,2024,11
1168,2024-01-09,350,32,1,1214,1,430980,430980,Mostrador,Tarjeta crédito,USD,2024,1
1169,2023-01-08,44,59,2,1034,1,201120,201120,Mostrador,Tarjeta crédito,ARS,2023,1
1170,2023-11-03,240,52,1,1270,1,355370,355370,Campo,Tarjeta crédito,USD,2023,11
1171,2024-05-08,878,6,4,1196,5,162620,813100,Mostrador,Efectivo,ARS,2024,5
1172,2024-12-26,65,1,4,1125,2,1581900,3163800,Online,Cheque,ARS,2024,12
1173,2024-05-25,246,13,4,1079,2,3233800,6467600,Teléfono,Efectivo,ARS,2024,5
1174,2023-10-13,73,4,4,1255,2,5146700,10293400,Online,Cheque,USD,2023,10
1175,2024-05-27,71,53,4,1145,1,3273600,3273600,Mostrador,Transferencia,USD,2024,5
1176,2024-02-14,709,55,2,1083,1,54350,54350,Teléfono,Tarjeta débito,ARS,2024,2
1177,2024-11-01,701,58,3,1230,1,71900,71900,Mostrador,Efectivo,ARS,2024,11
1178,2023-04-28,158,53,4,1137,5,196120,980600,Online,Tarjeta débito,USD,2023,4
1179,2024-10-13,938,18,3,1027,1,3287870,3287870,Campo,Tarjeta débito,USD,2024,10
1180,2024-02-15,475,15,1,1177,1,3054210,3054210,Mostrador,Transferencia,USD,2024,2
1181,2024-12-21,842,36,4,1207,2,285170,570340,Mostrador,Transferencia,USD,2024,12
1182,2023-11-18,25,27,4,1135,4,324830,1299320,Online,Tarjeta crédito,ARS,2023,11
1183,2024-05-25,850,4,4,1026,4,126810,507240,Teléfono,Transferencia,ARS,2024,5
1184,2024-12-13,583,31,3,1213,4,1759450,7037800,Teléfono,Tarjeta débito,USD,2024,12
1185,2023-04-23,313,57,4,1037,1,264450,264450,Teléfono,Tarjeta crédito,ARS,2023,4
1186,2024-12-14,223,33,4,1293,1,119980,119980,Online,Cheque,ARS,2024,12
1187,2024-07-25,160,14,1,1179,3,2630440,7891320,Campo,Efectivo,USD,2024,7
1188,2023-03-16,306,6,4,1160,1,2191920,2191920,Campo,Efectivo,ARS,2023,3
1189,2023-11-07,75,35,1,1012,3,134640,403920,Campo,Tarjeta crédito,USD,2023,11
1190,2024-08-16,138,10,3,1169,2,3992950,7985900,Online,Cheque,ARS,2024,8
1191,2023-03-15,41,60,3,1110,5,152750,763750,Online,Efectivo,USD,2023,3
1192,2024-03-31,303,14,1,1080,2,68730,137460,Campo,Efectivo,ARS,2024,3
1193,2023-11-19,398,32,1,1014,5,2879950,14399750,Teléfono,Tarjeta débito,USD,2023,11
1194,2024-05-13,387,41,3,1054,5,38880,194400,Teléfono,Tarjeta crédito,USD,2024,5
1195,2023-02-20,334,35,1,1254,5,143170,715850,Campo,Tarjeta débito,USD,2023,2
1196,2024-11-26,309,20,1,1065,3,3654310,10962930,Online,Tarjeta débito,USD,2024,11
1197,2024-12-24,528,40,4,1058,1,212690,212690,Teléfono,Tarjeta crédito,ARS,2024,12
1198,2024-12-23,887,30,1,1096,1,164130,164130,Teléfono,Cheque,USD,2024,12
1199,2024-10-01,701,48,2,1021,5,352990,1764950,Teléfono,Tarjeta crédito,ARS,2024,10
1200,2023-05-23,28,53,4,1260,1,5411390,5411390,Teléfono,Tarjeta crédito,USD,2023,5
1201,2024-10-10,163,19,1,1073,5,1958570,9792850,Mostrador,Efectivo,USD,2024,10
1202,2023-01-27,386,49,1,1248,1,39110,39110,Campo,Cheque,USD,2023,1
1203,2023-01-25,317,37,3,1127,1,2607130,2607130,Mostrador,Tarjeta crédito,USD,2023,1
1204,2023-11-13,55,13,4,1046,4,79500,318000,Online,Tarjeta crédito,ARS,2023,11
1205,2023-12-29,274,4,4,1268,1,325530,325530,Online,Efectivo,ARS,2023,12
1206,2024-10-24,455,27,4,1128,5,5018840,25094200,Teléfono,Cheque,USD,2024,10
1207,2024-07-20,305,1,4,1030,4,195130,780520,Mostrador,Transferencia,USD,2024,7
1208,2023-12-17,102,19,1,1094,1,3642100,3642100,Online,Efectivo,ARS,2023,12
1209,2023-10-28,42,49,1,1224,1,194390,194390,Teléfono,Cheque,ARS,2023,10
1210,2024-12-31,775,15,1,1116,1,378360,378360,Campo,Tarjeta débito,USD,2024,12
1211,2023-12-11,388,14,1,1100,3,359130,1077390,Teléfono,Tarjeta débito,ARS,2023,12
1212,2023-12-18,171,40,4,1071,3,130030,390090,Mostrador,Transferencia,ARS,2023,12
1213,2023-06-29,208,3,3,1081,1,365610,365610,Campo,Cheque,ARS,2023,6
1214,2024-11-05,315,49,1,1300,4,4456710,17826840,Campo,Tarjeta débito,USD,2024,11
1215,2024-07-31,49,25,4,1108,1,144220,144220,Teléfono,Transferencia,ARS,2024,7
1216,2023-08-31,60,47,1,1102,1,1754260,1754260,Online,Transferencia,USD,2023,8
1217,2023-04-01,6,20,1,1091,3,5036990,15110970,Online,Tarjeta crédito,USD,2023,4
1218,2024-07-17,148,40,4,1016,4,2597460,10389840,Online,Transferencia,USD,2024,7
1219,2024-06-18,799,2,1,1110,5,2194210,10971050,Campo,Tarjeta crédito,USD,2024,6
1220,2023-10-27,211,35,1,1263,1,5411390,5411390,Online,Transferencia,ARS,2023,10
1221,2024-12-18,372,2,1,1160,4,122240,488960,Teléfono,Tarjeta crédito,ARS,2024,12
1222,2023-06-15,150,20,1,1253,4,83140,332560,Online,Efectivo,USD,2023,6
1223,2023-12-13,85,40,4,1089,4,91030,364120,Online,Tarjeta crédito,ARS,2023,12
1224,2024-12-16,978,46,4,1095,5,213380,1066900,Online,Efectivo,USD,2024,12
1225,2023-12-10,160,19,1,1272,1,399540,399540,Campo,Tarjeta débito,ARS,2023,12
1226,2024-06-01,47,20,1,1247,1,1972200,1972200,Teléfono,Tarjeta crédito,ARS,2024,6
1227,2023-12-04,162,53,4,1206,3,5851930,17555790,Teléfono,Cheque,ARS,2023,12
1228,2023-10-28,155,33,4,1133,3,38950,116850,Campo,Efectivo,USD,2023,10
1229,2024-12-27,230,21,1,1228,5,75670,378350,Teléfono,Efectivo,USD,2024,12
1230,2023-12-07,300,30,1,1286,5,36660,183300,Online,Efectivo,USD,2023,12
1231,2024-12-02,158,53,4,1248,1,4309600,4309600,Online,Transferencia,USD,2024,12
1232,2023-09-10,161,23,3,1067,4,220320,881280,Online,Tarjeta crédito,USD,2023,9
1233,2023-08-22,247,30,1,1046,1,3313130,3313130,Teléfono,Tarjeta crédito,USD,2023,8
1234,2023-02-04,56,29,3,1043,1,170850,170850,Online,Efectivo,USD,2023,2
1235,2024-06-15,151,35,1,1229,4,5120190,20480760,Online,Tarjeta débito,USD,2024,6
1236,2023-11-26,299,8,2,1085,1,5648330,5648330,Campo,Cheque,USD,2023,11
1237,2024-11-24,979,55,2,1234,2,290780,581560,Teléfono,Transferencia,ARS,2024,11
1238,2023-12-24,54,4,4,1199,1,295270,295270,Teléfono,Tarjeta crédito,ARS,2023,12
1239,2024-12-23,223,34,2,1285,1,3837350,3837350,Teléfono,Cheque,USD,2024,12
1240,2023-07-23,254,14,1,1032,2,293230,586460,Campo,Cheque,ARS,2023,7
1241,2024-11-25,580,5,1,1264,1,3450150,3450150,Teléfono,Transferencia,USD,2024,11
1242,2024-10-30,565,33,4,1113,3,121950,365850,Campo,Tarjeta débito,ARS,2024,10
1243,2024-10-24,467,20,1,1228,2,352630,705260,Mostrador,Tarjeta débito,USD,2024,10
1244,2024-11-19,757,21,1,1276,3,175800,527400,Campo,Cheque,ARS,2024,11
1245,2024-10-13,486,19,1,1146,1,257760,257760,Online,Tarjeta crédito,USD,2024,10
1246,2024-05-18,552,36,4,1006,1,424900,424900,Teléfono,Tarjeta crédito,ARS,2024,5
1247,2023-05-24,342,48,2,1127,1,412410,412410,Mostrador,Cheque,USD,2023,5
1248,2023-02-05,393,5,1,1108,1,355310,355310,Teléfono,Tarjeta crédito,USD,2023,2
1249,2024-12-10,863,52,1,1260,1,1765000,1765000,Online,Cheque,ARS,2024,12
1250,2024-05-08,138,38,4,1071,2,206130,412260,Teléfono,Cheque,ARS,2024,5
1251,2024-11-06,778,28,2,1127,3,392250,1176750,Mostrador,Cheque,USD,2024,11
1252,2023-12-27,138,36,4,1162,2,2959640,5919280,Online,Transferencia,USD,2023,12
1253,2023-05-09,292,6,4,1100,1,1659150,1659150,Campo,Cheque,ARS,2023,5
1254,2023-05-18,210,13,4,1079,1,439420,439420,Mostrador,Efectivo,USD,2023,5
1255,2024-07-23,684,51,1,1033,1,292930,292930,Campo,Tarjeta débito,ARS,2024,7
1256,2023-12-13,185,33,4,1143,3,156750,470250,Mostrador,Tarjeta débito,ARS,2023,12
1257,2023-08-08,299,5,1,1244,5,416810,2084050,Online,Efectivo,USD,2023,8
1258,2023-12-29,240,51,1,1224,1,5891660,5891660,Mostrador,Cheque,USD,2023,12
1259,2023-03-12,211,25,4,1214,1,2966110,2966110,Teléfono,Transferencia,USD,2023,3
1260,2024-03-31,875,35,1,1120,1,5388330,5388330,Campo,Cheque,USD,2024,3
1261,2023-10-23,151,15,1,1168,1,122890,122890,Mostrador,Efectivo,USD,2023,10
1262,2024-11-06,388,43,1,1128,5,200950,1004750,Teléfono,Efectivo,USD,2024,11
1263,2023-11-10,396,50,3,1217,4,2517300,10069200,Campo,Transferencia,ARS,2023,11
1264,2023-12-19,124,52,1,1230,1,355110,355110,Mostrador,Efectivo,USD,2023,12
1265,2023-01-13,49,57,4,1217,5,255720,1278600,Teléfono,Tarjeta débito,USD,2023,1
1266,2023-03-21,397,46,4,1054,1,5891660,5891660,Teléfono,Tarjeta débito,USD,2023,3
1267,2023-12-02,124,25,4,1208,1,337930,337930,Teléfono,Efectivo,ARS,2023,12
1268,2023-12-26,68,14,1,1080,5,160240,801200,Teléfono,Cheque,USD,2023,12
1269,2024-04-20,475,25,4,1151,1,3100870,3100870,Campo,Tarjeta débito,USD,2024,4
1270,2023-11-04,358,20,1,1055,1,6068050,6068050,Mostrador,Cheque,ARS,2023,11
1271,2024-08-02,743,32,1,1005,1,38710,38710,Campo,Cheque,USD,2024,8
1272,2024-11-23,456,14,1,1035,1,357970,357970,Teléfono,Cheque,ARS,2024,11
1273,2024-11-01,346,42,3,1128,5,4688400,23442000,Teléfono,Transferencia,USD,2024,11
1274,2023-02-13,9,43,1,1119,1,2000950,2000950,Teléfono,Cheque,ARS,2023,2
1275,2023-12-26,266,21,1,1197,1,5326960,5326960,Campo,Transferencia,USD,2023,12
1276,2023-04-26,125,51,1,1054,5,408400,2042000,Campo,Efectivo,USD,2023,4
1277,2023-09-23,371,5,1,1259,1,4365040,4365040,Mostrador,Tarjeta débito,ARS,2023,9
1278,2024-12-28,833,23,3,1262,4,240450,961800,Online,Tarjeta crédito,USD,2024,12
1279,2023-06-06,112,53,4,1298,5,317270,1586350,Mostrador,Tarjeta crédito,USD,2023,6
1280,2023-12-31,328,1,4,1110,1,4554040,4554040,Campo,Tarjeta débito,ARS,2023,12
1281,2024-05-10,330,20,1,1002,1,5684550,5684550,Teléfono,Tarjeta débito,ARS,2024,5
1282,2024-08-10,566,2,1,1082,3,1573880,4721640,Teléfono,Tarjeta crédito,ARS,2024,8
1283,2024-03-06,427,9,4,1244,3,196850,590550,Teléfono,Transferencia,USD,2024,3
1284,2023-01-11,89,51,1,1005,1,442090,442090,Online,Efectivo,USD,2023,1
1285,2023-11-14,95,9,4,1174,4,1718480,6873920,Teléfono,Cheque,ARS,2023,11
1286,2024-01-20,871,43,1,1139,3,4554040,13662120,Teléfono,Efectivo,ARS,2024,1
1287,2023-04-07,250,13,4,1193,3,322800,968400,Teléfono,Tarjeta crédito,USD,2023,4
1288,2023-11-21,317,5,1,1138,1,352630,352630,Mostrador,Transferencia,USD,2023,11
1289,2023-02-06,166,49,1,1297,1,259100,259100,Campo,Cheque,ARS,2023,2
1290,2023-03-28,227,57,4,1116,1,6332160,6332160,Teléfono,Efectivo,ARS,2023,3
1291,2023-12-03,136,37,3,1044,1,80070,80070,Campo,Cheque,ARS,2023,12
1292,2023-05-26,384,43,1,1131,1,46050,46050,Campo,Transferencia,ARS,2023,5
1293,2024-03-15,577,34,2,1289,1,323700,323700,Teléfono,Transferencia,USD,2024,3
1294,2024-07-27,5,25,4,1219,5,29640,148200,Campo,Cheque,USD,2024,7
1295,2024-11-07,632,49,1,1056,1,3226370,3226370,Online,Tarjeta crédito,ARS,2024,11
1296,2023-08-08,371,21,1,1242,5,4294030,21470150,Mostrador,Transferencia,USD,2023,8
1297,2023-07-03,219,59,2,1258,1,242370,242370,Campo,Transferencia,USD,2023,7
1298,2023-04-25,365,32,1,1001,3,3363220,10089660,Mostrador,Tarjeta débito,USD,2023,4
1299,2024-05-30,986,60,3,1289,3,385110,1155330,Teléfono,Efectivo,ARS,2024,5
1300,2024-08-15,555,15,1,1103,1,5401560,5401560,Campo,Transferencia,ARS,2024,8
1301,2023-02-04,188,43,1,1292,4,189760,759040,Mostrador,Tarjeta débito,USD,2023,2
1302,2024-12-14,26,5,1,1149,2,176080,352160,Campo,Efectivo,ARS,2024,12
1303,2023-02-27,267,55,2,1084,4,3025690,12102760,Online,Tarjeta crédito,USD,2023,2
1304,2024-02-15,162,21,1,1026,5,209120,1045600,Teléfono,Cheque,ARS,2024,2
1305,2024-08-17,745,43,1,1175,1,143170,143170,Online,Transferencia,ARS,2024,8
1306,2024-11-26,130,15,1,1223,1,249020,249020,Teléfono,Transferencia,USD,2024,11
1307,2024-08-23,533,57,4,1129,2,4663990,9327980,Online,Efectivo,USD,2024,8
1308,2024-11-07,883,21,1,1142,5,84520,422600,Campo,Tarjeta crédito,USD,2024,11
1309,2023-11-18,128,53,4,1131,1,2596000,2596000,Online,Transferencia,ARS,2023,11
1310,2024-11-11,588,5,1,1218,5,267800,1339000,Mostrador,Tarjeta crédito,USD,2024,11
1311,2023-03-29,73,47,1,1298,5,297080,1485400,Campo,Tarjeta crédito,USD,2023,3
1312,2024-12-03,233,26,2,1135,3,4751130,14253390,Online,Transferencia,USD,2024,12
1313,2024-02-22,855,56,2,1055,1,40500,40500,Teléfono,Cheque,USD,2024,2
1314,2024-11-11,106,36,4,1056,2,2562310,5124620,Campo,Tarjeta débito,ARS,2024,11
1315,2023-12-19,389,13,4,1076,1,317440,317440,Campo,Tarjeta débito,ARS,2023,12
1316,2024-06-07,9,25,4,1155,5,347550,1737750,Teléfono,Tarjeta débito,ARS,2024,6
1317,2024-01-30,631,31,3,1167,1,92550,92550,Teléfono,Cheque,USD,2024,1
1318,2024-09-11,50,56,2,1132,5,159880,799400,Mostrador,Tarjeta crédito,ARS,2024,9
1319,2023-03-31,10,30,1,1042,1,108850,108850,Online,Tarjeta débito,ARS,2023,3
1320,2023-03-08,113,36,4,1110,3,411070,1233210,Campo,Efectivo,ARS,2023,3
1321,2023-09-29,266,23,3,1070,5,1660050,8300250,Teléfono,Efectivo,USD,2023,9
1322,2023-06-25,78,10,3,1284,4,2016290,8065160,Mostrador,Cheque,USD,2023,6
1323,2024-11-26,36,20,1,1126,1,6545060,6545060,Teléfono,Cheque,ARS,2024,11
1324,2023-08-29,202,30,1,1007,1,3252620,3252620,Online,Transferencia,ARS,2023,8
1325,2024-12-25,824,4,4,1296,1,427350,427350,Online,Tarjeta débito,USD,2024,12
1326,2023-11-17,118,20,1,1179,2,42740,85480,Online,Cheque,ARS,2023,11
1327,2023-07-19,190,43,1,1298,4,6231510,24926040,Online,Tarjeta crédito,ARS,2023,7
1328,2024-11-04,754,20,1,1197,2,117880,235760,Online,Cheque,ARS,2024,11
1329,2024-06-23,805,6,4,1261,5,348070,1740350,Mostrador,Tarjeta débito,ARS,2024,6
1330,2023-12-31,169,19,1,1101,2,292900,585800,Teléfono,Tarjeta crédito,USD,2023,12
1331,2024-03-02,512,33,4,1061,2,119580,239160,Online,Tarjeta crédito,ARS,2024,3
1332,2024-08-28,230,52,1,1183,1,313370,313370,Campo,Tarjeta débito,USD,2024,8
1333,2023-09-08,48,38,4,1297,1,1925370,1925370,Teléfono,Transferencia,USD,2023,9
1334,2024-12-30,150,33,4,1009,1,28550,28550,Campo,Transferencia,ARS,2024,12
1335,2024-12-25,855,49,1,1206,5,138430,692150,Mostrador,Tarjeta crédito,ARS,2024,12
1336,2024-06-14,208,18,3,1228,4,206420,825680,Mostrador,Efectivo,ARS,2024,6
1337,2023-08-07,61,5,1,1054,3,4276900,12830700,Campo,Transferencia,USD,2023,8
1338,2024-07-17,843,49,1,1180,1,165200,165200,Mostrador,Tarjeta débito,ARS,2024,7
1339,2023-03-21,117,4,4,1104,2,289400,578800,Mostrador,Tarjeta débito,USD,2023,3
1340,2023-02-03,239,47,1,1126,5,336430,1682150,Mostrador,Cheque,USD,2023,2
1341,2023-10-10,371,21,1,1034,1,410160,410160,Mostrador,Transferencia,ARS,2023,10
1342,2023-12-21,355,35,1,1165,3,135890,407670,Mostrador,Tarjeta débito,USD,2023,12
1343,2024-11-25,48,32,1,1298,1,1844010,1844010,Teléfono,Transferencia,ARS,2024,11
1344,2024-09-06,448,13,4,1270,2,431790,863580,Mostrador,Transferencia,ARS,2024,9
1345,2024-09-23,757,16,1,1289,1,40170,40170,Mostrador,Tarjeta crédito,ARS,2024,9
1346,2023-12-11,293,40,4,1118,5,190340,951700,Mostrador,Efectivo,USD,2023,12
1347,2023-11-19,5,9,4,1092,5,3770480,18852400,Mostrador,Tarjeta débito,USD,2023,11
1348,2023-11-26,100,35,1,1100,1,5815870,5815870,Online,Tarjeta débito,ARS,2023,11
1349,2024-12-28,205,32,1,1087,1,2600510,2600510,Campo,Transferencia,ARS,2024,12
1350,2023-02-13,180,9,4,1234,1,293690,293690,Campo,Tarjeta débito,ARS,2023,2
1351,2024-11-25,529,21,1,1124,2,36740,73480,Campo,Cheque,USD,2024,11
1352,2024-03-27,90,14,1,1203,4,39820,159280,Teléfono,Tarjeta débito,USD,2024,3
1353,2023-12-15,108,35,1,1032,1,4491260,4491260,Online,Tarjeta crédito,ARS,2023,12
1354,2024-09-04,190,58,3,1039,1,211680,211680,Campo,Efectivo,USD,2024,9
1355,2023-12-28,180,6,4,1094,1,4153490,4153490,Campo,Transferencia,ARS,2023,12
1356,2024-11-27,761,21,1,1010,1,4884090,4884090,Campo,Transferencia,USD,2024,11
1357,2024-12-04,763,14,1,1215,1,4976950,4976950,Teléfono,Cheque,ARS,2024,12
1358,2023-12-10,20,46,4,1100,1,407850,407850,Online,Efectivo,ARS,2023,12
1359,2023-10-31,359,4,4,1244,4,423290,1693160,Campo,Transferencia,USD,2023,10
1360,2024-04-11,609,42,3,1058,4,333180,1332720,Mostrador,Transferencia,ARS,2024,4
1361,2024-12-07,734,40,4,1062,2,39810,79620,Mostrador,Tarjeta débito,ARS,2024,12
1362,2023-08-20,144,52,1,1019,2,2559500,5119000,Campo,Tarjeta débito,ARS,2023,8
1363,2024-05-15,7,53,4,1117,1,365260,365260,Teléfono,Cheque,USD,2024,5
1364,2024-05-24,862,47,1,1136,3,50820,152460,Teléfono,Efectivo,USD,2024,5
1365,2024-09-13,322,16,1,1079,1,157720,157720,Teléfono,Efectivo,ARS,2024,9
1366,2023-05-25,268,40,4,1296,1,145530,145530,Mostrador,Efectivo,ARS,2023,5
1367,2024-08-25,427,14,1,1013,3,284740,854220,Online,Efectivo,ARS,2024,8
1368,2024-12-07,296,25,4,1101,3,417090,1251270,Online,Tarjeta crédito,USD,2024,12
1369,2023-07-17,1,35,1,1155,1,2470690,2470690,Campo,Cheque,ARS,2023,7
1370,2023-09-18,58,27,4,1082,1,183710,183710,Mostrador,Tarjeta débito,ARS,2023,9
1371,2024-12-24,387,6,4,1088,1,1826320,1826320,Campo,Transferencia,USD,2024,12
1372,2023-07-18,264,30,1,1105,2,52940,105880,Online,Efectivo,USD,2023,7
1373,2024-11-22,90,38,4,1130,1,1871510,1871510,Online,Efectivo,USD,2024,11
1374,2023-12-30,75,2,1,1272,2,4834370,9668740,Teléfono,Cheque,USD,2023,12
1375,2023-09-29,341,57,4,1014,1,308280,308280,Online,Tarjeta crédito,ARS,2023,9
1376,2024-11-26,261,39,2,1128,3,387040,1161120,Online,Cheque,ARS,2024,11
1377,2023-12-17,282,9,4,1060,2,120250,240500,Teléfono,Transferencia,ARS,2023,12
1378,2024-01-17,341,39,2,1227,4,137500,550000,Mostrador,Transferencia,USD,2024,1
1379,2023-11-23,329,30,1,1017,1,1688270,1688270,Online,Tarjeta débito,ARS,2023,11
1380,2024-04-12,401,30,1,1045,1,383780,383780,Mostrador,Efectivo,ARS,2024,4
1381,2023-06-29,357,2,1,1038,4,377020,1508080,Teléfono,Tarjeta crédito,ARS,2023,6
1382,2023-12-02,243,38,4,1124,1,2623850,2623850,Campo,Tarjeta crédito,ARS,2023,12
1383,2024-12-23,499,42,3,1064,3,2086740,6260220,Teléfono,Tarjeta crédito,ARS,2024,12
1384,2023-10-11,322,46,4,1253,4,299400,1197600,Mostrador,Efectivo,USD,2023,10
1385,2024-06-21,435,15,1,1262,1,195280,195280,Online,Tarjeta débito,ARS,2024,6
1386,2023-11-14,119,39,2,1112,1,313970,313970,Teléfono,Tarjeta crédito,USD,2023,11
1387,2024-10-27,47,32,1,1102,4,234740,938960,Mostrador,Tarjeta crédito,ARS,2024,10
1388,2023-05-24,168,25,4,1049,1,319030,319030,Online,Tarjeta crédito,USD,2023,5
1389,2024-12-23,348,36,4,1277,1,198050,198050,Online,Cheque,USD,2024,12
1390,2023-12-19,27,47,1,1227,1,3002160,3002160,Online,Efectivo,USD,2023,12
1391,2023-09-16,296,20,1,1023,1,363550,363550,Teléfono,Cheque,ARS,2023,9
1392,2023-03-22,1,51,1,1201,3,133040,399120,Teléfono,Tarjeta crédito,USD,2023,3
1393,2023-07-06,174,23,3,1185,1,4724460,4724460,Mostrador,Cheque,USD,2023,7
1394,2024-01-23,395,44,3,1064,3,2716330,8148990,Campo,Cheque,ARS,2024,1
1395,2023-11-17,167,13,4,1157,1,273210,273210,Mostrador,Efectivo,ARS,2023,11
1396,2024-11-15,530,49,1,1283,2,2787470,5574940,Teléfono,Transferencia,ARS,2024,11
1397,2023-12-13,91,4,4,1149,1,4702260,4702260,Teléfono,Transferencia,USD,2023,12
1398,2023-09-30,303,38,4,1079,3,3941820,11825460,Online,Tarjeta crédito,USD,2023,9
1399,2024-05-09,202,14,1,1169,2,162220,324440,Mostrador,Cheque,ARS,2024,5
1400,2024-08-15,996,34,2,1133,3,29530,88590,Mostrador,Transferencia,ARS,2024,8
1401,2023-07-03,21,47,1,1084,4,77440,309760,Online,Cheque,USD,2023,7
1402,2023-07-03,156,34,2,1132,4,136190,544760,Mostrador,Tarjeta crédito,ARS,2023,7
1403,2023-02-10,385,27,4,1197,1,3511330,3511330,Campo,Tarjeta crédito,ARS,2023,2
1404,2024-09-16,14,19,1,1135,4,1896350,7585400,Online,Tarjeta débito,ARS,2024,9
1405,2024-06-29,20,36,4,1035,2,402900,805800,Mostrador,Tarjeta crédito,USD,2024,6
1406,2023-12-25,244,44,3,1220,1,70280,70280,Online,Cheque,USD,2023,12
1407,2024-11-19,889,16,1,1185,3,4719260,14157780,Online,Tarjeta débito,USD,2024,11
1408,2024-11-08,457,24,3,1005,3,2578980,7736940,Online,Cheque,USD,2024,11
1409,2024-04-04,173,7,2,1071,1,1725420,1725420,Campo,Tarjeta crédito,ARS,2024,4
1410,2024-11-25,445,14,1,1109,5,1575630,7878150,Campo,Transferencia,ARS,2024,11
1411,2023-08-14,122,47,1,1241,4,147410,589640,Teléfono,Tarjeta crédito,USD,2023,8
1412,2023-05-03,184,19,1,1297,1,1753360,1753360,Teléfono,Efectivo,USD,2023,5
1413,2023-10-23,308,19,1,1258,1,4333470,4333470,Mostrador,Tarjeta crédito,USD,2023,10
1414,2023-03-04,68,2,1,1193,1,1901320,1901320,Campo,Efectivo,USD,2023,3
1415,2024-02-04,805,5,1,1168,1,4121390,4121390,Online,Tarjeta crédito,ARS,2024,2
1416,2024-12-14,850,32,1,1167,3,406430,1219290,Teléfono,Efectivo,USD,2024,12
1417,2023-02-13,159,27,4,1236,2,47210,94420,Teléfono,Cheque,ARS,2023,2
1418,2023-05-14,49,2,1,1294,2,2012510,4025020,Teléfono,Tarjeta crédito,ARS,2023,5
1419,2023-12-19,181,38,4,1298,1,2408170,2408170,Online,Efectivo,USD,2023,12
1420,2024-12-13,807,28,2,1248,1,185090,185090,Online,Tarjeta débito,ARS,2024,12
1421,2023-11-11,394,1,4,1165,1,5654830,5654830,Mostrador,Transferencia,ARS,2023,11
1422,2024-01-09,393,19,1,1110,1,4267580,4267580,Mostrador,Tarjeta débito,ARS,2024,1
1423,2023-02-15,348,27,4,1071,1,261650,261650,Campo,Cheque,ARS,2023,2
1424,2023-06-12,141,45,2,1231,5,4599350,22996750,Mostrador,Efectivo,USD,2023,6
1425,2024-12-28,530,53,4,1055,1,293080,293080,Teléfono,Tarjeta crédito,USD,2024,12
1426,2024-12-22,652,43,1,1182,1,4374090,4374090,Online,Efectivo,ARS,2024,12
1427,2023-01-06,72,14,1,1022,3,126420,379260,Mostrador,Tarjeta débito,ARS,2023,1
1428,2024-12-18,471,57,4,1283,1,2826380,2826380,Online,Cheque,USD,2024,12
1429,2024-06-02,754,49,1,1105,2,156480,312960,Campo,Transferencia,ARS,2024,6
1430,2024-11-25,773,22,2,1175,1,168970,168970,Online,Transferencia,USD,2024,11
1431,2023-12-19,263,35,1,1294,5,4443640,22218200,Teléfono,Tarjeta débito,ARS,2023,12
1432,2024-01-18,143,60,3,1039,4,3053190,12212760,Mostrador,Cheque,ARS,2024,1
1433,2023-12-29,195,46,4,1060,1,37020,37020,Online,Tarjeta crédito,ARS,2023,12
1434,2024-07-02,146,22,2,1300,3,237990,713970,Mostrador,Cheque,ARS,2024,7
1435,2023-06-03,294,13,4,1299,1,283680,283680,Campo,Tarjeta débito,ARS,2023,6
1436,2023-02-02,26,34,2,1212,1,305620,305620,Teléfono,Cheque,ARS,2023,2
1437,2023-11-09,59,22,2,1155,2,135760,271520,Online,Tarjeta débito,USD,2023,11
1438,2024-08-13,564,9,4,1173,5,385100,1925500,Teléfono,Tarjeta débito,USD,2024,8
1439,2023-08-10,149,13,4,1023,3,358570,1075710,Teléfono,Transferencia,ARS,2023,8
1440,2024-07-09,913,13,4,1240,4,3025690,12102760,Online,Efectivo,ARS,2024,7
1441,2024-12-23,107,30,1,1209,1,3917760,3917760,Online,Cheque,ARS,2024,12
1442,2023-04-14,318,45,2,1122,5,247230,1236150,Online,Efectivo,ARS,2023,4
1443,2024-07-08,59,2,1,1253,4,133060,532240,Mostrador,Cheque,ARS,2024,7
1444,2023-12-16,258,5,1,1141,5,6674050,33370250,Teléfono,Transferencia,USD,2023,12
1445,2024-11-25,960,56,2,1127,1,2767630,2767630,Teléfono,Efectivo,USD,2024,11
1446,2023-07-14,281,13,4,1062,1,4169450,4169450,Online,Efectivo,ARS,2023,7
1447,2024-07-30,425,46,4,1153,2,355440,710880,Teléfono,Cheque,ARS,2024,7
1448,2024-11-17,531,14,1,1214,1,2201240,2201240,Teléfono,Tarjeta débito,ARS,2024,11
1449,2024-12-16,166,20,1,1249,1,233380,233380,Online,Tarjeta débito,ARS,2024,12
1450,2024-07-20,25,57,4,1048,2,2470670,4941340,Campo,Efectivo,ARS,2024,7
1451,2023-12-31,4,35,1,1255,4,5301390,21205560,Online,Cheque,ARS,2023,12
1452,2024-05-09,3,18,3,1017,1,202110,202110,Mostrador,Tarjeta crédito,USD,2024,5
1453,2024-11-26,418,52,1,1296,1,76430,76430,Campo,Cheque,ARS,2024,11
1454,2024-03-18,362,5,1,1258,3,3376460,10129380,Mostrador,Tarjeta débito,ARS,2024,3
1455,2023-02-03,394,33,4,1133,3,5104250,15312750,Teléfono,Cheque,ARS,2023,2
1456,2024-12-13,369,16,1,1069,5,119430,597150,Teléfono,Efectivo,ARS,2024,12
1457,2024-07-27,539,19,1,1085,5,205820,1029100,Online,Tarjeta débito,ARS,2024,7
1458,2024-07-13,880,21,1,1282,1,2539510,2539510,Online,Tarjeta débito,ARS,2024,7
1459,2023-08-25,346,53,4,1208,1,79370,79370,Mostrador,Transferencia,USD,2023,8
1460,2024-06-23,731,25,4,1040,4,2832840,11331360,Teléfono,Tarjeta crédito,USD,2024,6
1461,2023-12-03,385,32,1,1096,1,154900,154900,Mostrador,Tarjeta débito,USD,2023,12
1462,2024-06-15,44,14,1,1250,3,278450,835350,Teléfono,Efectivo,USD,2024,6
1463,2023-04-27,212,42,3,1136,1,206800,206800,Online,Tarjeta crédito,ARS,2023,4
1464,2024-06-22,564,20,1,1073,1,393480,393480,Mostrador,Tarjeta débito,ARS,2024,6
1465,2024-12-31,153,57,4,1085,5,2596360,12981800,Online,Transferencia,ARS,2024,12
1466,2023-02-22,202,15,1,1273,1,2506220,2506220,Teléfono,Tarjeta débito,ARS,2023,2
1467,2024-12-25,321,47,1,1169,1,342820,342820,Campo,Tarjeta débito,ARS,2024,12
1468,2023-12-06,11,25,4,1103,1,385110,385110,Teléfono,Tarjeta crédito,USD,2023,12
1469,2024-11-26,580,52,1,1198,5,307840,1539200,Campo,Cheque,USD,2024,11
1470,2024-11-02,227,25,4,1048,3,4103530,12310590,Online,Cheque,USD,2024,11
1471,2024-03-15,633,35,1,1106,1,130730,130730,Online,Transferencia,ARS,2024,3
1472,2024-09-19,333,16,1,1101,1,237640,237640,Campo,Transferencia,ARS,2024,9
1473,2024-11-28,469,53,4,1235,5,409050,2045250,Online,Efectivo,USD,2024,11
1474,2023-12-05,15,2,1,1280,2,43040,86080,Campo,Tarjeta débito,ARS,2023,12
1475,2023-11-14,57,57,4,1214,2,123680,247360,Online,Transferencia,ARS,2023,11
1476,2024-07-03,330,21,1,1106,1,420500,420500,Teléfono,Tarjeta débito,ARS,2024,7
1477,2024-11-09,64,42,3,1035,1,308780,308780,Campo,Tarjeta crédito,ARS,2024,11
1478,2024-10-15,230,57,4,1157,2,141770,283540,Online,Tarjeta débito,ARS,2024,10
1479,2024-11-06,11,32,1,1273,1,144020,144020,Campo,Cheque,USD,2024,11
1480,2023-12-14,121,4,4,1240,1,3539110,3539110,Teléfono,Tarjeta crédito,USD,2023,12
1481,2024-11-12,224,18,3,1207,1,2703830,2703830,Campo,Cheque,USD,2024,11
1482,2023-05-12,225,35,1,1245,3,169190,507570,Teléfono,Transferencia,USD,2023,5
1483,2024-02-19,637,60,3,1093,1,4242970,4242970,Teléfono,Cheque,USD,2024,2
1484,2023-01-07,148,29,3,1109,1,2212640,2212640,Online,Tarjeta crédito,USD,2023,1
1485,2023-11-14,228,52,1,1135,1,4045730,4045730,Mostrador,Transferencia,ARS,2023,11
1486,2023-11-25,30,16,1,1114,4,4035630,16142520,Teléfono,Tarjeta débito,USD,2023,11
1487,2023-12-03,10,16,1,1024,2,6057650,12115300,Online,Efectivo,USD,2023,12
1488,2024-08-02,54,52,1,1293,1,124920,124920,Teléfono,Transferencia,USD,2024,8
1489,2023-12-01,186,9,4,1252,1,142630,142630,Campo,Tarjeta débito,USD,2023,12
1490,2023-12-18,207,26,2,1267,3,3399880,10199640,Online,Tarjeta débito,USD,2023,12
1491,2023-09-18,255,53,4,1209,1,412790,412790,Teléfono,Transferencia,ARS,2023,9
1492,2023-11-27,157,51,1,1055,1,4821390,4821390,Campo,Transferencia,USD,2023,11
1493,2023-09-07,129,52,1,1027,1,219780,219780,Online,Tarjeta débito,USD,2023,9
1494,2023-03-22,58,53,4,1197,3,23360,70080,Mostrador,Cheque,USD,2023,3
1495,2024-04-23,405,7,2,1002,3,3622550,10867650,Online,Transferencia,USD,2024,4
1496,2024-07-04,399,48,2,1068,3,4138000,12414000,Online,Tarjeta débito,ARS,2024,7
1497,2024-05-11,707,30,1,1148,1,4103530,4103530,Teléfono,Transferencia,ARS,2024,5
1498,2023-12-22,388,47,1,1155,1,369200,369200,Online,Tarjeta débito,USD,2023,12
1499,2023-11-29,76,52,1,1104,2,2844050,5688100,Online,Tarjeta débito,ARS,2023,11
1500,2024-11-24,89,9,4,1130,5,320530,1602650,Online,Transferencia,USD,2024,11
1501,2024-01-22,866,32,1,1083,2,5725930,11451860,Mostrador,Efectivo,USD,2024,1
1502,2023-12-26,81,38,4,1042,5,357040,1785200,Mostrador,Cheque,USD,2023,12
1503,2023-01-29,186,9,4,1156,1,2539510,2539510,Online,Efectivo,ARS,2023,1
1504,2023-11-18,326,43,1,1157,1,302810,302810,Teléfono,Tarjeta débito,USD,2023,11
1505,2023-11-29,268,39,2,1107,5,168810,844050,Mostrador,Cheque,ARS,2023,11
1506,2023-12-04,383,9,4,1284,3,4503400,13510200,Campo,Tarjeta débito,ARS,2023,12
1507,2024-03-29,79,1,4,1188,2,5146700,10293400,Campo,Efectivo,ARS,2024,3
1508,2024-02-07,145,35,1,1105,1,188720,188720,Online,Transferencia,ARS,2024,2
1509,2024-04-28,641,51,1,1112,3,321130,963390,Campo,Tarjeta crédito,ARS,2024,4
1510,2024-10-18,14,47,1,1133,1,5393470,5393470,Mostrador,Cheque,ARS,2024,10
1511,2024-11-10,631,30,1,1271,1,298120,298120,Mostrador,Cheque,ARS,2024,11
1512,2024-08-27,2,17,3,1110,1,2168800,2168800,Teléfono,Cheque,ARS,2024,8
1513,2024-12-19,516,9,4,1073,2,2980180,5960360,Online,Transferencia,ARS,2024,12
1514,2023-01-21,244,21,1,1131,2,241640,483280,Campo,Tarjeta crédito,USD,2023,1
1515,2023-08-03,66,25,4,1293,3,168010,504030,Teléfono,Efectivo,ARS,2023,8
1516,2023-01-09,246,50,3,1143,1,53170,53170,Mostrador,Efectivo,ARS,2023,1
1517,2024-06-11,602,20,1,1260,5,284940,1424700,Online,Transferencia,ARS,2024,6
1518,2024-12-04,430,5,1,1245,1,5472290,5472290,Mostrador,Transferencia,USD,2024,12
1519,2023-09-25,178,9,4,1127,4,2899500,11598000,Campo,Tarjeta débito,ARS,2023,9
1520,2024-12-11,572,57,4,1155,5,5101010,25505050,Campo,Tarjeta débito,ARS,2024,12
1521,2023-03-08,232,9,4,1149,1,143310,143310,Campo,Transferencia,ARS,2023,3
1522,2024-12-14,436,43,1,1060,5,122210,611050,Teléfono,Tarjeta débito,USD,2024,12
1523,2023-11-21,353,47,1,1086,4,216880,867520,Mostrador,Tarjeta débito,USD,2023,11
1524,2023-04-22,176,5,1,1192,2,305210,610420,Mostrador,Cheque,USD,2023,4
1525,2023-12-28,167,58,3,1079,2,92790,185580,Mostrador,Tarjeta débito,ARS,2023,12
1526,2023-10-09,383,36,4,1182,1,54290,54290,Teléfono,Cheque,ARS,2023,10
1527,2023-11-03,198,52,1,1287,1,339050,339050,Mostrador,Cheque,ARS,2023,11
1528,2023-11-09,60,33,4,1273,5,5178580,25892900,Online,Tarjeta débito,ARS,2023,11
1529,2024-11-07,926,55,2,1255,5,189760,948800,Campo,Tarjeta crédito,USD,2024,11
1530,2024-02-13,470,57,4,1007,1,86920,86920,Teléfono,Efectivo,USD,2024,2
1531,2023-11-10,83,1,4,1126,1,160260,160260,Teléfono,Cheque,USD,2023,11
1532,2024-05-01,74,47,1,1083,1,3918710,3918710,Campo,Efectivo,USD,2024,5
1533,2024-08-25,311,33,4,1028,2,98930,197860,Campo,Tarjeta débito,ARS,2024,8
1534,2023-10-27,26,49,1,1266,4,209120,836480,Campo,Cheque,USD,2023,10
1535,2023-12-08,377,35,1,1283,1,5467090,5467090,Mostrador,Cheque,ARS,2023,12
1536,2023-05-14,243,36,4,1251,4,3112770,12451080,Online,Tarjeta crédito,USD,2023,5
1537,2023-07-18,323,33,4,1188,1,94530,94530,Online,Tarjeta crédito,ARS,2023,7
1538,2024-07-18,628,54,2,1299,3,209630,628890,Campo,Efectivo,ARS,2024,7
1539,2023-07-19,323,3,3,1069,4,2673760,10695040,Mostrador,Tarjeta débito,USD,2023,7
1540,2024-01-29,180,33,4,1155,1,6286190,6286190,Online,Tarjeta crédito,USD,2024,1
1541,2024-08-17,774,46,4,1216,1,351310,351310,Mostrador,Efectivo,ARS,2024,8
1542,2023-04-28,114,16,1,1099,4,142540,570160,Online,Tarjeta crédito,ARS,2023,4
1543,2024-03-15,266,36,4,1193,1,115120,115120,Online,Transferencia,ARS,2024,3
1544,2023-10-09,38,48,2,1227,5,3100750,15503750,Online,Tarjeta crédito,ARS,2023,10
1545,2024-12-21,380,34,2,1182,1,5286940,5286940,Campo,Tarjeta crédito,ARS,2024,12
1546,2023-12-27,77,52,1,1079,1,198730,198730,Teléfono,Tarjeta crédito,USD,2023,12
1547,2024-11-08,614,22,2,1093,1,1928200,1928200,Teléfono,Transferencia,USD,2024,11
1548,2024-02-25,524,46,4,1143,5,202660,1013300,Teléfono,Tarjeta crédito,USD,2024,2
1549,2023-02-17,302,39,2,1203,1,132620,132620,Mostrador,Cheque,ARS,2023,2
1550,2024-05-26,49,6,4,1132,5,2322200,11611000,Mostrador,Cheque,USD,2024,5
1551,2024-12-18,254,20,1,1267,3,181960,545880,Online,Efectivo,USD,2024,12
1552,2024-04-21,859,33,4,1134,3,89500,268500,Teléfono,Tarjeta crédito,ARS,2024,4
1553,2024-11-12,380,13,4,1179,1,4403730,4403730,Online,Cheque,USD,2024,11
1554,2024-11-30,249,13,4,1186,1,317500,317500,Teléfono,Tarjeta débito,ARS,2024,11
1555,2023-09-08,72,44,3,1018,2,2889610,5779220,Online,Tarjeta débito,USD,2023,9
1556,2023-08-21,197,11,3,1197,5,136600,683000,Online,Tarjeta crédito,USD,2023,8
1557,2024-05-02,253,46,4,1097,5,147370,736850,Campo,Tarjeta crédito,USD,2024,5
1558,2023-12-07,358,33,4,1034,1,202300,202300,Mostrador,Transferencia,USD,2023,12
1559,2024-11-18,299,35,1,1300,1,243130,243130,Campo,Transferencia,USD,2024,11
1560,2024-12-04,734,25,4,1187,1,3709990,3709990,Mostrador,Transferencia,ARS,2024,12
1561,2023-11-21,60,49,1,1048,1,5928710,5928710,Mostrador,Efectivo,USD,2023,11
1562,2023-09-17,357,19,1,1111,1,195750,195750,Online,Efectivo,USD,2023,9
1563,2024-11-01,157,4,4,1247,4,3837230,15348920,Mostrador,Efectivo,ARS,2024,11
1564,2023-10-29,342,15,1,1071,3,30090,90270,Teléfono,Tarjeta crédito,USD,2023,10
1565,2024-11-13,974,13,4,1017,3,142240,426720,Campo,Cheque,USD,2024,11
1566,2023-12-11,382,35,1,1079,5,4784970,23924850,Mostrador,Tarjeta débito,ARS,2023,12
1567,2024-07-03,202,32,1,1212,1,89760,89760,Campo,Cheque,ARS,2024,7
1568,2023-04-15,267,28,2,1017,4,346750,1387000,Online,Tarjeta crédito,USD,2023,4
1569,2024-05-16,35,14,1,1108,1,6346530,6346530,Online,Efectivo,ARS,2024,5
1570,2023-12-18,255,38,4,1177,1,2070480,2070480,Campo,Cheque,USD,2023,12
1571,2024-04-05,535,16,1,1228,1,133060,133060,Online,Cheque,USD,2024,4
1572,2023-07-04,165,16,1,1019,3,256530,769590,Campo,Tarjeta débito,USD,2023,7
1573,2024-09-17,28,5,1,1230,1,31520,31520,Teléfono,Tarjeta crédito,USD,2024,9
1574,2024-11-24,372,16,1,1248,3,420890,1262670,Mostrador,Efectivo,USD,2024,11
1575,2023-08-26,351,6,4,1209,1,4239600,4239600,Mostrador,Transferencia,ARS,2023,8
1576,2023-04-15,314,51,1,1216,1,1844010,1844010,Online,Transferencia,ARS,2023,4
1577,2023-01-26,53,10,3,1201,1,368730,368730,Teléfono,Efectivo,USD,2023,1
1578,2024-06-05,284,36,4,1257,1,285200,285200,Teléfono,Tarjeta crédito,USD,2024,6
1579,2024-04-27,298,6,4,1106,1,4205590,4205590,Online,Tarjeta débito,ARS,2024,4
1580,2024-02-21,475,53,4,1026,1,29390,29390,Campo,Efectivo,USD,2024,2
1581,2023-09-12,85,43,1,1271,3,255370,766110,Campo,Tarjeta débito,ARS,2023,9
1582,2023-12-02,349,20,1,1271,1,2652020,2652020,Campo,Tarjeta débito,ARS,2023,12
1583,2024-04-14,636,46,4,1121,1,2017250,2017250,Teléfono,Efectivo,ARS,2024,4
1584,2023-12-31,207,57,4,1245,5,113650,568250,Mostrador,Transferencia,USD,2023,12
1585,2024-12-28,417,60,3,1066,5,70530,352650,Teléfono,Transferencia,USD,2024,12
1586,2023-05-30,165,58,3,1228,1,61400,61400,Teléfono,Efectivo,USD,2023,5
1587,2024-08-02,559,2,1,1137,4,256100,1024400,Campo,Tarjeta débito,USD,2024,8
1588,2023-12-05,371,21,1,1194,3,79410,238230,Online,Cheque,USD,2023,12
1589,2023-12-12,156,36,4,1194,1,4049790,4049790,Mostrador,Transferencia,ARS,2023,12
1590,2024-08-27,266,6,4,1146,1,170420,170420,Teléfono,Tarjeta crédito,ARS,2024,8
1591,2024-07-30,279,34,2,1145,1,2899260,2899260,Teléfono,Efectivo,ARS,2024,7
1592,2024-12-29,988,57,4,1072,2,5179450,10358900,Mostrador,Tarjeta débito,ARS,2024,12
1593,2023-05-21,5,14,1,1192,2,291410,582820,Online,Efectivo,USD,2023,5
1594,2023-04-25,82,19,1,1044,2,57590,115180,Mostrador,Cheque,USD,2023,4
1595,2024-09-03,119,27,4,1157,1,308670,308670,Mostrador,Cheque,ARS,2024,9
1596,2024-03-27,774,13,4,1016,1,227080,227080,Mostrador,Tarjeta crédito,ARS,2024,3
1597,2023-10-28,125,22,2,1078,5,280500,1402500,Teléfono,Efectivo,USD,2023,10
1598,2023-03-29,303,21,1,1052,1,41260,41260,Mostrador,Transferencia,USD,2023,3
1599,2023-04-04,215,52,1,1002,1,167910,167910,Online,Tarjeta crédito,ARS,2023,4
1600,2024-12-02,28,42,3,1232,1,2126270,2126270,Campo,Tarjeta débito,ARS,2024,12
1601,2023-07-30,269,16,1,1061,2,4470750,8941500,Online,Cheque,USD,2023,7
1602,2023-11-13,25,1,4,1132,1,4219540,4219540,Online,Efectivo,ARS,2023,11
1603,2023-09-06,7,46,4,1052,1,430330,430330,Mostrador,Efectivo,USD,2023,9
1604,2023-11-22,194,36,4,1297,2,54720,109440,Online,Efectivo,ARS,2023,11
1605,2023-03-18,80,14,1,1180,1,2180810,2180810,Online,Efectivo,USD,2023,3
1606,2024-01-22,442,4,4,1031,5,177540,887700,Mostrador,Transferencia,USD,2024,1
1607,2023-03-16,322,14,1,1155,1,277310,277310,Teléfono,Transferencia,ARS,2023,3
1608,2024-11-07,36,20,1,1121,1,329340,329340,Online,Cheque,ARS,2024,11
1609,2023-09-14,258,43,1,1051,1,3157440,3157440,Campo,Cheque,ARS,2023,9
1610,2024-02-14,113,35,1,1095,1,318190,318190,Teléfono,Tarjeta crédito,USD,2024,2
1611,2024-11-29,294,46,4,1176,4,49920,199680,Online,Tarjeta crédito,USD,2024,11
1612,2024-06-15,714,32,1,1011,1,170930,170930,Online,Efectivo,USD,2024,6
1613,2024-02-06,14,21,1,1012,4,281450,1125800,Mostrador,Efectivo,ARS,2024,2
1614,2023-11-13,155,4,4,1045,2,1844510,3689020,Online,Tarjeta débito,USD,2023,11
1615,2023-11-16,399,49,1,1290,1,90700,90700,Teléfono,Efectivo,ARS,2023,11
1616,2024-07-05,597,53,4,1205,4,5370390,21481560,Campo,Tarjeta crédito,USD,2024,7
1617,2024-12-30,140,20,1,1219,1,303390,303390,Mostrador,Tarjeta crédito,USD,2024,12
1618,2024-06-27,371,35,1,1104,3,307630,922890,Mostrador,Tarjeta crédito,USD,2024,6
1619,2024-03-04,427,13,4,1256,3,280360,841080,Online,Tarjeta débito,ARS,2024,3
1620,2024-09-10,97,30,1,1248,1,277200,277200,Campo,Tarjeta crédito,USD,2024,9
1621,2023-12-22,185,39,2,1021,3,301820,905460,Teléfono,Tarjeta crédito,USD,2023,12
1622,2023-03-07,342,2,1,1041,5,240720,1203600,Online,Efectivo,USD,2023,3
1623,2024-03-09,870,2,1,1278,4,2057970,8231880,Mostrador,Cheque,ARS,2024,3
1624,2024-12-20,492,19,1,1277,1,4684590,4684590,Mostrador,Tarjeta crédito,USD,2024,12
1625,2023-07-12,189,30,1,1195,1,5571410,5571410,Teléfono,Tarjeta débito,ARS,2023,7
1626,2024-07-27,82,2,1,1071,4,270390,1081560,Campo,Tarjeta débito,ARS,2024,7
1627,2023-08-09,300,6,4,1270,2,375440,750880,Online,Transferencia,ARS,2023,8
1628,2024-02-09,180,59,2,1226,1,81680,81680,Teléfono,Efectivo,ARS,2024,2
1629,2023-04-17,386,16,1,1073,1,5747740,5747740,Online,Transferencia,ARS,2023,4
1630,2023-12-18,349,15,1,1249,4,418760,1675040,Teléfono,Tarjeta débito,USD,2023,12
1631,2024-10-08,967,1,4,1199,5,253040,1265200,Mostrador,Efectivo,USD,2024,10
1632,2023-11-20,105,38,4,1076,5,235660,1178300,Teléfono,Transferencia,ARS,2023,11
1633,2024-06-30,381,9,4,1275,3,131060,393180,Teléfono,Transferencia,ARS,2024,6
1634,2024-11-05,722,9,4,1283,2,5041600,10083200,Teléfono,Tarjeta crédito,USD,2024,11
1635,2024-12-12,329,35,1,1146,1,3480170,3480170,Mostrador,Cheque,USD,2024,12
1636,2023-09-15,249,43,1,1013,1,113650,113650,Online,Cheque,USD,2023,9
1637,2023-12-04,72,42,3,1129,5,427040,2135200,Online,Tarjeta crédito,ARS,2023,12
1638,2023-06-17,161,12,3,1230,5,442090,2210450,Campo,Cheque,USD,2023,6
1639,2024-12-29,133,22,2,1085,2,144870,289740,Teléfono,Transferencia,USD,2024,12
1640,2024-12-11,240,20,1,1162,1,3882820,3882820,Online,Transferencia,USD,2024,12
1641,2024-02-14,78,1,4,1051,3,171060,513180,Online,Efectivo,USD,2024,2
1642,2024-11-18,570,4,4,1215,2,207880,415760,Teléfono,Tarjeta débito,USD,2024,11
1643,2024-01-24,461,2,1,1001,1,213380,213380,Campo,Tarjeta débito,ARS,2024,1
1644,2024-05-16,125,57,4,1123,5,198050,990250,Campo,Transferencia,ARS,2024,5
1645,2023-04-08,11,15,1,1288,1,2170870,2170870,Mostrador,Cheque,ARS,2023,4
1646,2024-10-07,468,16,1,1200,3,3480610,10441830,Mostrador,Transferencia,ARS,2024,10
1647,2023-05-21,27,35,1,1183,3,4960950,14882850,Online,Cheque,USD,2023,5
1648,2024-11-14,207,51,1,1216,1,2421140,2421140,Mostrador,Transferencia,ARS,2024,11
1649,2024-11-02,222,32,1,1240,1,72250,72250,Teléfono,Tarjeta crédito,USD,2024,11
1650,2024-08-17,312,13,4,1128,1,2168420,2168420,Online,Tarjeta crédito,USD,2024,8
1651,2023-02-09,382,5,1,1068,2,122000,244000,Campo,Tarjeta crédito,USD,2023,2
1652,2023-11-08,250,37,3,1155,1,5472290,5472290,Online,Tarjeta crédito,ARS,2023,11
1653,2023-10-16,315,52,1,1082,1,152480,152480,Campo,Cheque,USD,2023,10
1654,2023-11-23,208,14,1,1142,1,224070,224070,Online,Transferencia,ARS,2023,11
1655,2023-04-07,109,9,4,1041,4,4944940,19779760,Teléfono,Transferencia,ARS,2023,4
1656,2024-12-14,296,31,3,1239,2,137590,275180,Teléfono,Efectivo,ARS,2024,12
1657,2024-02-29,402,25,4,1003,3,349160,1047480,Campo,Tarjeta débito,USD,2024,2
1658,2023-11-08,61,25,4,1094,1,5457400,5457400,Mostrador,Transferencia,USD,2023,11
1659,2023-12-03,122,43,1,1059,1,58550,58550,Online,Tarjeta crédito,USD,2023,12
1660,2023-12-17,239,5,1,1228,1,325750,325750,Mostrador,Tarjeta crédito,USD,2023,12
1661,2024-04-20,106,4,4,1018,1,134910,134910,Mostrador,Efectivo,ARS,2024,4
1662,2024-01-18,791,36,4,1239,1,110610,110610,Campo,Cheque,ARS,2024,1
1663,2024-12-09,36,41,3,1074,4,233230,932920,Mostrador,Tarjeta débito,ARS,2024,12
1664,2023-12-31,38,4,4,1201,3,1518860,4556580,Mostrador,Cheque,USD,2023,12
1665,2024-12-29,72,4,4,1169,1,185090,185090,Teléfono,Efectivo,ARS,2024,12
1666,2024-11-21,568,52,1,1264,1,1654720,1654720,Online,Efectivo,ARS,2024,11
1667,2023-08-17,167,58,3,1160,1,127320,127320,Mostrador,Tarjeta débito,USD,2023,8
1668,2024-12-12,221,6,4,1181,5,371820,1859100,Teléfono,Efectivo,ARS,2024,12
1669,2023-05-08,76,36,4,1169,1,364740,364740,Mostrador,Tarjeta débito,ARS,2023,5
1670,2024-11-11,722,49,1,1206,1,333710,333710,Online,Tarjeta crédito,ARS,2024,11
1671,2023-11-29,211,52,1,1009,1,107910,107910,Online,Tarjeta crédito,ARS,2023,11
1672,2024-11-28,228,19,1,1131,4,218750,875000,Campo,Efectivo,USD,2024,11
1673,2024-11-25,737,35,1,1287,4,123820,495280,Online,Transferencia,USD,2024,11
1674,2024-11-08,453,46,4,1115,2,2686700,5373400,Mostrador,Tarjeta débito,ARS,2024,11
1675,2024-11-04,766,19,1,1152,3,148760,446280,Online,Tarjeta crédito,ARS,2024,11
1676,2023-11-08,156,43,1,1087,2,30830,61660,Campo,Efectivo,ARS,2023,11
1677,2023-03-30,363,32,1,1095,4,4992080,19968320,Campo,Transferencia,USD,2023,3
1678,2023-12-05,149,50,3,1231,5,4629310,23146550,Campo,Efectivo,ARS,2023,12
1679,2023-07-10,318,39,2,1186,1,199640,199640,Teléfono,Cheque,ARS,2023,7
1680,2024-08-02,791,35,1,1114,5,217220,1086100,Mostrador,Tarjeta crédito,ARS,2024,8
1681,2023-11-19,376,51,1,1274,1,182110,182110,Online,Cheque,ARS,2023,11
1682,2024-12-25,231,15,1,1029,1,78460,78460,Mostrador,Cheque,USD,2024,12
1683,2024-06-04,912,54,2,1203,5,118340,591700,Campo,Tarjeta débito,USD,2024,6
1684,2024-11-13,702,32,1,1002,1,2991720,2991720,Campo,Tarjeta débito,ARS,2024,11
1685,2023-05-26,225,6,4,1078,1,153640,153640,Online,Cheque,ARS,2023,5
1686,2024-11-24,475,39,2,1119,1,3333900,3333900,Campo,Tarjeta débito,ARS,2024,11
1687,2024-12-10,577,52,1,1231,4,266880,1067520,Campo,Cheque,USD,2024,12
1688,2023-12-28,108,57,4,1098,1,301820,301820,Campo,Efectivo,USD,2023,12
1689,2024-04-27,80,32,1,1117,1,1744310,1744310,Teléfono,Cheque,USD,2024,4
1690,2024-10-17,645,60,3,1110,3,354470,1063410,Campo,Tarjeta débito,USD,2024,10
1691,2023-07-11,174,19,1,1167,5,300110,1500550,Campo,Tarjeta débito,USD,2023,7
1692,2024-01-04,576,37,3,1297,3,329820,989460,Campo,Tarjeta débito,USD,2024,1
1693,2023-12-04,210,4,4,1181,5,122400,612000,Teléfono,Tarjeta débito,USD,2023,12
1694,2023-06-10,297,4,4,1087,4,310420,1241680,Mostrador,Cheque,ARS,2023,6
1695,2023-11-25,98,35,1,1022,4,144220,576880,Online,Tarjeta crédito,ARS,2023,11
1696,2023-03-16,172,21,1,1210,1,3977430,3977430,Online,Tarjeta crédito,ARS,2023,3
1697,2023-01-29,89,22,2,1032,3,347550,1042650,Campo,Tarjeta débito,USD,2023,1
1698,2023-05-29,362,36,4,1272,4,1782860,7131440,Mostrador,Efectivo,USD,2023,5
1699,2024-12-21,226,9,4,1119,5,417860,2089300,Online,Transferencia,USD,2024,12
1700,2024-02-24,143,49,1,1278,1,159680,159680,Online,Cheque,ARS,2024,2
1701,2024-12-22,708,19,1,1139,5,63170,315850,Mostrador,Cheque,ARS,2024,12
1702,2023-12-13,179,7,2,1143,1,3216330,3216330,Mostrador,Cheque,ARS,2023,12
1703,2023-11-10,54,35,1,1232,1,152950,152950,Mostrador,Cheque,ARS,2023,11
1704,2024-01-08,196,51,1,1233,1,2920440,2920440,Teléfono,Transferencia,USD,2024,1
1705,2023-12-15,217,32,1,1080,1,1923820,1923820,Campo,Tarjeta débito,ARS,2023,12
1706,2023-04-26,333,11,3,1055,2,1779760,3559520,Campo,Efectivo,ARS,2023,4
1707,2024-06-03,298,9,4,1291,1,6127490,6127490,Campo,Tarjeta crédito,USD,2024,6
1708,2023-08-25,25,13,4,1034,1,3863380,3863380,Campo,Tarjeta débito,ARS,2023,8
1709,2024-05-11,579,47,1,1214,1,43240,43240,Mostrador,Transferencia,ARS,2024,5
1710,2024-06-14,675,60,3,1103,1,42200,42200,Online,Cheque,USD,2024,6
1711,2023-06-16,112,57,4,1252,1,6240340,6240340,Online,Transferencia,USD,2023,6
1712,2023-03-09,329,15,1,1125,4,6275220,25100880,Campo,Efectivo,ARS,2023,3
1713,2024-11-01,206,13,4,1011,1,169410,169410,Online,Cheque,USD,2024,11
1714,2023-12-21,368,15,1,1255,2,2283570,4567140,Online,Cheque,USD,2023,12
1715,2023-03-05,137,32,1,1122,2,2018570,4037140,Teléfono,Cheque,ARS,2023,3
1716,2024-12-30,408,32,1,1035,4,5003240,20012960,Campo,Transferencia,USD,2024,12
1717,2023-03-05,279,20,1,1069,5,2745710,13728550,Mostrador,Cheque,USD,2023,3
1718,2024-08-02,445,33,4,1252,1,5417670,5417670,Mostrador,Tarjeta crédito,USD,2024,8
1719,2024-12-27,677,43,1,1139,1,145530,145530,Online,Tarjeta crédito,USD,2024,12
1720,2023-09-20,271,21,1,1012,4,249240,996960,Online,Tarjeta débito,ARS,2023,9
1721,2023-06-06,228,14,1,1125,1,136120,136120,Teléfono,Cheque,USD,2023,6
1722,2023-05-14,127,53,4,1299,1,299410,299410,Teléfono,Cheque,USD,2023,5
1723,2023-11-08,270,28,2,1147,1,4813870,4813870,Mostrador,Transferencia,USD,2023,11
1724,2023-04-21,308,31,3,1077,1,3692620,3692620,Teléfono,Efectivo,ARS,2023,4
1725,2024-07-30,760,23,3,1068,4,154710,618840,Mostrador,Cheque,USD,2024,7
1726,2023-03-10,340,49,1,1206,1,98430,98430,Online,Tarjeta débito,USD,2023,3
1727,2024-01-11,487,30,1,1236,1,75670,75670,Teléfono,Tarjeta crédito,USD,2024,1
1728,2024-12-31,548,53,4,1059,4,3662820,14651280,Mostrador,Cheque,USD,2024,12
1729,2024-11-10,155,32,1,1258,4,4338760,17355040,Teléfono,Tarjeta débito,ARS,2024,11
1730,2024-05-06,657,20,1,1254,1,4952310,4952310,Mostrador,Transferencia,ARS,2024,5
1731,2023-11-08,260,4,4,1243,3,147170,441510,Teléfono,Efectivo,USD,2023,11
1732,2024-05-16,899,15,1,1277,5,75010,375050,Online,Transferencia,ARS,2024,5
1733,2024-01-31,19,43,1,1220,1,3562170,3562170,Teléfono,Tarjeta crédito,USD,2024,1
1734,2023-12-11,58,56,2,1225,3,2342480,7027440,Campo,Efectivo,ARS,2023,12
1735,2023-05-24,263,45,2,1101,1,1619480,1619480,Campo,Tarjeta débito,USD,2023,5
1736,2024-11-30,548,36,4,1109,2,1667330,3334660,Mostrador,Efectivo,ARS,2024,11
1737,2023-12-18,211,23,3,1122,5,5491730,27458650,Online,Transferencia,ARS,2023,12
1738,2023-08-02,332,17,3,1218,1,57520,57520,Mostrador,Tarjeta débito,USD,2023,8
1739,2023-11-25,148,1,4,1075,1,30300,30300,Mostrador,Tarjeta débito,ARS,2023,11
1740,2023-12-08,102,51,1,1258,1,201120,201120,Campo,Tarjeta débito,USD,2023,12
1741,2024-11-14,76,30,1,1237,5,175640,878200,Mostrador,Tarjeta débito,USD,2024,11
1742,2024-09-13,925,43,1,1167,2,167760,335520,Campo,Efectivo,ARS,2024,9
1743,2024-10-22,990,19,1,1240,1,235240,235240,Teléfono,Tarjeta crédito,ARS,2024,10
1744,2023-01-13,68,4,4,1165,5,4010630,20053150,Online,Tarjeta débito,USD,2023,1
1745,2023-12-09,66,40,4,1039,3,73940,221820,Online,Efectivo,USD,2023,12
1746,2023-12-27,303,32,1,1157,1,35230,35230,Teléfono,Cheque,USD,2023,12
1747,2023-01-22,222,32,1,1211,5,146900,734500,Online,Transferencia,USD,2023,1
1748,2023-10-13,151,5,1,1277,1,4365850,4365850,Mostrador,Cheque,USD,2023,10
1749,2024-10-13,902,32,1,1216,1,5174260,5174260,Teléfono,Transferencia,USD,2024,10
1750,2023-05-31,274,2,1,1218,1,194000,194000,Campo,Cheque,ARS,2023,5
1751,2024-02-09,437,56,2,1233,1,5112530,5112530,Campo,Cheque,USD,2024,2
1752,2023-08-25,278,9,4,1012,3,5650010,16950030,Online,Tarjeta crédito,ARS,2023,8
1753,2023-01-14,68,38,4,1083,2,31760,63520,Online,Transferencia,ARS,2023,1
1754,2023-09-22,235,35,1,1113,4,5931090,23724360,Mostrador,Tarjeta crédito,USD,2023,9
1755,2024-12-25,715,47,1,1271,5,5951640,29758200,Campo,Tarjeta débito,USD,2024,12
1756,2024-11-07,745,8,2,1195,1,153710,153710,Teléfono,Tarjeta crédito,ARS,2024,11
1757,2024-12-20,675,38,4,1141,1,54350,54350,Mostrador,Efectivo,ARS,2024,12
1758,2023-12-28,98,40,4,1124,4,77800,311200,Campo,Tarjeta crédito,USD,2023,12
1759,2023-05-01,9,36,4,1141,5,183020,915100,Campo,Transferencia,ARS,2023,5
1760,2024-02-23,927,8,2,1208,5,5125540,25627700,Teléfono,Tarjeta crédito,ARS,2024,2
1761,2023-12-19,249,40,4,1115,5,2013330,10066650,Campo,Efectivo,USD,2023,12
1762,2024-11-19,490,30,1,1206,1,410640,410640,Mostrador,Tarjeta crédito,ARS,2024,11
1763,2023-04-18,227,3,3,1288,4,173930,695720,Online,Efectivo,USD,2023,4
1764,2023-12-28,241,49,1,1298,4,250750,1003000,Teléfono,Transferencia,USD,2023,12
1765,2023-06-14,75,20,1,1149,3,5559670,16679010,Mostrador,Tarjeta crédito,ARS,2023,6
1766,2023-11-14,17,18,3,1210,2,2023170,4046340,Teléfono,Transferencia,ARS,2023,11
1767,2024-09-17,563,19,1,1112,4,4210760,16843040,Online,Tarjeta débito,USD,2024,9
1768,2023-12-25,228,5,1,1142,1,348070,348070,Campo,Efectivo,ARS,2023,12
1769,2023-11-28,194,51,1,1024,3,335310,1005930,Teléfono,Tarjeta crédito,ARS,2023,11
1770,2023-12-03,280,2,1,1049,2,2203280,4406560,Mostrador,Cheque,ARS,2023,12
1771,2023-12-21,238,32,1,1288,1,383600,383600,Teléfono,Efectivo,USD,2023,12
1772,2024-11-03,381,21,1,1258,5,2984830,14924150,Mostrador,Tarjeta débito,USD,2024,11
1773,2024-12-02,783,21,1,1011,5,4989210,24946050,Online,Tarjeta débito,USD,2024,12
1774,2024-12-19,924,5,1,1188,1,346750,346750,Online,Tarjeta débito,ARS,2024,12
1775,2024-11-03,387,9,4,1068,5,134260,671300,Mostrador,Tarjeta débito,USD,2024,11
1776,2023-11-11,157,47,1,1090,1,2669090,2669090,Teléfono,Tarjeta débito,USD,2023,11
1777,2024-07-25,254,47,1,1110,1,369440,369440,Mostrador,Tarjeta débito,ARS,2024,7
1778,2023-12-15,308,26,2,1164,1,2014490,2014490,Campo,Efectivo,USD,2023,12
1779,2023-10-07,310,4,4,1206,5,145550,727750,Teléfono,Efectivo,ARS,2023,10
1780,2024-11-18,314,40,4,1032,1,6561570,6561570,Online,Efectivo,USD,2024,11
1781,2023-02-12,301,30,1,1079,5,4705650,23528250,Mostrador,Tarjeta débito,USD,2023,2
1782,2024-12-05,118,41,3,1074,1,36110,36110,Teléfono,Tarjeta débito,USD,2024,12
1783,2023-12-21,333,57,4,1251,1,146870,146870,Mostrador,Cheque,ARS,2023,12
1784,2024-05-31,50,9,4,1021,1,3437600,3437600,Online,Tarjeta débito,ARS,2024,5
1785,2024-06-24,790,12,3,1296,1,243920,243920,Campo,Tarjeta crédito,ARS,2024,6
1786,2024-12-03,564,9,4,1298,1,154730,154730,Campo,Transferencia,ARS,2024,12
1787,2024-05-30,181,13,4,1104,1,136610,136610,Teléfono,Tarjeta débito,ARS,2024,5
1788,2024-05-05,543,31,3,1218,1,3116580,3116580,Online,Transferencia,ARS,2024,5
1789,2023-03-15,327,43,1,1242,1,3558130,3558130,Teléfono,Transferencia,USD,2023,3
1790,2024-01-21,503,41,3,1073,1,6108100,6108100,Teléfono,Tarjeta crédito,ARS,2024,1
1791,2023-06-14,246,33,4,1041,1,351050,351050,Online,Tarjeta crédito,USD,2023,6
1792,2024-09-17,602,15,1,1094,2,3363220,6726440,Mostrador,Tarjeta débito,USD,2024,9
1793,2024-01-14,543,6,4,1132,4,264130,1056520,Mostrador,Tarjeta crédito,ARS,2024,1
1794,2024-07-17,102,35,1,1099,4,2203280,8813120,Mostrador,Cheque,ARS,2024,7
1795,2023-02-15,230,7,2,1053,5,412250,2061250,Campo,Cheque,USD,2023,2
1796,2023-04-04,388,4,4,1229,3,296560,889680,Mostrador,Cheque,ARS,2023,4
1797,2024-08-25,931,15,1,1128,1,1844510,1844510,Teléfono,Tarjeta débito,ARS,2024,8
1798,2023-03-21,97,48,2,1212,1,405140,405140,Teléfono,Tarjeta crédito,USD,2023,3
1799,2023-03-20,67,51,1,1285,5,2343990,11719950,Online,Tarjeta débito,USD,2023,3
1800,2023-01-14,192,49,1,1279,1,3447350,3447350,Teléfono,Tarjeta crédito,USD,2023,1
1801,2024-12-20,211,2,1,1143,1,5008080,5008080,Online,Tarjeta débito,ARS,2024,12
1802,2024-09-18,649,19,1,1159,1,71770,71770,Campo,Cheque,ARS,2024,9
1803,2023-11-21,339,19,1,1233,2,2302660,4605320,Teléfono,Efectivo,ARS,2023,11
1804,2023-11-06,184,38,4,1071,1,3474620,3474620,Mostrador,Cheque,ARS,2023,11
1805,2023-11-20,56,6,4,1205,1,4676170,4676170,Campo,Efectivo,ARS,2023,11
1806,2024-10-28,979,52,1,1189,1,288310,288310,Mostrador,Tarjeta débito,USD,2024,10
1807,2024-06-26,762,38,4,1151,1,282700,282700,Campo,Tarjeta débito,USD,2024,6
1808,2023-07-23,282,30,1,1008,2,403020,806040,Campo,Transferencia,ARS,2023,7
1809,2023-07-10,60,49,1,1201,1,124260,124260,Teléfono,Tarjeta débito,USD,2023,7
1810,2023-04-18,128,32,1,1100,4,4702260,18809040,Mostrador,Transferencia,USD,2023,4
1811,2024-06-25,717,6,4,1016,5,4227660,21138300,Campo,Efectivo,ARS,2024,6
1812,2024-10-17,726,1,4,1154,2,4646020,9292040,Teléfono,Cheque,USD,2024,10
1813,2023-10-18,127,5,1,1157,1,270390,270390,Mostrador,Cheque,USD,2023,10
1814,2023-01-23,72,51,1,1093,4,232650,930600,Campo,Tarjeta crédito,ARS,2023,1
1815,2023-04-01,216,51,1,1262,1,339650,339650,Online,Cheque,USD,2023,4
1816,2024-12-23,90,26,2,1037,5,254050,1270250,Campo,Efectivo,USD,2024,12
1817,2023-11-06,314,12,3,1161,1,2731380,2731380,Mostrador,Efectivo,USD,2023,11
1818,2024-10-22,233,52,1,1174,3,83310,249930,Online,Tarjeta débito,ARS,2024,10
1819,2024-05-17,745,4,4,1255,2,158120,316240,Online,Tarjeta débito,ARS,2024,5
1820,2023-11-29,63,32,1,1018,1,137860,137860,Online,Tarjeta débito,ARS,2023,11
1821,2023-08-14,376,25,4,1016,1,65300,65300,Online,Cheque,USD,2023,8
1822,2023-05-14,247,60,3,1270,5,4374090,21870450,Online,Efectivo,USD,2023,5
1823,2024-05-06,442,32,1,1068,1,342880,342880,Campo,Efectivo,ARS,2024,5
1824,2024-10-28,899,36,4,1030,1,91910,91910,Online,Transferencia,USD,2024,10
1825,2024-06-07,135,9,4,1116,3,4056350,12169050,Online,Transferencia,USD,2024,6
1826,2024-02-03,948,30,1,1017,2,54310,108620,Teléfono,Tarjeta crédito,ARS,2024,2
1827,2023-02-16,370,16,1,1225,4,2521570,10086280,Campo,Tarjeta débito,USD,2023,2
1828,2024-12-23,958,27,4,1164,1,215940,215940,Mostrador,Cheque,ARS,2024,12
1829,2024-11-06,2,14,1,1062,5,287970,1439850,Online,Tarjeta crédito,ARS,2024,11
1830,2023-11-05,161,51,1,1014,1,352570,352570,Campo,Cheque,USD,2023,11
1831,2024-12-26,140,22,2,1279,1,349880,349880,Online,Transferencia,ARS,2024,12
1832,2024-04-22,304,33,4,1156,2,4474040,8948080,Campo,Tarjeta débito,ARS,2024,4
1833,2024-03-31,460,1,4,1122,3,26110,78330,Campo,Tarjeta débito,USD,2024,3
1834,2024-09-29,821,33,4,1263,2,348550,697100,Campo,Transferencia,USD,2024,9
1835,2024-11-10,714,45,2,1170,3,165870,497610,Mostrador,Transferencia,USD,2024,11
1836,2024-06-21,125,14,1,1010,2,327970,655940,Online,Cheque,ARS,2024,6
1837,2023-05-21,373,60,3,1172,4,130420,521680,Online,Tarjeta débito,ARS,2023,5
1838,2023-11-17,347,36,4,1013,1,61500,61500,Mostrador,Efectivo,ARS,2023,11
1839,2024-12-12,594,15,1,1213,4,2567240,10268960,Mostrador,Tarjeta crédito,ARS,2024,12
1840,2023-09-04,324,20,1,1161,4,1704530,6818120,Online,Cheque,USD,2023,9
1841,2023-11-27,164,52,1,1232,5,291650,1458250,Campo,Transferencia,USD,2023,11
1842,2023-12-13,350,29,3,1160,1,180200,180200,Teléfono,Efectivo,ARS,2023,12
1843,2023-12-15,240,6,4,1127,5,1881350,9406750,Online,Transferencia,USD,2023,12
1844,2024-05-04,213,13,4,1048,1,191470,191470,Teléfono,Efectivo,ARS,2024,5
1845,2024-12-16,983,38,4,1261,1,254340,254340,Campo,Transferencia,ARS,2024,12
1846,2023-09-22,149,35,1,1061,2,48920,97840,Teléfono,Transferencia,USD,2023,9
1847,2023-05-14,72,53,4,1122,1,2950820,2950820,Online,Tarjeta crédito,USD,2023,5
1848,2023-08-05,103,6,4,1090,1,30170,30170,Mostrador,Transferencia,ARS,2023,8
1849,2024-11-30,183,16,1,1255,4,118700,474800,Mostrador,Tarjeta débito,USD,2024,11
1850,2024-06-09,505,40,4,1090,1,2397300,2397300,Campo,Tarjeta crédito,ARS,2024,6
1851,2023-11-03,184,5,1,1003,1,290080,290080,Teléfono,Tarjeta crédito,ARS,2023,11
1852,2024-11-11,525,9,4,1280,1,230140,230140,Teléfono,Cheque,ARS,2024,11
1853,2024-11-23,380,46,4,1117,3,3963640,11890920,Campo,Transferencia,USD,2024,11
1854,2024-11-19,744,4,4,1098,2,206550,413100,Teléfono,Tarjeta crédito,USD,2024,11
1855,2024-12-09,662,11,3,1162,1,5394960,5394960,Campo,Tarjeta débito,ARS,2024,12
1856,2023-10-04,263,51,1,1127,3,135450,406350,Campo,Tarjeta crédito,USD,2023,10
1857,2024-10-07,24,28,2,1298,1,120870,120870,Online,Transferencia,ARS,2024,10
1858,2023-12-21,189,30,1,1297,3,294760,884280,Mostrador,Efectivo,USD,2023,12
1859,2024-11-18,133,6,4,1082,5,229930,1149650,Online,Efectivo,ARS,2024,11
1860,2024-09-08,50,38,4,1148,1,308170,308170,Campo,Efectivo,USD,2024,9
1861,2024-10-30,958,25,4,1006,1,137220,137220,Mostrador,Efectivo,ARS,2024,10
1862,2024-06-20,695,15,1,1185,1,3221280,3221280,Campo,Efectivo,USD,2024,6
1863,2023-07-14,26,9,4,1252,3,433140,1299420,Teléfono,Transferencia,ARS,2023,7
1864,2024-02-19,650,40,4,1025,2,155920,311840,Teléfono,Transferencia,USD,2024,2
1865,2024-12-27,11,53,4,1041,2,157450,314900,Online,Tarjeta crédito,USD,2024,12
1866,2024-12-14,808,51,1,1169,1,5021700,5021700,Mostrador,Tarjeta crédito,USD,2024,12
1867,2023-02-17,102,51,1,1003,4,4516680,18066720,Mostrador,Tarjeta crédito,ARS,2023,2
1868,2023-06-30,11,32,1,1171,1,321740,321740,Teléfono,Transferencia,USD,2023,6
1869,2023-05-25,112,42,3,1057,2,209460,418920,Online,Tarjeta débito,ARS,2023,5
1870,2024-09-05,606,37,3,1083,4,4372740,17490960,Online,Tarjeta débito,ARS,2024,9
1871,2024-11-12,772,27,4,1006,3,186870,560610,Online,Efectivo,USD,2024,11
1872,2023-08-23,258,35,1,1179,4,48190,192760,Online,Tarjeta crédito,USD,2023,8
1873,2024-01-07,973,49,1,1133,3,2639420,7918260,Mostrador,Tarjeta crédito,ARS,2024,1
1874,2024-11-18,167,12,3,1086,1,305970,305970,Campo,Efectivo,USD,2024,11
1875,2024-09-12,721,33,4,1271,5,167710,838550,Mostrador,Cheque,USD,2024,9
1876,2024-02-16,407,46,4,1204,3,3259440,9778320,Campo,Tarjeta crédito,USD,2024,2
1877,2024-04-09,45,53,4,1094,3,64190,192570,Campo,Tarjeta débito,ARS,2024,4
1878,2024-01-10,842,30,1,1250,1,5304170,5304170,Teléfono,Cheque,ARS,2024,1
1879,2023-11-06,205,29,3,1295,3,340590,1021770,Campo,Efectivo,ARS,2023,11
1880,2024-03-12,938,36,4,1198,2,2957210,5914420,Online,Tarjeta crédito,USD,2024,3
1881,2024-07-26,359,8,2,1079,1,209100,209100,Campo,Tarjeta débito,ARS,2024,7
1882,2024-11-27,554,14,1,1166,1,305260,305260,Mostrador,Cheque,USD,2024,11
1883,2024-05-30,285,16,1,1039,4,5019750,20079000,Teléfono,Efectivo,USD,2024,5
1884,2024-10-13,400,43,1,1249,1,272850,272850,Mostrador,Tarjeta débito,ARS,2024,10
1885,2023-06-25,100,1,4,1214,1,371170,371170,Mostrador,Efectivo,ARS,2023,6
1886,2023-12-21,388,15,1,1131,4,77930,311720,Teléfono,Cheque,USD,2023,12
1887,2023-01-11,356,35,1,1157,2,384200,768400,Online,Efectivo,ARS,2023,1
1888,2023-09-28,272,49,1,1159,3,50000,150000,Mostrador,Efectivo,USD,2023,9
1889,2024-09-05,425,44,3,1230,4,5672050,22688200,Campo,Cheque,ARS,2024,9
1890,2024-12-29,6,16,1,1227,1,262860,262860,Mostrador,Tarjeta crédito,ARS,2024,12
1891,2023-04-19,42,36,4,1045,2,183230,366460,Campo,Tarjeta crédito,ARS,2023,4
1892,2023-12-05,384,21,1,1201,2,427350,854700,Teléfono,Efectivo,USD,2023,12
1893,2024-11-07,441,2,1,1022,1,177040,177040,Online,Transferencia,USD,2024,11
1894,2023-08-12,356,59,2,1167,3,191140,573420,Mostrador,Cheque,ARS,2023,8
1895,2024-03-01,919,43,1,1242,3,2787470,8362410,Online,Cheque,ARS,2024,3
1896,2024-09-13,765,14,1,1229,1,3701480,3701480,Mostrador,Cheque,ARS,2024,9
1897,2024-05-07,588,49,1,1238,1,22180,22180,Teléfono,Tarjeta débito,USD,2024,5
1898,2023-07-26,42,57,4,1149,1,3683100,3683100,Online,Efectivo,ARS,2023,7
1899,2023-11-22,351,6,4,1273,4,51960,207840,Online,Cheque,ARS,2023,11
1900,2024-11-02,268,35,1,1067,1,2782140,2782140,Teléfono,Tarjeta débito,ARS,2024,11
1901,2024-02-29,892,19,1,1007,1,108430,108430,Online,Efectivo,USD,2024,2
1902,2023-01-06,217,9,4,1233,4,223850,895400,Teléfono,Transferencia,ARS,2023,1
1903,2024-10-13,64,9,4,1292,1,354990,354990,Teléfono,Transferencia,USD,2024,10
1904,2023-02-08,179,2,1,1256,2,154710,309420,Campo,Transferencia,ARS,2023,2
1905,2024-09-27,541,46,4,1067,1,1700150,1700150,Teléfono,Cheque,USD,2024,9
1906,2023-08-11,275,38,4,1250,4,29530,118120,Mostrador,Cheque,USD,2023,8
1907,2024-12-20,470,53,4,1077,1,2977140,2977140,Online,Tarjeta débito,ARS,2024,12
1908,2023-11-25,216,56,2,1087,1,381670,381670,Teléfono,Tarjeta crédito,ARS,2023,11
1909,2023-11-14,353,35,1,1252,5,2998050,14990250,Campo,Transferencia,ARS,2023,11
1910,2023-06-13,301,15,1,1222,1,167630,167630,Campo,Transferencia,ARS,2023,6
1911,2023-11-08,54,1,4,1072,3,330370,991110,Campo,Efectivo,USD,2023,11
1912,2024-11-28,878,50,3,1202,5,355820,1779100,Online,Tarjeta crédito,ARS,2024,11
1913,2024-12-30,592,16,1,1059,1,3950500,3950500,Teléfono,Transferencia,ARS,2024,12
1914,2023-11-26,194,53,4,1276,5,5528120,27640600,Campo,Transferencia,USD,2023,11
1915,2023-12-18,200,6,4,1221,1,359130,359130,Campo,Efectivo,ARS,2023,12
1916,2024-09-01,13,53,4,1157,3,138330,414990,Campo,Transferencia,ARS,2024,9
1917,2024-11-30,222,38,4,1181,1,320310,320310,Campo,Tarjeta débito,ARS,2024,11
1918,2024-04-12,705,13,4,1213,1,390890,390890,Campo,Transferencia,USD,2024,4
1919,2023-12-02,396,49,1,1129,5,120150,600750,Mostrador,Cheque,ARS,2023,12
1920,2023-12-08,369,6,4,1243,5,1892850,9464250,Online,Tarjeta crédito,ARS,2023,12
1921,2024-08-03,839,13,4,1172,3,85760,257280,Online,Efectivo,ARS,2024,8
1922,2023-01-04,240,15,1,1270,1,196380,196380,Campo,Tarjeta crédito,USD,2023,1
1923,2024-05-11,270,30,1,1163,4,317880,1271520,Campo,Efectivo,USD,2024,5
1924,2023-11-22,298,57,4,1024,2,2626240,5252480,Campo,Tarjeta crédito,USD,2023,11
1925,2024-11-05,611,19,1,1193,1,5458990,5458990,Online,Transferencia,ARS,2024,11
1926,2023-04-13,220,46,4,1294,2,193980,387960,Campo,Efectivo,USD,2023,4
1927,2024-04-07,844,51,1,1129,1,3722460,3722460,Online,Tarjeta débito,ARS,2024,4
1928,2023-12-26,104,49,1,1041,1,2365380,2365380,Mostrador,Tarjeta débito,USD,2023,12
1929,2024-06-05,432,54,2,1031,1,308290,308290,Campo,Cheque,ARS,2024,6
1930,2023-03-13,377,5,1,1036,4,5011870,20047480,Teléfono,Tarjeta débito,USD,2023,3
1931,2024-03-29,408,1,4,1253,1,315730,315730,Online,Efectivo,USD,2024,3
1932,2024-03-08,65,3,3,1215,3,111540,334620,Mostrador,Transferencia,USD,2024,3
1933,2024-03-08,657,2,1,1287,1,225410,225410,Teléfono,Tarjeta débito,USD,2024,3
1934,2024-04-24,38,30,1,1256,4,119950,479800,Teléfono,Efectivo,ARS,2024,4
1935,2024-07-13,28,16,1,1186,2,107650,215300,Teléfono,Transferencia,USD,2024,7
1936,2024-11-08,289,52,1,1061,2,255370,510740,Teléfono,Tarjeta débito,USD,2024,11
1937,2023-10-23,367,57,4,1262,1,3539750,3539750,Mostrador,Cheque,ARS,2023,10
1938,2024-11-14,237,15,1,1276,1,141100,141100,Online,Efectivo,ARS,2024,11
1939,2023-12-31,126,32,1,1111,5,337880,1689400,Campo,Transferencia,ARS,2023,12
1940,2023-03-26,384,28,2,1255,3,431790,1295370,Teléfono,Cheque,ARS,2023,3
1941,2023-03-06,326,30,1,1141,1,5262970,5262970,Campo,Transferencia,USD,2023,3
1942,2023-11-16,85,14,1,1233,4,6024700,24098800,Mostrador,Transferencia,USD,2023,11
1943,2024-11-03,749,14,1,1023,3,4532240,13596720,Mostrador,Cheque,ARS,2024,11
1944,2024-08-16,246,46,4,1079,4,151820,607280,Mostrador,Efectivo,USD,2024,8
1945,2024-11-04,388,4,4,1031,1,97130,97130,Online,Efectivo,ARS,2024,11
1946,2024-01-20,929,33,4,1004,1,5156140,5156140,Online,Tarjeta crédito,USD,2024,1
1947,2023-12-15,375,20,1,1118,1,375520,375520,Online,Cheque,ARS,2023,12
1948,2023-06-11,266,5,1,1066,2,2280530,4561060,Teléfono,Efectivo,USD,2023,6
1949,2023-11-15,249,26,2,1287,4,397630,1590520,Online,Cheque,ARS,2023,11
1950,2023-12-14,292,27,4,1176,3,139170,417510,Teléfono,Tarjeta crédito,ARS,2023,12
1951,2023-04-08,205,1,4,1123,1,3143570,3143570,Online,Cheque,ARS,2023,4
1952,2023-08-31,228,52,1,1231,4,2451840,9807360,Online,Efectivo,USD,2023,8
1953,2024-04-18,240,2,1,1043,1,169190,169190,Mostrador,Transferencia,USD,2024,4
1954,2024-09-16,73,33,4,1004,1,4743260,4743260,Online,Transferencia,ARS,2024,9
1955,2024-12-31,671,25,4,1190,3,4742560,14227680,Teléfono,Tarjeta débito,USD,2024,12
1956,2024-12-13,388,4,4,1287,2,4501410,9002820,Teléfono,Tarjeta débito,USD,2024,12
1957,2024-06-05,378,38,4,1250,1,30170,30170,Mostrador,Transferencia,USD,2024,6
1958,2023-12-10,212,38,4,1144,1,252960,252960,Teléfono,Efectivo,ARS,2023,12
1959,2024-05-29,648,7,2,1133,1,4930450,4930450,Teléfono,Tarjeta débito,ARS,2024,5
1960,2024-11-03,795,6,4,1103,1,2027350,2027350,Mostrador,Tarjeta débito,USD,2024,11
1961,2023-05-10,164,46,4,1158,1,315480,315480,Campo,Efectivo,USD,2023,5
1962,2023-12-07,137,9,4,1065,3,288190,864570,Campo,Transferencia,ARS,2023,12
1963,2024-11-18,171,47,1,1164,2,116190,232380,Online,Transferencia,USD,2024,11
1964,2023-11-30,152,16,1,1270,2,60070,120140,Online,Efectivo,ARS,2023,11
1965,2024-03-20,677,55,2,1075,3,4106610,12319830,Campo,Transferencia,ARS,2024,3
1966,2024-04-06,809,54,2,1029,1,430650,430650,Campo,Tarjeta crédito,ARS,2024,4
1967,2023-07-22,104,6,4,1226,1,355440,355440,Online,Efectivo,USD,2023,7
1968,2023-11-24,222,51,1,1238,1,184170,184170,Teléfono,Tarjeta crédito,USD,2023,11
1969,2023-11-16,282,52,1,1153,2,342600,685200,Teléfono,Efectivo,ARS,2023,11
1970,2023-01-29,388,53,4,1094,5,290920,1454600,Teléfono,Efectivo,USD,2023,1
1971,2023-01-27,372,49,1,1237,1,2449720,2449720,Campo,Efectivo,USD,2023,1
1972,2024-11-15,129,52,1,1230,1,4338760,4338760,Online,Efectivo,ARS,2024,11
1973,2023-10-27,220,16,1,1115,1,168010,168010,Teléfono,Transferencia,USD,2023,10
1974,2024-01-21,173,41,3,1296,1,2296590,2296590,Mostrador,Transferencia,USD,2024,1
1975,2023-11-06,348,20,1,1219,1,2014490,2014490,Online,Efectivo,USD,2023,11
1976,2024-12-15,988,40,4,1246,1,1820360,1820360,Teléfono,Cheque,USD,2024,12
1977,2023-10-12,96,48,2,1032,1,104440,104440,Campo,Cheque,ARS,2023,10
1978,2023-12-12,52,13,4,1020,1,4446520,4446520,Online,Tarjeta débito,USD,2023,12
1979,2024-11-27,94,26,2,1053,5,159070,795350,Campo,Cheque,USD,2024,11
1980,2024-11-18,576,32,1,1206,1,2999280,2999280,Online,Efectivo,USD,2024,11
1981,2023-07-24,21,52,1,1219,1,3507200,3507200,Mostrador,Cheque,ARS,2023,7
1982,2024-11-07,106,35,1,1195,5,3273600,16368000,Mostrador,Tarjeta crédito,USD,2024,11
1983,2023-12-20,336,59,2,1032,1,2716330,2716330,Teléfono,Tarjeta crédito,USD,2023,12
1984,2023-12-27,200,30,1,1195,1,344400,344400,Teléfono,Efectivo,USD,2023,12
1985,2023-05-27,332,21,1,1133,3,46450,139350,Online,Transferencia,USD,2023,5
1986,2023-03-30,352,17,3,1082,1,1987080,1987080,Mostrador,Tarjeta crédito,ARS,2023,3
1987,2024-09-07,281,30,1,1001,1,144830,144830,Online,Transferencia,ARS,2024,9
1988,2023-12-31,282,35,1,1167,4,4459670,17838680,Mostrador,Transferencia,ARS,2023,12
1989,2023-12-14,100,57,4,1255,1,305300,305300,Teléfono,Tarjeta crédito,USD,2023,12
1990,2024-09-09,849,36,4,1183,1,2284420,2284420,Mostrador,Tarjeta débito,USD,2024,9
1991,2024-10-18,539,2,1,1244,1,2088530,2088530,Campo,Transferencia,USD,2024,10
1992,2023-06-24,245,43,1,1273,1,5663510,5663510,Mostrador,Cheque,USD,2023,6
1993,2024-05-01,948,25,4,1157,1,437460,437460,Teléfono,Cheque,USD,2024,5
1994,2023-05-29,63,35,1,1201,3,4632730,13898190,Teléfono,Tarjeta crédito,USD,2023,5
1995,2024-10-03,854,13,4,1192,4,5011870,20047480,Mostrador,Efectivo,ARS,2024,10
1996,2024-06-21,886,19,1,1143,1,4309810,4309810,Campo,Tarjeta débito,USD,2024,6
1997,2024-12-20,429,38,4,1299,4,161830,647320,Teléfono,Cheque,USD,2024,12
1998,2023-03-17,38,52,1,1076,1,39490,39490,Online,Tarjeta crédito,USD,2023,3
1999,2023-03-04,302,6,4,1140,3,74620,223860,Mostrador,Tarjeta crédito,USD,2023,3
2000,2023-11-02,127,49,1,1135,1,4713050,4713050,Online,Efectivo,USD,2023,11
2001,2023-10-15,71,11,3,1196,1,215550,215550,Teléfono,Efectivo,USD,2023,10
2002,2023-09-28,387,32,1,1061,2,392000,784000,Mostrador,Efectivo,ARS,2023,9
2003,2024-12-06,646,16,1,1202,1,316760,316760,Teléfono,Cheque,ARS,2024,12
2004,2023-10-01,253,27,4,1103,1,3480610,3480610,Online,Tarjeta crédito,USD,2023,10
2005,2023-10-26,13,26,2,1083,1,2088530,2088530,Online,Tarjeta crédito,ARS,2023,10
2006,2024-10-12,174,25,4,1039,1,248890,248890,Teléfono,Cheque,ARS,2024,10
2007,2023-12-18,90,16,1,1005,1,299700,299700,Campo,Cheque,ARS,2023,12
2008,2024-10-31,368,4,4,1219,1,277330,277330,Campo,Tarjeta crédito,USD,2024,10
2009,2023-03-13,289,59,2,1254,4,122400,489600,Online,Efectivo,ARS,2023,3
2010,2023-12-28,207,40,4,1088,5,4154450,20772250,Teléfono,Tarjeta débito,ARS,2023,12
2011,2023-02-06,62,46,4,1209,4,426000,1704000,Teléfono,Transferencia,ARS,2023,2
2012,2023-03-10,319,2,1,1180,1,2772010,2772010,Online,Efectivo,ARS,2023,3
2013,2024-12-06,824,25,4,1208,2,4980560,9961120,Teléfono,Efectivo,USD,2024,12
2014,2023-06-02,39,13,4,1273,3,2160080,6480240,Mostrador,Efectivo,ARS,2023,6
2015,2024-02-06,60,30,1,1065,1,146210,146210,Teléfono,Efectivo,ARS,2024,2
2016,2023-12-07,105,41,3,1021,3,35870,107610,Campo,Tarjeta crédito,ARS,2023,12
2017,2023-11-20,239,20,1,1177,1,5285830,5285830,Online,Tarjeta crédito,USD,2023,11
2018,2024-12-04,462,1,4,1022,1,291650,291650,Online,Tarjeta débito,USD,2024,12
2019,2023-01-24,127,47,1,1164,1,5951640,5951640,Campo,Efectivo,ARS,2023,1
2020,2024-06-29,83,32,1,1036,2,393480,786960,Teléfono,Tarjeta crédito,ARS,2024,6
2021,2024-12-21,220,19,1,1250,1,1578510,1578510,Online,Tarjeta débito,USD,2024,12
2022,2024-03-07,408,23,3,1149,1,322010,322010,Teléfono,Efectivo,USD,2024,3
2023,2024-12-14,946,6,4,1073,5,2190390,10951950,Campo,Tarjeta crédito,ARS,2024,12
2024,2023-02-27,105,57,4,1091,1,181490,181490,Teléfono,Cheque,USD,2023,2
2025,2023-12-09,74,30,1,1176,1,1994040,1994040,Mostrador,Efectivo,ARS,2023,12
2026,2023-10-13,135,35,1,1126,3,366560,1099680,Teléfono,Tarjeta débito,ARS,2023,10
2027,2024-09-10,430,57,4,1204,4,176700,706800,Mostrador,Tarjeta débito,ARS,2024,9
2028,2024-12-26,890,37,3,1246,3,427350,1282050,Teléfono,Cheque,USD,2024,12
2029,2023-10-09,62,8,2,1099,1,92910,92910,Online,Tarjeta crédito,ARS,2023,10
2030,2024-06-18,513,2,1,1271,4,70560,282240,Campo,Transferencia,ARS,2024,6
2031,2023-08-06,79,54,2,1044,1,46470,46470,Mostrador,Tarjeta crédito,ARS,2023,8
2032,2024-03-13,886,32,1,1222,1,345890,345890,Online,Tarjeta débito,USD,2024,3
2033,2023-12-22,65,46,4,1097,1,1700150,1700150,Online,Tarjeta débito,ARS,2023,12
2034,2024-12-24,941,48,2,1036,2,2950820,5901640,Campo,Efectivo,ARS,2024,12
2035,2024-04-29,980,27,4,1168,4,284740,1138960,Teléfono,Transferencia,ARS,2024,4
2036,2023-11-20,183,54,2,1030,1,2397160,2397160,Online,Efectivo,USD,2023,11
2037,2023-05-06,66,47,1,1282,4,163480,653920,Campo,Tarjeta débito,ARS,2023,5
2038,2023-06-15,323,40,4,1085,1,277200,277200,Teléfono,Tarjeta crédito,ARS,2023,6
2039,2023-09-05,356,3,3,1121,1,260670,260670,Online,Transferencia,ARS,2023,9
2040,2023-10-03,208,15,1,1287,5,418170,2090850,Teléfono,Tarjeta crédito,ARS,2023,10
2041,2024-11-21,54,31,3,1248,2,167230,334460,Online,Tarjeta débito,ARS,2024,11
2042,2024-03-08,221,47,1,1184,1,1798640,1798640,Teléfono,Efectivo,USD,2024,3
2043,2024-01-27,236,6,4,1253,1,200270,200270,Teléfono,Transferencia,USD,2024,1
2044,2023-05-06,377,55,2,1273,2,261420,522840,Campo,Transferencia,USD,2023,5
2045,2024-11-23,612,27,4,1209,5,5104250,25521250,Online,Cheque,ARS,2024,11
2046,2024-09-01,959,52,1,1024,4,75590,302360,Mostrador,Cheque,ARS,2024,9
2047,2023-03-16,103,16,1,1122,3,180950,542850,Campo,Efectivo,ARS,2023,3
2048,2024-08-16,436,36,4,1225,3,260250,780750,Teléfono,Tarjeta débito,USD,2024,8
2049,2024-02-18,694,40,4,1123,2,360660,721320,Teléfono,Efectivo,USD,2024,2
2050,2023-03-31,108,14,1,1294,1,375960,375960,Campo,Efectivo,USD,2023,3
2051,2023-12-20,12,35,1,1173,1,200480,200480,Online,Tarjeta crédito,USD,2023,12
2052,2023-12-27,343,52,1,1143,1,1899960,1899960,Mostrador,Efectivo,ARS,2023,12
2053,2023-07-01,86,31,3,1169,1,199950,199950,Teléfono,Cheque,USD,2023,7
2054,2024-12-17,800,4,4,1057,5,285790,1428950,Online,Cheque,USD,2024,12
2055,2024-11-20,327,6,4,1042,5,3612850,18064250,Teléfono,Tarjeta crédito,USD,2024,11
2056,2024-07-04,214,26,2,1017,4,4407530,17630120,Campo,Efectivo,ARS,2024,7
2057,2023-12-21,44,25,4,1119,4,3369800,13479200,Campo,Cheque,ARS,2023,12
2058,2023-12-07,322,35,1,1121,5,149200,746000,Online,Efectivo,ARS,2023,12
2059,2024-06-15,78,2,1,1110,1,184040,184040,Teléfono,Tarjeta débito,USD,2024,6
2060,2024-02-20,55,50,3,1251,5,239580,1197900,Campo,Tarjeta crédito,ARS,2024,2
2061,2023-03-10,272,25,4,1298,3,139970,419910,Campo,Tarjeta crédito,ARS,2023,3
2062,2024-01-15,856,9,4,1201,1,248780,248780,Mostrador,Transferencia,USD,2024,1
2063,2024-11-08,71,24,3,1143,5,143680,718400,Campo,Tarjeta débito,USD,2024,11
2064,2023-12-20,68,44,3,1143,1,385720,385720,Online,Transferencia,ARS,2023,12
2065,2023-02-26,180,38,4,1181,1,4988660,4988660,Teléfono,Efectivo,ARS,2023,2
2066,2024-11-03,380,5,1,1182,4,4754770,19019080,Mostrador,Cheque,USD,2024,11
2067,2023-08-09,174,52,1,1165,3,4162480,12487440,Campo,Transferencia,USD,2023,8
2068,2023-10-11,169,25,4,1264,1,417860,417860,Online,Tarjeta débito,ARS,2023,10
2069,2023-06-30,389,13,4,1210,1,3911440,3911440,Teléfono,Tarjeta débito,ARS,2023,6
2070,2023-11-15,261,19,1,1011,1,2844050,2844050,Campo,Tarjeta crédito,ARS,2023,11
2071,2024-10-09,447,48,2,1182,5,2685830,13429150,Mostrador,Tarjeta crédito,ARS,2024,10
2072,2024-01-22,637,43,1,1251,2,2106730,4213460,Campo,Cheque,ARS,2024,1
2073,2023-08-13,131,32,1,1138,1,34580,34580,Mostrador,Tarjeta crédito,USD,2023,8
2074,2024-11-28,234,27,4,1218,1,5482380,5482380,Teléfono,Tarjeta débito,USD,2024,11
2075,2024-11-28,904,16,1,1239,4,2991730,11966920,Campo,Transferencia,ARS,2024,11
2076,2024-11-26,154,38,4,1181,4,6011600,24046400,Mostrador,Transferencia,ARS,2024,11
2077,2023-09-19,330,20,1,1087,1,4792800,4792800,Campo,Tarjeta crédito,ARS,2023,9
2078,2023-12-18,125,45,2,1298,1,108240,108240,Campo,Transferencia,USD,2023,12
2079,2024-12-27,866,35,1,1293,1,414900,414900,Campo,Transferencia,ARS,2024,12
2080,2024-10-25,891,46,4,1092,1,3930060,3930060,Teléfono,Tarjeta crédito,USD,2024,10
2081,2023-01-30,100,3,3,1208,1,78130,78130,Mostrador,Efectivo,ARS,2023,1
2082,2023-03-13,53,31,3,1204,1,402470,402470,Teléfono,Transferencia,USD,2023,3
2083,2023-12-22,332,35,1,1186,1,1878090,1878090,Teléfono,Tarjeta débito,ARS,2023,12
2084,2024-12-07,468,35,1,1085,5,4930450,24652250,Campo,Efectivo,USD,2024,12
2085,2024-02-12,640,20,1,1068,1,237990,237990,Online,Tarjeta débito,USD,2024,2
2086,2023-12-31,14,15,1,1152,3,236820,710460,Campo,Tarjeta débito,ARS,2023,12
2087,2023-04-26,5,17,3,1156,5,3918710,19593550,Online,Efectivo,ARS,2023,4
2088,2024-06-21,762,42,3,1293,3,2241070,6723210,Online,Tarjeta crédito,ARS,2024,6
2089,2024-11-13,368,31,3,1021,5,202100,1010500,Mostrador,Tarjeta crédito,ARS,2024,11
2090,2023-11-29,27,28,2,1161,1,194100,194100,Campo,Efectivo,USD,2023,11
2091,2024-10-29,637,30,1,1167,1,6445280,6445280,Online,Tarjeta débito,ARS,2024,10
2092,2024-12-22,452,2,1,1156,4,373050,1492200,Online,Transferencia,ARS,2024,12
2093,2023-08-12,29,14,1,1143,1,5559670,5559670,Online,Transferencia,USD,2023,8
2094,2024-01-27,515,9,4,1257,5,136230,681150,Mostrador,Efectivo,ARS,2024,1
2095,2023-11-03,228,29,3,1107,1,354940,354940,Online,Tarjeta crédito,USD,2023,11
2096,2024-11-05,137,5,1,1284,3,3323370,9970110,Campo,Tarjeta crédito,ARS,2024,11
2097,2024-03-26,769,52,1,1050,5,2628980,13144900,Teléfono,Tarjeta débito,USD,2024,3
2098,2024-05-28,240,27,4,1035,1,221220,221220,Online,Transferencia,USD,2024,5
2099,2024-11-06,791,36,4,1224,4,45190,180760,Teléfono,Transferencia,ARS,2024,11
2100,2023-12-03,323,41,3,1156,1,27310,27310,Online,Efectivo,ARS,2023,12
2101,2024-12-08,672,32,1,1191,2,5618980,11237960,Teléfono,Cheque,ARS,2024,12
2102,2024-02-06,472,15,1,1184,1,313270,313270,Teléfono,Tarjeta crédito,ARS,2024,2
2103,2023-06-23,6,13,4,1237,1,4988600,4988600,Teléfono,Cheque,USD,2023,6
2104,2024-08-03,461,46,4,1297,4,193490,773960,Mostrador,Efectivo,USD,2024,8
2105,2024-11-05,305,43,1,1197,3,121390,364170,Mostrador,Cheque,USD,2024,11
2106,2023-11-11,143,46,4,1287,1,4045730,4045730,Campo,Efectivo,USD,2023,11
2107,2024-11-22,954,38,4,1109,4,1957460,7829840,Teléfono,Cheque,ARS,2024,11
2108,2024-12-06,181,15,1,1058,1,63390,63390,Campo,Efectivo,ARS,2024,12
2109,2023-10-31,30,43,1,1039,1,128760,128760,Campo,Tarjeta crédito,USD,2023,10
2110,2024-12-27,972,20,1,1241,5,4045730,20228650,Online,Tarjeta crédito,ARS,2024,12
2111,2023-06-04,253,21,1,1025,1,138990,138990,Teléfono,Transferencia,ARS,2023,6
2112,2023-08-10,40,33,4,1116,1,5108850,5108850,Teléfono,Cheque,ARS,2023,8
2113,2023-07-22,187,51,1,1117,1,421460,421460,Online,Efectivo,ARS,2023,7
2114,2024-12-02,319,57,4,1109,4,4821810,19287240,Campo,Cheque,USD,2024,12
2115,2024-06-18,816,57,4,1240,1,4871020,4871020,Teléfono,Efectivo,USD,2024,6
2116,2023-06-16,227,51,1,1175,2,192170,384340,Teléfono,Efectivo,ARS,2023,6
2117,2023-12-15,220,22,2,1127,1,138740,138740,Teléfono,Efectivo,USD,2023,12
2118,2024-05-06,892,4,4,1228,2,362800,725600,Mostrador,Tarjeta débito,ARS,2024,5
2119,2023-04-02,324,25,4,1253,5,4260020,21300100,Mostrador,Cheque,USD,2023,4
2120,2024-11-29,903,46,4,1111,1,349640,349640,Teléfono,Tarjeta débito,USD,2024,11
2121,2024-11-08,943,2,1,1241,1,4814840,4814840,Campo,Tarjeta crédito,USD,2024,11
2122,2024-01-07,43,56,2,1224,1,197180,197180,Teléfono,Transferencia,ARS,2024,1
2123,2024-12-22,656,29,3,1298,1,297080,297080,Online,Cheque,USD,2024,12
2124,2023-12-09,278,27,4,1052,1,339080,339080,Teléfono,Tarjeta crédito,ARS,2023,12
2125,2024-12-27,319,21,1,1221,1,2013330,2013330,Campo,Transferencia,ARS,2024,12
2126,2024-07-03,174,27,4,1287,1,136690,136690,Online,Transferencia,USD,2024,7
2127,2024-05-28,759,16,1,1288,4,416790,1667160,Mostrador,Cheque,USD,2024,5
2128,2023-07-02,173,13,4,1152,4,271250,1085000,Mostrador,Tarjeta débito,USD,2023,7
2129,2024-11-29,41,27,4,1118,1,272000,272000,Mostrador,Tarjeta crédito,ARS,2024,11
2130,2023-12-12,50,39,2,1279,1,82900,82900,Online,Tarjeta débito,USD,2023,12
2131,2023-06-27,323,58,3,1135,5,134910,674550,Teléfono,Cheque,ARS,2023,6
2132,2023-01-14,180,20,1,1209,5,5228530,26142650,Campo,Tarjeta crédito,USD,2023,1
2133,2024-03-07,854,16,1,1127,1,2889970,2889970,Online,Efectivo,ARS,2024,3
2134,2024-01-31,159,5,1,1293,2,1515040,3030080,Campo,Tarjeta crédito,USD,2024,1
2135,2024-08-29,37,51,1,1007,4,2962820,11851280,Campo,Tarjeta crédito,ARS,2024,8
2136,2024-12-01,406,2,1,1222,1,431230,431230,Campo,Tarjeta crédito,USD,2024,12
2137,2023-03-29,27,36,4,1077,3,3445090,10335270,Online,Efectivo,ARS,2023,3
2138,2024-09-11,376,24,3,1242,1,2565840,2565840,Mostrador,Tarjeta débito,USD,2024,9
2139,2023-07-25,386,5,1,1278,1,50370,50370,Campo,Transferencia,ARS,2023,7
2140,2024-11-23,256,4,4,1039,1,189610,189610,Online,Cheque,USD,2024,11
2141,2024-11-12,278,29,3,1242,1,2465310,2465310,Teléfono,Tarjeta crédito,ARS,2024,11
2142,2024-02-15,249,46,4,1227,5,170580,852900,Online,Efectivo,ARS,2024,2
2143,2024-08-19,693,25,4,1275,1,445150,445150,Mostrador,Efectivo,ARS,2024,8
2144,2023-11-11,17,14,1,1295,5,148650,743250,Mostrador,Cheque,ARS,2023,11
2145,2023-12-24,368,45,2,1117,5,55220,276100,Mostrador,Efectivo,USD,2023,12
2146,2024-11-13,125,24,3,1292,1,5031870,5031870,Teléfono,Cheque,ARS,2024,11
2147,2023-12-20,312,32,1,1271,4,320260,1281040,Campo,Tarjeta crédito,USD,2023,12
2148,2023-11-23,212,43,1,1157,2,56310,112620,Mostrador,Efectivo,USD,2023,11
2149,2023-12-30,237,5,1,1060,5,3944840,19724200,Mostrador,Tarjeta débito,USD,2023,12
2150,2024-11-14,415,51,1,1184,1,222480,222480,Teléfono,Transferencia,USD,2024,11
2151,2023-11-16,299,21,1,1144,3,289200,867600,Teléfono,Tarjeta débito,ARS,2023,11
2152,2023-07-10,200,55,2,1161,1,3874560,3874560,Teléfono,Transferencia,ARS,2023,7
2153,2024-08-21,889,16,1,1089,1,4250250,4250250,Mostrador,Efectivo,ARS,2024,8
2154,2024-11-14,181,38,4,1016,1,173800,173800,Online,Cheque,USD,2024,11
2155,2023-04-21,389,44,3,1249,5,3279690,16398450,Teléfono,Tarjeta débito,ARS,2023,4
2156,2023-09-21,130,51,1,1098,2,305210,610420,Online,Efectivo,ARS,2023,9
2157,2023-06-05,121,49,1,1104,2,1726840,3453680,Campo,Cheque,USD,2023,6
2158,2023-11-20,187,43,1,1300,3,73980,221940,Online,Cheque,ARS,2023,11
2159,2023-12-18,388,15,1,1235,2,2223380,4446760,Mostrador,Tarjeta crédito,ARS,2023,12
2160,2024-09-30,739,14,1,1202,4,5116140,20464560,Online,Tarjeta crédito,ARS,2024,9
2161,2024-06-15,674,43,1,1274,1,220840,220840,Online,Efectivo,ARS,2024,6
2162,2024-05-13,963,23,3,1261,5,417750,2088750,Teléfono,Transferencia,USD,2024,5
2163,2023-11-21,112,39,2,1239,2,6528050,13056100,Campo,Efectivo,USD,2023,11
2164,2024-11-18,468,19,1,1262,5,120340,601700,Online,Transferencia,USD,2024,11
2165,2023-12-24,134,30,1,1201,3,330370,991110,Campo,Transferencia,ARS,2023,12
2166,2024-12-26,698,44,3,1115,1,349880,349880,Campo,Efectivo,ARS,2024,12
2167,2024-05-27,175,1,4,1268,1,183770,183770,Teléfono,Cheque,USD,2024,5
2168,2023-05-19,261,27,4,1012,1,102760,102760,Campo,Efectivo,USD,2023,5
2169,2024-07-12,317,48,2,1073,5,4417920,22089600,Campo,Tarjeta crédito,USD,2024,7
2170,2023-11-14,312,51,1,1032,4,3849550,15398200,Teléfono,Tarjeta crédito,USD,2023,11
2171,2024-07-23,870,19,1,1178,3,265920,797760,Teléfono,Efectivo,ARS,2024,7
2172,2023-03-18,375,38,4,1260,1,3205510,3205510,Online,Tarjeta débito,ARS,2023,3
2173,2023-07-11,269,5,1,1259,2,243310,486620,Campo,Efectivo,USD,2023,7
2174,2024-11-22,794,53,4,1270,1,395550,395550,Mostrador,Tarjeta crédito,ARS,2024,11
2175,2023-09-07,224,24,3,1062,5,302700,1513500,Mostrador,Cheque,ARS,2023,9
2176,2024-11-17,252,36,4,1120,1,279560,279560,Mostrador,Tarjeta débito,USD,2024,11
2177,2023-11-01,64,32,1,1169,3,344400,1033200,Teléfono,Tarjeta débito,USD,2023,11
2178,2024-06-06,975,50,3,1068,1,83560,83560,Online,Efectivo,ARS,2024,6
2179,2024-08-01,907,45,2,1059,1,243310,243310,Campo,Efectivo,ARS,2024,8
2180,2024-01-15,830,30,1,1130,1,5178580,5178580,Teléfono,Tarjeta crédito,ARS,2024,1
2181,2023-11-08,124,2,1,1266,1,400080,400080,Teléfono,Tarjeta débito,ARS,2023,11
2182,2023-08-22,70,6,4,1075,1,3221280,3221280,Campo,Cheque,USD,2023,8
2183,2023-02-06,238,22,2,1090,3,76430,229290,Teléfono,Transferencia,ARS,2023,2
2184,2023-11-08,75,49,1,1154,4,366010,1464040,Campo,Tarjeta crédito,USD,2023,11
2185,2024-06-17,442,30,1,1218,3,181960,545880,Online,Tarjeta crédito,ARS,2024,6
2186,2024-12-15,500,6,4,1028,1,5003240,5003240,Online,Transferencia,USD,2024,12
2187,2024-11-26,522,57,4,1130,5,426000,2130000,Campo,Efectivo,USD,2024,11
2188,2024-10-19,912,3,3,1066,1,113650,113650,Teléfono,Transferencia,ARS,2024,10
2189,2024-11-03,268,22,2,1144,1,1896350,1896350,Campo,Tarjeta crédito,ARS,2024,11
2190,2024-06-30,967,5,1,1252,2,407210,814420,Campo,Efectivo,USD,2024,6
2191,2023-10-13,88,3,3,1277,1,435960,435960,Campo,Tarjeta crédito,USD,2023,10
2192,2024-12-06,50,35,1,1103,4,160240,640960,Campo,Tarjeta crédito,ARS,2024,12
2193,2024-07-06,655,4,4,1084,4,2132270,8529080,Teléfono,Cheque,ARS,2024,7
2194,2024-03-07,59,3,3,1037,5,4661790,23308950,Campo,Efectivo,USD,2024,3
2195,2023-05-02,318,30,1,1249,1,117210,117210,Online,Cheque,ARS,2023,5
2196,2023-12-17,211,39,2,1156,1,210710,210710,Online,Cheque,ARS,2023,12
2197,2023-12-21,72,57,4,1132,1,223870,223870,Teléfono,Transferencia,USD,2023,12
2198,2024-11-24,756,47,1,1047,1,2507890,2507890,Online,Efectivo,USD,2024,11
2199,2024-02-21,751,2,1,1195,1,2438270,2438270,Teléfono,Tarjeta crédito,ARS,2024,2
2200,2023-11-29,190,53,4,1103,3,6535180,19605540,Teléfono,Tarjeta crédito,USD,2023,11
2201,2024-12-25,996,47,1,1104,3,2188960,6566880,Online,Tarjeta crédito,USD,2024,12
2202,2023-05-02,50,38,4,1171,5,354610,1773050,Online,Tarjeta débito,ARS,2023,5
2203,2023-12-10,205,43,1,1089,3,3435010,10305030,Online,Tarjeta débito,ARS,2023,12
2204,2023-02-16,54,25,4,1246,3,82080,246240,Campo,Cheque,ARS,2023,2
2205,2024-09-20,822,16,1,1058,1,2976490,2976490,Mostrador,Tarjeta débito,USD,2024,9
2206,2024-12-09,993,32,1,1105,4,46230,184920,Online,Tarjeta débito,ARS,2024,12
2207,2023-11-01,224,57,4,1180,4,159870,639480,Campo,Cheque,ARS,2023,11
2208,2024-11-23,156,37,3,1069,1,194000,194000,Teléfono,Efectivo,ARS,2024,11
2209,2023-11-05,360,16,1,1218,4,172230,688920,Mostrador,Tarjeta crédito,ARS,2023,11
2210,2024-12-07,563,15,1,1153,5,166280,831400,Online,Transferencia,ARS,2024,12
2211,2024-10-06,753,11,3,1025,1,295800,295800,Online,Tarjeta débito,USD,2024,10
2212,2024-11-08,842,59,2,1035,5,75470,377350,Campo,Transferencia,USD,2024,11
2213,2023-01-20,161,33,4,1015,1,3791650,3791650,Campo,Transferencia,ARS,2023,1
2214,2024-12-21,641,27,4,1106,4,351050,1404200,Mostrador,Tarjeta débito,USD,2024,12
2215,2024-09-06,85,17,3,1218,1,342150,342150,Teléfono,Tarjeta crédito,ARS,2024,9
2216,2023-11-08,69,43,1,1074,1,4406750,4406750,Mostrador,Transferencia,USD,2023,11
2217,2024-11-15,385,48,2,1204,4,198520,794080,Online,Tarjeta crédito,ARS,2024,11
2218,2023-11-02,373,46,4,1285,2,170860,341720,Teléfono,Tarjeta débito,USD,2023,11
2219,2024-11-27,55,20,1,1038,4,3025690,12102760,Campo,Efectivo,ARS,2024,11
2220,2023-05-04,85,32,1,1197,1,4146420,4146420,Teléfono,Transferencia,ARS,2023,5
2221,2024-08-11,857,5,1,1280,2,134770,269540,Campo,Tarjeta crédito,ARS,2024,8
2222,2024-02-15,980,51,1,1275,1,5167810,5167810,Campo,Tarjeta crédito,ARS,2024,2
2223,2023-04-16,329,20,1,1174,1,145120,145120,Mostrador,Tarjeta débito,USD,2023,4
2224,2023-09-23,80,39,2,1032,1,148140,148140,Online,Transferencia,USD,2023,9
2225,2023-01-14,220,9,4,1044,1,88180,88180,Online,Efectivo,USD,2023,1
2226,2023-12-23,110,56,2,1154,1,5540450,5540450,Mostrador,Tarjeta débito,ARS,2023,12
2227,2023-11-07,253,52,1,1153,2,339080,678160,Online,Tarjeta débito,USD,2023,11
2228,2024-04-18,317,52,1,1291,5,3540630,17703150,Mostrador,Tarjeta débito,ARS,2024,4
2229,2023-11-06,164,56,2,1142,4,123820,495280,Teléfono,Tarjeta crédito,USD,2023,11
2230,2023-11-07,103,21,1,1256,1,243790,243790,Campo,Efectivo,ARS,2023,11
2231,2024-09-24,625,12,3,1110,1,1777030,1777030,Teléfono,Transferencia,ARS,2024,9
2232,2023-02-22,252,27,4,1134,1,2512630,2512630,Teléfono,Tarjeta crédito,USD,2023,2
2233,2024-12-05,152,15,1,1032,1,433140,433140,Mostrador,Cheque,USD,2024,12
2234,2024-11-21,336,47,1,1026,1,206800,206800,Mostrador,Cheque,ARS,2024,11
2235,2024-07-03,910,45,2,1255,4,4021470,16085880,Online,Efectivo,ARS,2024,7
2236,2024-04-12,368,57,4,1223,1,122810,122810,Campo,Tarjeta crédito,USD,2024,4
2237,2024-12-02,763,57,4,1056,3,3838160,11514480,Mostrador,Tarjeta débito,USD,2024,12
2238,2023-07-23,354,6,4,1293,3,5493240,16479720,Online,Efectivo,USD,2023,7
2239,2023-03-28,88,5,1,1125,5,4777250,23886250,Online,Cheque,ARS,2023,3
2240,2023-09-20,100,38,4,1230,1,223850,223850,Teléfono,Cheque,USD,2023,9
2241,2024-11-05,120,19,1,1053,3,5147720,15443160,Mostrador,Efectivo,ARS,2024,11
2242,2023-02-08,385,20,1,1101,3,3616950,10850850,Mostrador,Transferencia,USD,2023,2
2243,2024-04-01,303,27,4,1039,4,4784970,19139880,Teléfono,Efectivo,ARS,2024,4
2244,2024-12-30,716,25,4,1292,2,186510,373020,Online,Efectivo,ARS,2024,12
2245,2024-11-22,149,52,1,1267,1,110860,110860,Mostrador,Tarjeta crédito,ARS,2024,11
2246,2024-01-25,201,35,1,1283,4,1948180,7792720,Mostrador,Efectivo,USD,2024,1
2247,2023-03-11,295,21,1,1002,1,47180,47180,Campo,Tarjeta crédito,ARS,2023,3
2248,2024-11-15,3,43,1,1022,1,229410,229410,Campo,Transferencia,USD,2024,11
2249,2024-04-19,400,19,1,1066,2,301000,602000,Teléfono,Tarjeta crédito,ARS,2024,4
2250,2023-05-07,68,25,4,1212,3,430650,1291950,Online,Tarjeta débito,USD,2023,5
2251,2023-04-13,154,6,4,1236,3,2999280,8997840,Teléfono,Efectivo,ARS,2023,4
2252,2024-12-07,494,46,4,1017,1,88180,88180,Online,Efectivo,USD,2024,12
2253,2024-07-05,182,4,4,1014,4,200420,801680,Teléfono,Tarjeta débito,ARS,2024,7
2254,2024-11-15,525,39,2,1007,1,81000,81000,Mostrador,Transferencia,USD,2024,11
2255,2024-11-28,189,25,4,1226,2,5794590,11589180,Campo,Tarjeta débito,USD,2024,11
2256,2024-03-20,20,60,3,1222,4,146850,587400,Mostrador,Efectivo,ARS,2024,3
2257,2024-01-20,851,5,1,1104,2,5799990,11599980,Teléfono,Cheque,USD,2024,1
2258,2023-12-13,283,10,3,1001,1,284250,284250,Teléfono,Transferencia,ARS,2023,12
2259,2023-11-11,386,7,2,1287,5,47180,235900,Campo,Transferencia,ARS,2023,11
2260,2023-12-14,10,6,4,1247,5,1744310,8721550,Mostrador,Cheque,USD,2023,12
2261,2024-10-27,700,13,4,1091,1,1545240,1545240,Online,Tarjeta crédito,USD,2024,10
2262,2024-04-22,857,15,1,1084,3,417830,1253490,Campo,Efectivo,ARS,2024,4
2263,2024-12-02,531,46,4,1110,1,2449060,2449060,Teléfono,Tarjeta crédito,USD,2024,12
2264,2023-12-16,143,5,1,1214,4,5334380,21337520,Teléfono,Cheque,USD,2023,12
2265,2024-04-27,615,33,4,1043,1,121340,121340,Mostrador,Transferencia,ARS,2024,4
2266,2024-05-24,303,30,1,1074,2,2369900,4739800,Mostrador,Tarjeta débito,ARS,2024,5
2267,2024-04-11,241,21,1,1242,2,132880,265760,Mostrador,Transferencia,USD,2024,4
2268,2024-08-10,152,20,1,1049,1,6445280,6445280,Online,Tarjeta débito,ARS,2024,8
2269,2023-09-18,272,37,3,1116,5,327480,1637400,Online,Efectivo,USD,2023,9
2270,2024-01-15,337,52,1,1222,5,377250,1886250,Online,Cheque,ARS,2024,1
2271,2023-04-25,188,9,4,1244,2,29310,58620,Online,Tarjeta débito,ARS,2023,4
2272,2023-11-30,210,16,1,1144,1,370830,370830,Teléfono,Tarjeta débito,USD,2023,11
2273,2023-12-28,177,36,4,1214,4,258770,1035080,Mostrador,Tarjeta crédito,ARS,2023,12
2274,2024-06-16,900,53,4,1209,5,252960,1264800,Campo,Efectivo,USD,2024,6
2275,2024-12-18,706,30,1,1099,3,5654830,16964490,Teléfono,Tarjeta crédito,ARS,2024,12
2276,2024-04-20,177,15,1,1188,1,397200,397200,Campo,Tarjeta crédito,ARS,2024,4
2277,2024-09-24,881,33,4,1114,1,3460390,3460390,Online,Cheque,ARS,2024,9
2278,2024-01-08,415,37,3,1175,3,161720,485160,Campo,Efectivo,USD,2024,1
2279,2024-05-27,578,13,4,1271,5,93930,469650,Online,Transferencia,USD,2024,5
2280,2023-03-19,310,30,1,1063,1,255370,255370,Teléfono,Tarjeta débito,USD,2023,3
2281,2023-10-07,2,8,2,1284,1,2782140,2782140,Campo,Tarjeta débito,USD,2023,10
2282,2023-11-24,317,9,4,1225,1,142420,142420,Teléfono,Cheque,ARS,2023,11
2283,2023-12-24,271,14,1,1161,1,1741120,1741120,Online,Tarjeta débito,ARS,2023,12
2284,2023-02-20,60,20,1,1036,2,167440,334880,Campo,Efectivo,USD,2023,2
2285,2023-06-03,368,49,1,1141,5,2972850,14864250,Campo,Transferencia,USD,2023,6
2286,2023-10-31,43,4,4,1228,3,122810,368430,Online,Cheque,ARS,2023,10
2287,2024-12-24,605,6,4,1196,1,47550,47550,Online,Tarjeta débito,USD,2024,12
2288,2023-11-15,226,30,1,1151,5,279220,1396100,Campo,Tarjeta crédito,ARS,2023,11
2289,2023-12-27,286,21,1,1269,1,113070,113070,Mostrador,Efectivo,ARS,2023,12
2290,2023-08-04,63,5,1,1204,2,159550,319100,Teléfono,Tarjeta débito,USD,2023,8
2291,2024-05-02,280,19,1,1040,5,3870760,19353800,Teléfono,Tarjeta crédito,ARS,2024,5
2292,2023-11-01,14,52,1,1238,1,202370,202370,Teléfono,Cheque,USD,2023,11
2293,2023-08-16,28,57,4,1222,1,6423650,6423650,Online,Tarjeta crédito,ARS,2023,8
2294,2024-01-19,142,22,2,1281,5,36180,180900,Campo,Efectivo,USD,2024,1
2295,2023-01-07,108,43,1,1225,1,67070,67070,Online,Tarjeta crédito,ARS,2023,1
2296,2023-01-09,290,53,4,1154,1,166180,166180,Mostrador,Tarjeta crédito,USD,2023,1
2297,2023-08-29,78,34,2,1280,3,3854370,11563110,Online,Tarjeta crédito,ARS,2023,8
2298,2023-02-10,247,50,3,1039,4,41260,165040,Campo,Transferencia,USD,2023,2
2299,2023-04-29,12,16,1,1217,2,3015160,6030320,Campo,Efectivo,ARS,2023,4
2300,2023-11-17,184,32,1,1244,1,4338940,4338940,Mostrador,Efectivo,ARS,2023,11
2301,2024-11-07,317,9,4,1109,1,276480,276480,Online,Tarjeta crédito,ARS,2024,11
2302,2024-03-20,361,41,3,1061,1,1871510,1871510,Mostrador,Tarjeta débito,USD,2024,3
2303,2024-01-15,445,20,1,1198,1,157890,157890,Campo,Cheque,ARS,2024,1
2304,2023-11-05,296,37,3,1276,1,214180,214180,Campo,Efectivo,USD,2023,11
2305,2024-12-13,404,38,4,1172,1,285170,285170,Campo,Tarjeta crédito,ARS,2024,12
2306,2023-12-03,240,20,1,1272,1,137220,137220,Mostrador,Cheque,ARS,2023,12
2307,2023-04-06,263,26,2,1271,1,3978610,3978610,Teléfono,Transferencia,USD,2023,4
2308,2024-05-08,847,6,4,1042,4,117350,469400,Teléfono,Tarjeta débito,ARS,2024,5
2309,2023-05-05,377,15,1,1189,1,177040,177040,Teléfono,Efectivo,USD,2023,5
2310,2023-11-19,73,4,4,1260,1,55870,55870,Mostrador,Tarjeta débito,ARS,2023,11
2311,2024-01-09,68,50,3,1152,4,129610,518440,Teléfono,Tarjeta débito,ARS,2024,1
2312,2024-11-27,799,9,4,1131,1,71420,71420,Campo,Cheque,USD,2024,11
2313,2023-12-30,326,43,1,1114,4,115400,461600,Mostrador,Transferencia,ARS,2023,12
2314,2024-08-10,732,16,1,1222,2,93130,186260,Campo,Transferencia,USD,2024,8
2315,2024-12-30,972,1,4,1054,5,279450,1397250,Mostrador,Tarjeta crédito,USD,2024,12
2316,2023-05-25,47,5,1,1242,1,3931800,3931800,Online,Efectivo,ARS,2023,5
2317,2023-10-29,58,21,1,1296,2,254050,508100,Campo,Tarjeta débito,ARS,2023,10
2318,2023-12-03,24,21,1,1042,1,1879200,1879200,Teléfono,Tarjeta débito,ARS,2023,12
2319,2023-12-10,290,21,1,1093,1,44560,44560,Mostrador,Cheque,USD,2023,12
2320,2023-12-07,319,13,4,1260,4,2628980,10515920,Campo,Transferencia,USD,2023,12
2321,2024-12-06,444,21,1,1281,1,4285280,4285280,Teléfono,Transferencia,USD,2024,12
2322,2024-08-23,403,36,4,1192,3,137500,412500,Online,Cheque,ARS,2024,8
2323,2024-04-28,24,49,1,1125,5,134950,674750,Campo,Cheque,ARS,2024,4
2324,2023-11-09,64,17,3,1296,1,1825970,1825970,Online,Tarjeta débito,ARS,2023,11
2325,2024-11-13,767,35,1,1007,1,172550,172550,Mostrador,Tarjeta crédito,USD,2024,11
2326,2024-12-19,660,38,4,1143,4,2752300,11009200,Campo,Tarjeta débito,USD,2024,12
2327,2024-11-12,628,1,4,1035,1,5686230,5686230,Mostrador,Efectivo,ARS,2024,11
2328,2023-01-02,98,21,1,1047,2,138430,276860,Online,Transferencia,ARS,2023,1
2329,2024-05-30,239,9,4,1153,2,320400,640800,Online,Tarjeta crédito,ARS,2024,5
2330,2023-02-26,283,21,1,1238,5,79500,397500,Campo,Tarjeta crédito,USD,2023,2
2331,2023-10-10,300,58,3,1005,1,3216330,3216330,Teléfono,Transferencia,USD,2023,10
2332,2023-03-07,93,4,4,1125,5,4662500,23312500,Campo,Transferencia,USD,2023,3
2333,2024-04-24,577,46,4,1104,1,126600,126600,Mostrador,Transferencia,ARS,2024,4
2334,2024-07-24,375,46,4,1087,1,123820,123820,Campo,Tarjeta crédito,USD,2024,7
2335,2023-05-06,174,15,1,1003,1,179570,179570,Teléfono,Tarjeta débito,USD,2023,5
2336,2023-11-30,310,51,1,1165,5,3444270,17221350,Teléfono,Transferencia,USD,2023,11
2337,2023-12-20,376,5,1,1223,4,335080,1340320,Mostrador,Tarjeta débito,ARS,2023,12
2338,2023-11-26,235,28,2,1128,3,122460,367380,Teléfono,Tarjeta crédito,ARS,2023,11
2339,2023-05-13,167,38,4,1297,1,387720,387720,Online,Efectivo,ARS,2023,5
2340,2023-12-09,237,32,1,1298,1,171310,171310,Campo,Efectivo,USD,2023,12
2341,2024-10-03,7,44,3,1143,2,77070,154140,Online,Cheque,ARS,2024,10
2342,2023-03-19,310,21,1,1025,4,374220,1496880,Mostrador,Tarjeta crédito,USD,2023,3
2343,2023-03-29,43,35,1,1039,3,4403730,13211190,Online,Tarjeta crédito,ARS,2023,3
2344,2023-11-22,276,23,3,1105,1,1724370,1724370,Mostrador,Efectivo,USD,2023,11
2345,2024-12-16,340,55,2,1005,3,5174260,15522780,Online,Cheque,USD,2024,12
2346,2024-07-04,153,13,4,1136,1,95510,95510,Campo,Efectivo,USD,2024,7
2347,2024-07-15,43,35,1,1004,1,2148940,2148940,Teléfono,Tarjeta débito,ARS,2024,7
2348,2023-11-24,213,27,4,1169,1,2913670,2913670,Online,Cheque,ARS,2023,11
2349,2024-04-13,201,16,1,1116,1,337150,337150,Mostrador,Tarjeta débito,USD,2024,4
2350,2023-01-12,383,20,1,1178,5,203470,1017350,Online,Transferencia,ARS,2023,1
2351,2024-05-29,667,12,3,1078,2,3334810,6669620,Campo,Tarjeta débito,USD,2024,5
2352,2024-12-08,732,40,4,1019,1,31430,31430,Campo,Efectivo,ARS,2024,12
2353,2024-05-03,665,21,1,1205,1,1739990,1739990,Mostrador,Tarjeta débito,ARS,2024,5
2354,2024-11-27,548,2,1,1119,3,3808950,11426850,Online,Tarjeta crédito,ARS,2024,11
2355,2024-09-03,226,54,2,1033,2,57920,115840,Teléfono,Tarjeta crédito,ARS,2024,9
2356,2023-05-13,322,16,1,1150,1,285170,285170,Online,Transferencia,USD,2023,5
2357,2024-12-05,633,46,4,1193,4,39810,159240,Teléfono,Tarjeta débito,USD,2024,12
2358,2023-03-14,9,38,4,1139,1,3315170,3315170,Teléfono,Efectivo,ARS,2023,3
2359,2024-02-07,339,5,1,1272,1,2607250,2607250,Online,Tarjeta débito,USD,2024,2
2360,2023-06-05,335,54,2,1196,3,4944940,14834820,Teléfono,Efectivo,ARS,2023,6
2361,2023-01-13,181,9,4,1127,2,258800,517600,Campo,Tarjeta crédito,ARS,2023,1
2362,2023-12-10,21,16,1,1128,2,242270,484540,Mostrador,Transferencia,USD,2023,12
2363,2023-11-05,272,10,3,1231,1,3568020,3568020,Teléfono,Cheque,ARS,2023,11
2364,2023-12-28,194,52,1,1044,3,4295700,12887100,Online,Transferencia,ARS,2023,12
2365,2024-03-26,538,10,3,1230,1,183300,183300,Campo,Transferencia,ARS,2024,3
2366,2023-02-17,285,5,1,1216,4,5097930,20391720,Mostrador,Efectivo,USD,2023,2
2367,2023-05-15,98,57,4,1244,4,2716330,10865320,Teléfono,Cheque,ARS,2023,5
2368,2024-03-05,430,21,1,1009,3,183710,551130,Campo,Tarjeta débito,ARS,2024,3
2369,2023-11-19,219,43,1,1250,5,258800,1294000,Mostrador,Transferencia,ARS,2023,11
2370,2024-09-08,327,57,4,1200,5,190090,950450,Mostrador,Tarjeta crédito,USD,2024,9
2371,2024-06-16,945,14,1,1039,1,3556620,3556620,Campo,Efectivo,USD,2024,6
2372,2024-11-19,911,16,1,1079,4,119910,479640,Online,Tarjeta débito,USD,2024,11
2373,2024-07-30,785,5,1,1245,2,5031870,10063740,Mostrador,Transferencia,USD,2024,7
2374,2023-12-12,393,19,1,1190,1,424900,424900,Campo,Cheque,ARS,2023,12
2375,2024-07-09,973,38,4,1086,1,417120,417120,Campo,Efectivo,ARS,2024,7
2376,2023-10-30,288,25,4,1271,1,171310,171310,Online,Efectivo,USD,2023,10
2377,2023-11-09,66,5,1,1262,4,1659150,6636600,Mostrador,Tarjeta débito,ARS,2023,11
2378,2024-11-04,827,9,4,1001,2,83720,167440,Campo,Efectivo,USD,2024,11
2379,2023-12-17,111,55,2,1020,1,210140,210140,Mostrador,Efectivo,USD,2023,12
2380,2024-11-06,212,4,4,1130,1,378200,378200,Teléfono,Cheque,USD,2024,11
2381,2024-11-13,683,49,1,1216,1,92790,92790,Online,Transferencia,USD,2024,11
2382,2024-11-22,851,42,3,1258,1,3748300,3748300,Campo,Efectivo,USD,2024,11
2383,2024-12-09,878,59,2,1131,4,146910,587640,Teléfono,Cheque,ARS,2024,12
2384,2023-12-13,59,55,2,1007,1,296240,296240,Teléfono,Tarjeta crédito,ARS,2023,12
2385,2023-11-12,30,39,2,1127,1,54720,54720,Online,Tarjeta crédito,USD,2023,11
2386,2024-03-31,267,16,1,1241,2,72250,144500,Campo,Tarjeta crédito,USD,2024,3
2387,2023-11-26,375,38,4,1192,1,1660050,1660050,Campo,Cheque,ARS,2023,11
2388,2024-04-21,666,26,2,1178,1,412790,412790,Online,Tarjeta débito,USD,2024,4
2389,2024-08-14,350,38,4,1297,1,2409720,2409720,Mostrador,Efectivo,USD,2024,8
2390,2024-07-26,514,32,1,1115,3,3826340,11479020,Mostrador,Tarjeta crédito,ARS,2024,7
2391,2023-11-27,169,6,4,1102,4,327350,1309400,Campo,Tarjeta débito,USD,2023,11
2392,2023-07-03,214,53,4,1242,3,3361440,10084320,Online,Tarjeta crédito,ARS,2023,7
2393,2023-12-13,251,42,3,1155,3,2392200,7176600,Online,Tarjeta crédito,USD,2023,12
2394,2023-06-06,31,25,4,1001,3,2269350,6808050,Campo,Efectivo,ARS,2023,6
2395,2024-12-01,319,4,4,1025,2,3562170,7124340,Campo,Tarjeta débito,ARS,2024,12
2396,2023-11-19,183,15,1,1209,1,2578980,2578980,Teléfono,Transferencia,USD,2023,11
2397,2023-06-19,373,41,3,1143,4,2658580,10634320,Campo,Cheque,USD,2023,6
2398,2023-01-28,189,21,1,1197,5,3209320,16046600,Mostrador,Cheque,ARS,2023,1
2399,2024-06-09,725,8,2,1145,1,4371270,4371270,Online,Transferencia,ARS,2024,6
2400,2024-05-30,127,30,1,1149,3,5396990,16190970,Mostrador,Cheque,ARS,2024,5
2401,2023-11-18,292,4,4,1181,3,294230,882690,Teléfono,Efectivo,ARS,2023,11
2402,2023-03-20,296,45,2,1055,5,3954960,19774800,Online,Tarjeta crédito,ARS,2023,3
2403,2023-12-07,23,52,1,1138,5,74160,370800,Campo,Tarjeta débito,USD,2023,12
2404,2023-11-10,18,21,1,1209,1,404200,404200,Online,Cheque,USD,2023,11
2405,2024-07-13,79,27,4,1185,1,56860,56860,Teléfono,Tarjeta crédito,ARS,2024,7
2406,2024-04-26,546,52,1,1065,2,2352700,4705400,Online,Cheque,USD,2024,4
2407,2023-11-24,107,49,1,1037,1,1868370,1868370,Campo,Tarjeta crédito,USD,2023,11
2408,2023-08-28,305,51,1,1112,2,407620,815240,Campo,Transferencia,USD,2023,8
2409,2024-12-28,448,53,4,1263,2,104210,208420,Campo,Tarjeta crédito,USD,2024,12
2410,2023-12-19,199,38,4,1076,4,4527950,18111800,Campo,Tarjeta débito,ARS,2023,12
2411,2024-07-26,191,18,3,1296,5,145390,726950,Teléfono,Cheque,ARS,2024,7
2412,2023-06-04,232,1,4,1178,1,1879200,1879200,Teléfono,Transferencia,ARS,2023,6
2413,2023-12-28,62,5,1,1254,1,5757240,5757240,Campo,Transferencia,ARS,2023,12
2414,2023-01-31,42,27,4,1001,3,46230,138690,Online,Tarjeta débito,USD,2023,1
2415,2024-01-07,24,47,1,1148,1,161230,161230,Teléfono,Cheque,USD,2024,1
2416,2024-12-22,675,35,1,1159,3,156620,469860,Mostrador,Tarjeta débito,ARS,2024,12
2417,2023-11-30,183,15,1,1119,5,430820,2154100,Teléfono,Tarjeta crédito,ARS,2023,11
2418,2023-02-12,333,29,3,1268,1,139970,139970,Teléfono,Tarjeta crédito,USD,2023,2
2419,2023-02-03,95,6,4,1150,1,98500,98500,Online,Cheque,USD,2023,2
2420,2023-12-01,83,15,1,1129,3,392950,1178850,Mostrador,Tarjeta crédito,ARS,2023,12
2421,2023-06-25,93,6,4,1126,1,4210760,4210760,Teléfono,Tarjeta débito,USD,2023,6
2422,2023-01-26,278,20,1,1001,1,145330,145330,Mostrador,Transferencia,USD,2023,1
2423,2024-10-08,617,5,1,1117,3,2203280,6609840,Online,Tarjeta crédito,ARS,2024,10
2424,2023-12-20,85,54,2,1149,1,342730,342730,Mostrador,Tarjeta crédito,USD,2023,12
2425,2023-11-04,61,46,4,1269,1,2570660,2570660,Mostrador,Efectivo,USD,2023,11
2426,2024-12-04,208,46,4,1189,1,4170040,4170040,Campo,Tarjeta crédito,USD,2024,12
2427,2023-05-08,158,8,2,1141,3,2308480,6925440,Teléfono,Tarjeta débito,ARS,2023,5
2428,2024-12-19,581,10,3,1105,1,234040,234040,Online,Transferencia,USD,2024,12
2429,2023-11-11,262,49,1,1252,1,4807380,4807380,Online,Efectivo,USD,2023,11
2430,2024-12-01,853,41,3,1281,1,150710,150710,Campo,Transferencia,ARS,2024,12
2431,2024-04-23,746,9,4,1204,4,162140,648560,Online,Cheque,ARS,2024,4
2432,2024-11-14,370,21,1,1101,1,1962440,1962440,Campo,Tarjeta crédito,USD,2024,11
2433,2024-12-27,651,33,4,1282,3,157350,472050,Online,Transferencia,ARS,2024,12
2434,2023-11-04,280,24,3,1163,5,353730,1768650,Campo,Tarjeta crédito,USD,2023,11
2435,2024-12-21,476,20,1,1203,5,379010,1895050,Teléfono,Tarjeta débito,USD,2024,12
2436,2023-12-01,335,25,4,1100,1,288310,288310,Teléfono,Efectivo,ARS,2023,12
2437,2023-11-30,231,56,2,1281,1,375760,375760,Mostrador,Transferencia,ARS,2023,11
2438,2023-11-18,366,20,1,1257,1,4082210,4082210,Mostrador,Efectivo,ARS,2023,11
2439,2024-02-15,360,47,1,1094,1,5092720,5092720,Online,Tarjeta débito,USD,2024,2
2440,2023-06-19,51,51,1,1119,2,424900,849800,Campo,Cheque,ARS,2023,6
2441,2024-02-29,751,57,4,1279,5,273690,1368450,Campo,Transferencia,ARS,2024,2
2442,2024-02-16,19,17,3,1227,2,4004510,8009020,Teléfono,Tarjeta débito,USD,2024,2
2443,2024-10-14,690,33,4,1150,1,76770,76770,Campo,Efectivo,ARS,2024,10
2444,2024-11-16,209,5,1,1062,1,2034120,2034120,Teléfono,Transferencia,USD,2024,11
2445,2023-12-15,387,16,1,1129,4,4653320,18613280,Online,Efectivo,ARS,2023,12
2446,2023-11-07,131,20,1,1187,2,4068240,8136480,Online,Transferencia,ARS,2023,11
2447,2023-10-12,231,48,2,1068,1,3093610,3093610,Campo,Cheque,ARS,2023,10
2448,2023-08-02,384,38,4,1030,2,6178430,12356860,Online,Cheque,ARS,2023,8
2449,2023-03-05,92,1,4,1287,2,259730,519460,Online,Efectivo,ARS,2023,3
2450,2023-11-18,31,35,1,1275,1,118390,118390,Mostrador,Efectivo,ARS,2023,11
2451,2023-10-24,362,36,4,1127,4,121530,486120,Teléfono,Tarjeta crédito,USD,2023,10
2452,2024-12-22,761,6,4,1213,1,201960,201960,Campo,Tarjeta crédito,USD,2024,12
2453,2024-03-04,124,2,1,1135,5,1740810,8704050,Campo,Tarjeta crédito,ARS,2024,3
2454,2023-11-20,369,27,4,1134,3,31890,95670,Campo,Transferencia,USD,2023,11
2455,2024-03-29,943,51,1,1219,1,81760,81760,Mostrador,Tarjeta crédito,ARS,2024,3
2456,2023-06-02,136,14,1,1155,1,132890,132890,Campo,Tarjeta crédito,ARS,2023,6
2457,2023-12-16,273,21,1,1157,1,3519250,3519250,Campo,Transferencia,ARS,2023,12
2458,2024-05-18,355,55,2,1188,1,2843710,2843710,Online,Transferencia,ARS,2024,5
2459,2023-12-29,100,5,1,1162,1,420210,420210,Mostrador,Cheque,ARS,2023,12
2460,2023-12-05,219,51,1,1129,1,6549360,6549360,Online,Tarjeta crédito,USD,2023,12
2461,2024-12-30,616,15,1,1287,3,5573300,16719900,Teléfono,Tarjeta crédito,USD,2024,12
2462,2024-11-29,301,46,4,1089,5,3205510,16027550,Mostrador,Tarjeta débito,USD,2024,11
2463,2024-05-15,609,4,4,1162,1,279480,279480,Campo,Tarjeta crédito,USD,2024,5
2464,2024-03-17,828,40,4,1036,2,2025250,4050500,Online,Tarjeta crédito,ARS,2024,3
2465,2024-05-12,882,15,1,1227,2,320470,640940,Mostrador,Cheque,USD,2024,5
2466,2023-08-09,203,43,1,1151,4,5621470,22485880,Mostrador,Efectivo,ARS,2023,8
2467,2023-12-03,21,2,1,1081,4,57870,231480,Mostrador,Tarjeta débito,USD,2023,12
2468,2023-02-13,198,47,1,1047,1,300690,300690,Mostrador,Tarjeta débito,ARS,2023,2
2469,2023-12-25,112,54,2,1204,1,327570,327570,Mostrador,Cheque,USD,2023,12
2470,2024-02-17,149,17,3,1148,2,3760240,7520480,Mostrador,Tarjeta crédito,USD,2024,2
2471,2023-09-07,381,6,4,1231,2,435960,871920,Teléfono,Cheque,ARS,2023,9
2472,2024-12-22,755,36,4,1027,2,2773330,5546660,Campo,Tarjeta crédito,ARS,2024,12
2473,2024-12-07,954,15,1,1189,4,3480600,13922400,Teléfono,Cheque,USD,2024,12
2474,2024-09-01,183,19,1,1165,1,4156370,4156370,Online,Efectivo,ARS,2024,9
2475,2024-02-07,796,36,4,1212,3,2327960,6983880,Mostrador,Tarjeta débito,USD,2024,2
2476,2024-11-26,337,5,1,1249,4,206390,825560,Mostrador,Transferencia,ARS,2024,11
2477,2023-05-24,338,20,1,1075,1,4332850,4332850,Teléfono,Tarjeta débito,ARS,2023,5
2478,2024-11-04,971,14,1,1092,5,175640,878200,Online,Cheque,USD,2024,11
2479,2023-05-17,302,2,1,1062,1,237580,237580,Mostrador,Cheque,USD,2023,5
2480,2024-11-05,300,30,1,1066,1,166540,166540,Campo,Cheque,USD,2024,11
2481,2023-10-30,89,36,4,1080,1,5882830,5882830,Mostrador,Efectivo,ARS,2023,10
2482,2024-11-28,222,46,4,1140,3,84730,254190,Campo,Tarjeta crédito,ARS,2024,11
2483,2024-12-16,760,35,1,1130,2,355390,710780,Campo,Cheque,ARS,2024,12
2484,2023-06-13,177,15,1,1254,1,419870,419870,Campo,Efectivo,USD,2023,6
2485,2023-12-21,118,36,4,1062,5,3584920,17924600,Campo,Transferencia,USD,2023,12
2486,2024-12-26,174,20,1,1029,3,127220,381660,Mostrador,Transferencia,ARS,2024,12
2487,2023-12-27,219,15,1,1202,4,418170,1672680,Teléfono,Transferencia,ARS,2023,12
2488,2024-11-24,376,43,1,1237,2,324900,649800,Mostrador,Tarjeta débito,ARS,2024,11
2489,2024-04-07,730,5,1,1087,3,1553030,4659090,Campo,Tarjeta débito,USD,2024,4
2490,2023-11-27,319,53,4,1096,1,73940,73940,Campo,Tarjeta débito,USD,2023,11
2491,2023-11-03,77,13,4,1287,1,122000,122000,Mostrador,Cheque,ARS,2023,11
2492,2023-08-11,88,21,1,1167,1,144830,144830,Online,Tarjeta crédito,ARS,2023,8
2493,2024-10-14,908,32,1,1289,3,22300,66900,Online,Efectivo,ARS,2024,10
2494,2023-12-01,78,32,1,1252,1,2229620,2229620,Mostrador,Transferencia,USD,2023,12
2495,2024-01-13,441,19,1,1180,1,423640,423640,Teléfono,Transferencia,USD,2024,1
2496,2023-12-30,201,46,4,1100,2,1927480,3854960,Mostrador,Tarjeta crédito,ARS,2023,12
2497,2024-03-26,576,37,3,1073,1,108450,108450,Mostrador,Cheque,ARS,2024,3
2498,2024-11-25,415,28,2,1131,5,262800,1314000,Mostrador,Tarjeta crédito,ARS,2024,11
2499,2024-12-26,4,9,4,1182,3,2991640,8974920,Campo,Transferencia,USD,2024,12
2500,2023-12-06,83,40,4,1194,5,4758470,23792350,Campo,Transferencia,ARS,2023,12
2501,2024-11-14,705,25,4,1018,4,162220,648880,Online,Tarjeta débito,USD,2024,11
2502,2024-10-17,989,47,1,1126,1,305330,305330,Campo,Transferencia,USD,2024,10
2503,2024-03-22,493,52,1,1211,2,241620,483240,Campo,Cheque,ARS,2024,3
2504,2024-12-19,6,11,3,1007,1,4138500,4138500,Campo,Tarjeta débito,USD,2024,12
2505,2023-08-08,193,5,1,1114,1,2201240,2201240,Online,Efectivo,USD,2023,8
2506,2023-04-30,217,1,4,1127,1,5948710,5948710,Teléfono,Cheque,ARS,2023,4
2507,2024-11-21,347,60,3,1084,1,370270,370270,Campo,Transferencia,ARS,2024,11
2508,2023-12-15,22,40,4,1167,3,157720,473160,Online,Cheque,USD,2023,12
2509,2024-11-20,657,15,1,1102,1,2163230,2163230,Online,Tarjeta débito,ARS,2024,11
2510,2024-12-02,955,25,4,1093,1,215340,215340,Mostrador,Tarjeta crédito,USD,2024,12
2511,2023-03-10,285,30,1,1116,1,284250,284250,Campo,Transferencia,USD,2023,3
2512,2024-11-30,451,9,4,1102,1,374280,374280,Teléfono,Transferencia,USD,2024,11
2513,2023-12-17,145,20,1,1251,1,299820,299820,Campo,Cheque,USD,2023,12
2514,2024-01-12,2,39,2,1024,1,5703730,5703730,Mostrador,Efectivo,USD,2024,1
2515,2024-05-19,288,53,4,1167,1,3100640,3100640,Online,Cheque,ARS,2024,5
2516,2024-12-11,918,49,1,1140,3,44970,134910,Campo,Tarjeta débito,ARS,2024,12
2517,2023-01-21,359,34,2,1094,4,5129570,20518280,Teléfono,Tarjeta crédito,USD,2023,1
2518,2023-12-25,225,36,4,1181,3,22180,66540,Campo,Efectivo,USD,2023,12
2519,2024-07-25,954,35,1,1064,1,393510,393510,Online,Tarjeta débito,USD,2024,7
2520,2024-09-01,437,11,3,1004,4,311980,1247920,Online,Cheque,USD,2024,9
2521,2024-07-30,214,52,1,1094,2,1766260,3532520,Teléfono,Transferencia,ARS,2024,7
2522,2023-05-28,388,25,4,1272,1,50100,50100,Mostrador,Tarjeta débito,ARS,2023,5
2523,2023-11-07,166,23,3,1283,3,5762920,17288760,Teléfono,Transferencia,ARS,2023,11
2524,2023-11-23,373,43,1,1132,4,3431440,13725760,Online,Cheque,USD,2023,11
2525,2024-11-08,653,20,1,1072,4,4761640,19046560,Online,Tarjeta débito,ARS,2024,11
2526,2023-11-01,317,58,3,1287,1,25940,25940,Online,Cheque,USD,2023,11
2527,2023-08-20,64,5,1,1081,4,273420,1093680,Mostrador,Tarjeta crédito,ARS,2023,8
2528,2024-12-20,333,51,1,1174,1,2437390,2437390,Teléfono,Tarjeta débito,ARS,2024,12
2529,2023-01-10,212,31,3,1300,4,26950,107800,Mostrador,Tarjeta crédito,ARS,2023,1
2530,2024-12-31,289,47,1,1052,3,141650,424950,Mostrador,Cheque,ARS,2024,12
2531,2024-07-13,610,2,1,1290,1,4292750,4292750,Online,Efectivo,USD,2024,7
2532,2024-11-14,166,24,3,1237,1,90700,90700,Teléfono,Efectivo,USD,2024,11
2533,2023-11-05,126,14,1,1277,1,253920,253920,Mostrador,Tarjeta débito,ARS,2023,11
2534,2023-01-16,157,49,1,1280,4,424580,1698320,Teléfono,Tarjeta débito,ARS,2023,1
2535,2024-09-18,762,52,1,1044,1,3094220,3094220,Mostrador,Efectivo,USD,2024,9
2536,2024-11-16,573,11,3,1254,4,360930,1443720,Mostrador,Tarjeta crédito,USD,2024,11
2537,2024-09-21,32,10,3,1134,1,3366380,3366380,Teléfono,Efectivo,USD,2024,9
2538,2023-06-06,395,46,4,1056,3,222130,666390,Campo,Tarjeta débito,ARS,2023,6
2539,2024-10-05,274,21,1,1014,5,330790,1653950,Mostrador,Transferencia,ARS,2024,10
2540,2024-10-22,301,14,1,1178,3,183640,550920,Online,Transferencia,USD,2024,10
2541,2024-06-23,21,51,1,1101,1,139710,139710,Mostrador,Transferencia,ARS,2024,6
2542,2024-10-19,524,21,1,1180,1,136190,136190,Online,Transferencia,ARS,2024,10
2543,2024-11-19,756,4,4,1257,1,357040,357040,Mostrador,Cheque,ARS,2024,11
2544,2024-05-05,615,15,1,1268,5,3048290,15241450,Teléfono,Tarjeta débito,USD,2024,5
2545,2023-04-08,276,30,1,1037,1,6616930,6616930,Online,Transferencia,USD,2023,4
2546,2023-12-28,7,51,1,1204,1,3952740,3952740,Mostrador,Tarjeta crédito,ARS,2023,12
2547,2023-03-27,347,60,3,1259,5,30560,152800,Campo,Transferencia,ARS,2023,3
2548,2023-12-06,130,4,4,1155,5,350210,1751050,Teléfono,Transferencia,USD,2023,12
2549,2023-12-06,299,29,3,1238,2,169460,338920,Mostrador,Efectivo,USD,2023,12
2550,2023-03-14,97,38,4,1017,1,369470,369470,Teléfono,Tarjeta crédito,USD,2023,3
2551,2023-11-20,277,28,2,1100,1,1961730,1961730,Online,Tarjeta débito,USD,2023,11
2552,2023-05-02,285,35,1,1273,3,49840,149520,Online,Cheque,USD,2023,5
2553,2024-11-09,800,47,1,1113,1,138090,138090,Teléfono,Cheque,ARS,2024,11
2554,2024-12-17,173,12,3,1110,1,263980,263980,Campo,Efectivo,ARS,2024,12
2555,2023-03-21,332,31,3,1143,1,345290,345290,Online,Transferencia,USD,2023,3
2556,2024-12-19,205,26,2,1167,1,138330,138330,Online,Tarjeta crédito,ARS,2024,12
2557,2024-01-26,103,27,4,1260,5,4045730,20228650,Mostrador,Tarjeta crédito,ARS,2024,1
2558,2023-11-07,113,11,3,1145,3,146340,439020,Campo,Tarjeta débito,USD,2023,11
2559,2023-03-26,360,36,4,1230,1,367500,367500,Mostrador,Transferencia,USD,2023,3
2560,2024-01-02,131,58,3,1268,1,6339270,6339270,Online,Cheque,ARS,2024,1
2561,2024-11-05,39,13,4,1032,1,186220,186220,Teléfono,Efectivo,ARS,2024,11
2562,2024-08-15,307,35,1,1299,2,4105020,8210040,Teléfono,Cheque,USD,2024,8
2563,2023-02-25,372,36,4,1219,2,2787470,5574940,Teléfono,Efectivo,USD,2023,2
2564,2023-03-21,8,1,4,1177,1,336380,336380,Mostrador,Transferencia,ARS,2023,3
2565,2023-12-05,366,32,1,1104,1,79970,79970,Teléfono,Transferencia,ARS,2023,12
2566,2023-11-05,46,46,4,1236,5,325820,1629100,Online,Tarjeta débito,USD,2023,11
2567,2023-09-12,194,57,4,1093,1,1844190,1844190,Online,Transferencia,ARS,2023,9
2568,2023-11-02,6,21,1,1201,1,3920930,3920930,Campo,Efectivo,ARS,2023,11
2569,2024-11-08,880,10,3,1299,1,242190,242190,Teléfono,Tarjeta débito,ARS,2024,11
2570,2024-12-12,570,51,1,1231,3,326880,980640,Campo,Tarjeta débito,ARS,2024,12
2571,2023-12-06,169,57,4,1255,1,4256710,4256710,Campo,Tarjeta débito,USD,2023,12
2572,2024-12-06,122,33,4,1085,1,36070,36070,Online,Efectivo,ARS,2024,12
2573,2023-11-13,249,15,1,1035,3,35410,106230,Campo,Tarjeta crédito,USD,2023,11
2574,2023-12-25,207,52,1,1117,4,2107630,8430520,Teléfono,Transferencia,USD,2023,12
2575,2023-09-05,115,10,3,1176,3,2770170,8310510,Mostrador,Efectivo,ARS,2023,9
2576,2024-06-03,239,47,1,1276,1,2066530,2066530,Campo,Cheque,USD,2024,6
2577,2024-12-26,566,5,1,1085,1,4169450,4169450,Teléfono,Transferencia,USD,2024,12
2578,2024-04-24,76,59,2,1117,1,61670,61670,Teléfono,Tarjeta crédito,USD,2024,4
2579,2023-11-23,169,19,1,1204,1,4713050,4713050,Mostrador,Transferencia,USD,2023,11
2580,2024-06-11,48,14,1,1146,3,416480,1249440,Mostrador,Transferencia,ARS,2024,6
2581,2023-05-15,224,40,4,1215,5,3274000,16370000,Campo,Cheque,USD,2023,5
2582,2024-12-01,70,57,4,1105,5,157380,786900,Teléfono,Tarjeta débito,ARS,2024,12
2583,2024-01-04,508,57,4,1128,1,128600,128600,Online,Transferencia,USD,2024,1
2584,2023-12-18,155,38,4,1297,1,6528050,6528050,Mostrador,Cheque,USD,2023,12
2585,2024-04-04,559,14,1,1069,1,130810,130810,Online,Tarjeta crédito,USD,2024,4
2586,2024-05-17,461,30,1,1255,1,310640,310640,Campo,Tarjeta débito,USD,2024,5
2587,2023-03-20,373,52,1,1231,4,85540,342160,Campo,Tarjeta débito,ARS,2023,3
2588,2024-07-19,791,13,4,1203,5,46470,232350,Online,Tarjeta débito,USD,2024,7
2589,2023-09-23,202,57,4,1248,2,369770,739540,Mostrador,Transferencia,USD,2023,9
2590,2024-08-23,654,27,4,1249,1,31340,31340,Mostrador,Cheque,USD,2024,8
2591,2024-11-13,317,46,4,1144,1,158390,158390,Teléfono,Efectivo,USD,2024,11
2592,2024-11-08,451,37,3,1283,1,5310180,5310180,Online,Cheque,ARS,2024,11
2593,2024-02-28,638,35,1,1241,1,5573300,5573300,Teléfono,Cheque,USD,2024,2
2594,2024-01-23,844,21,1,1143,3,43790,131370,Mostrador,Tarjeta crédito,USD,2024,1
2595,2023-06-06,153,30,1,1229,3,119040,357120,Mostrador,Cheque,ARS,2023,6
2596,2024-10-29,577,35,1,1031,1,4731070,4731070,Online,Cheque,ARS,2024,10
2597,2023-10-25,96,4,4,1109,1,204700,204700,Campo,Tarjeta débito,USD,2023,10
2598,2023-12-31,181,5,1,1027,1,355110,355110,Teléfono,Efectivo,USD,2023,12
2599,2023-11-02,362,26,2,1298,1,3435850,3435850,Online,Tarjeta crédito,USD,2023,11
2600,2023-05-27,178,42,3,1160,1,2012510,2012510,Teléfono,Efectivo,USD,2023,5
2601,2024-05-22,129,51,1,1017,1,2554630,2554630,Teléfono,Tarjeta débito,ARS,2024,5
2602,2023-03-01,39,45,2,1267,5,73280,366400,Teléfono,Efectivo,USD,2023,3
2603,2024-09-30,458,28,2,1129,1,166360,166360,Teléfono,Efectivo,USD,2024,9
2604,2023-11-12,300,16,1,1220,1,2557870,2557870,Teléfono,Transferencia,USD,2023,11
2605,2023-01-01,361,27,4,1082,1,383660,383660,Teléfono,Efectivo,USD,2023,1
2606,2024-01-13,350,56,2,1049,4,3344030,13376120,Campo,Tarjeta crédito,USD,2024,1
2607,2023-02-21,133,41,3,1041,1,76740,76740,Mostrador,Transferencia,USD,2023,2
2608,2023-10-30,379,36,4,1020,2,1994040,3988080,Teléfono,Cheque,ARS,2023,10
2609,2024-08-15,452,9,4,1079,1,6057650,6057650,Mostrador,Efectivo,USD,2024,8
2610,2023-03-10,380,33,4,1037,1,336880,336880,Online,Cheque,ARS,2023,3
2611,2024-11-17,109,14,1,1039,4,35230,140920,Online,Transferencia,ARS,2024,11
2612,2023-01-05,72,19,1,1109,1,449140,449140,Mostrador,Efectivo,USD,2023,1
2613,2023-09-28,208,2,1,1064,2,321200,642400,Online,Transferencia,USD,2023,9
2614,2024-09-21,577,20,1,1175,4,56310,225240,Campo,Efectivo,USD,2024,9
2615,2023-11-11,241,40,4,1279,1,104830,104830,Campo,Transferencia,ARS,2023,11
2616,2023-04-22,79,42,3,1032,2,1782370,3564740,Teléfono,Tarjeta crédito,USD,2023,4
2617,2023-11-23,88,5,1,1209,1,171060,171060,Campo,Cheque,ARS,2023,11
2618,2023-10-24,399,16,1,1019,1,2920780,2920780,Mostrador,Cheque,ARS,2023,10
2619,2024-11-18,690,15,1,1106,1,4281450,4281450,Mostrador,Tarjeta crédito,ARS,2024,11
2620,2023-11-10,262,31,3,1206,1,3322570,3322570,Online,Tarjeta débito,USD,2023,11
2621,2024-11-04,578,53,4,1247,2,5376270,10752540,Mostrador,Cheque,USD,2024,11
2622,2024-12-02,325,36,4,1197,3,331210,993630,Teléfono,Cheque,USD,2024,12
2623,2023-12-13,371,46,4,1167,4,233070,932280,Campo,Tarjeta débito,ARS,2023,12
2624,2024-12-07,935,47,1,1089,3,5031870,15095610,Online,Cheque,USD,2024,12
2625,2023-11-28,105,5,1,1116,1,215320,215320,Campo,Efectivo,USD,2023,11
2626,2024-12-22,98,14,1,1011,3,330080,990240,Teléfono,Transferencia,ARS,2024,12
2627,2023-04-08,96,47,1,1049,2,46470,92940,Campo,Tarjeta crédito,USD,2023,4
2628,2024-07-24,925,1,4,1061,1,2449720,2449720,Online,Transferencia,USD,2024,7
2629,2023-12-30,46,41,3,1171,1,64060,64060,Online,Tarjeta crédito,ARS,2023,12
2630,2023-12-01,378,9,4,1143,3,294260,882780,Online,Transferencia,ARS,2023,12
2631,2024-05-26,31,26,2,1207,5,3240780,16203900,Mostrador,Tarjeta débito,ARS,2024,5
2632,2024-08-12,408,19,1,1201,1,5338770,5338770,Online,Efectivo,ARS,2024,8
2633,2023-01-05,375,32,1,1005,1,187240,187240,Online,Tarjeta débito,USD,2023,1
2634,2023-07-03,382,39,2,1211,1,2203280,2203280,Teléfono,Transferencia,USD,2023,7
2635,2024-08-22,911,27,4,1029,4,338920,1355680,Mostrador,Tarjeta crédito,ARS,2024,8
2636,2024-07-02,716,51,1,1190,1,2173260,2173260,Online,Transferencia,ARS,2024,7
2637,2024-12-22,660,57,4,1188,5,65910,329550,Mostrador,Tarjeta crédito,ARS,2024,12
2638,2024-10-13,644,40,4,1164,1,5178040,5178040,Online,Tarjeta débito,ARS,2024,10
2639,2024-12-18,698,21,1,1255,2,297310,594620,Mostrador,Tarjeta débito,USD,2024,12
2640,2024-08-10,973,6,4,1150,3,2280750,6842250,Teléfono,Efectivo,ARS,2024,8
2641,2023-11-06,189,16,1,1013,1,428690,428690,Teléfono,Tarjeta débito,ARS,2023,11
2642,2023-04-26,127,46,4,1157,1,139560,139560,Teléfono,Cheque,ARS,2023,4
2643,2024-11-02,876,38,4,1080,4,341300,1365200,Campo,Tarjeta débito,USD,2024,11
2644,2024-06-07,906,25,4,1273,5,134380,671900,Mostrador,Efectivo,ARS,2024,6
2645,2023-02-22,297,49,1,1148,5,145550,727750,Mostrador,Efectivo,ARS,2023,2
2646,2023-11-23,309,43,1,1206,1,67310,67310,Campo,Transferencia,ARS,2023,11
2647,2024-12-20,599,19,1,1114,1,1987080,1987080,Online,Transferencia,USD,2024,12
2648,2024-01-01,967,43,1,1006,5,416790,2083950,Online,Transferencia,USD,2024,1
2649,2023-12-13,121,33,4,1278,1,148710,148710,Teléfono,Tarjeta débito,USD,2023,12
2650,2023-12-20,332,53,4,1232,1,92790,92790,Online,Tarjeta crédito,ARS,2023,12
2651,2023-08-18,304,16,1,1137,4,85760,343040,Teléfono,Tarjeta crédito,USD,2023,8
2652,2023-11-26,399,16,1,1160,1,405380,405380,Teléfono,Tarjeta crédito,USD,2023,11
2653,2023-11-26,135,2,1,1204,1,155900,155900,Online,Tarjeta crédito,ARS,2023,11
2654,2023-02-27,328,7,2,1289,1,75730,75730,Mostrador,Efectivo,USD,2023,2
2655,2024-10-21,199,19,1,1205,1,237990,237990,Mostrador,Tarjeta débito,USD,2024,10
2656,2023-12-09,171,32,1,1216,1,262560,262560,Campo,Tarjeta débito,ARS,2023,12
2657,2024-11-13,260,38,4,1032,1,127100,127100,Mostrador,Tarjeta débito,ARS,2024,11
2658,2024-11-20,124,16,1,1158,1,37330,37330,Campo,Efectivo,ARS,2024,11
2659,2023-08-21,242,55,2,1106,5,5097930,25489650,Online,Tarjeta crédito,USD,2023,8
2660,2024-06-22,947,38,4,1082,5,5815540,29077700,Teléfono,Tarjeta crédito,ARS,2024,6
2661,2023-12-24,71,19,1,1109,1,5458990,5458990,Teléfono,Tarjeta débito,USD,2023,12
2662,2024-11-29,382,50,3,1270,1,161800,161800,Campo,Tarjeta débito,USD,2024,11
2663,2023-08-25,59,36,4,1049,2,190640,381280,Campo,Transferencia,ARS,2023,8
2664,2024-07-14,109,24,3,1206,1,4365850,4365850,Online,Efectivo,USD,2024,7
2665,2024-04-28,41,39,2,1218,3,155040,465120,Campo,Cheque,ARS,2024,4
2666,2023-11-05,286,20,1,1135,1,5658750,5658750,Campo,Cheque,USD,2023,11
2667,2023-05-30,379,25,4,1164,1,230940,230940,Mostrador,Tarjeta débito,USD,2023,5
2668,2024-06-15,146,25,4,1279,1,4230600,4230600,Mostrador,Tarjeta débito,USD,2024,6
2669,2024-09-19,798,2,1,1230,1,368020,368020,Teléfono,Cheque,ARS,2024,9
2670,2023-11-11,391,52,1,1231,3,6094420,18283260,Mostrador,Efectivo,ARS,2023,11
2671,2024-06-08,564,43,1,1199,1,5650010,5650010,Campo,Cheque,USD,2024,6
2672,2023-12-03,176,20,1,1214,5,4399390,21996950,Online,Transferencia,ARS,2023,12
2673,2024-08-22,279,17,3,1284,5,369770,1848850,Mostrador,Tarjeta crédito,USD,2024,8
2674,2023-08-07,380,52,1,1276,3,383550,1150650,Mostrador,Efectivo,ARS,2023,8
2675,2024-12-01,165,20,1,1185,2,249340,498680,Mostrador,Transferencia,USD,2024,12
2676,2023-11-03,327,25,4,1210,5,196830,984150,Campo,Tarjeta crédito,USD,2023,11
2677,2023-11-25,252,21,1,1121,1,42700,42700,Campo,Tarjeta débito,USD,2023,11
2678,2023-03-05,103,6,4,1216,1,2142340,2142340,Campo,Transferencia,USD,2023,3
2679,2023-05-03,53,33,4,1097,1,2156220,2156220,Mostrador,Tarjeta débito,USD,2023,5
2680,2024-01-18,767,47,1,1119,3,172380,517140,Mostrador,Tarjeta débito,ARS,2024,1
2681,2023-10-21,361,27,4,1282,4,2056980,8227920,Online,Cheque,USD,2023,10
2682,2024-11-16,173,1,4,1106,1,167160,167160,Campo,Cheque,ARS,2024,11
2683,2023-01-17,251,14,1,1228,2,3240780,6481560,Teléfono,Tarjeta crédito,USD,2023,1
2684,2023-11-28,177,32,1,1142,1,1621380,1621380,Campo,Tarjeta crédito,ARS,2023,11
2685,2023-11-17,49,26,2,1197,1,1461000,1461000,Mostrador,Cheque,ARS,2023,11
2686,2023-01-22,111,57,4,1268,1,106770,106770,Teléfono,Tarjeta débito,ARS,2023,1
2687,2023-05-17,210,18,3,1291,1,74210,74210,Teléfono,Transferencia,USD,2023,5
2688,2023-12-08,248,51,1,1167,1,123210,123210,Online,Tarjeta crédito,USD,2023,12
2689,2023-12-30,175,27,4,1160,4,229070,916280,Mostrador,Tarjeta débito,USD,2023,12
2690,2023-12-05,107,49,1,1231,5,47250,236250,Mostrador,Cheque,USD,2023,12
2691,2024-02-04,665,17,3,1014,1,385710,385710,Campo,Transferencia,USD,2024,2
2692,2024-04-14,859,6,4,1193,1,4049790,4049790,Mostrador,Cheque,ARS,2024,4
2693,2023-01-11,155,28,2,1155,1,3444270,3444270,Online,Tarjeta débito,USD,2023,1
2694,2023-12-22,140,46,4,1101,1,4269540,4269540,Mostrador,Tarjeta débito,USD,2023,12
2695,2024-12-21,663,27,4,1060,1,4358050,4358050,Campo,Tarjeta crédito,ARS,2024,12
2696,2024-01-22,273,29,3,1043,1,1868370,1868370,Campo,Transferencia,USD,2024,1
2697,2024-07-14,556,43,1,1193,1,149900,149900,Teléfono,Tarjeta crédito,ARS,2024,7
2698,2023-11-10,71,36,4,1026,1,5491540,5491540,Campo,Transferencia,ARS,2023,11
2699,2024-10-28,637,46,4,1109,3,202860,608580,Mostrador,Tarjeta crédito,ARS,2024,10
2700,2024-10-26,664,21,1,1093,1,288920,288920,Online,Cheque,ARS,2024,10
2701,2024-01-24,455,28,2,1216,3,272980,818940,Mostrador,Efectivo,USD,2024,1
2702,2024-12-25,861,52,1,1163,1,4630720,4630720,Mostrador,Cheque,USD,2024,12
2703,2023-05-18,316,27,4,1234,5,63390,316950,Online,Transferencia,USD,2023,5
2704,2023-01-19,309,9,4,1167,1,172380,172380,Teléfono,Tarjeta crédito,ARS,2023,1
2705,2024-10-23,732,32,1,1148,1,316760,316760,Teléfono,Tarjeta crédito,USD,2024,10
2706,2024-11-09,215,13,4,1028,5,4410340,22051700,Teléfono,Cheque,ARS,2024,11
2707,2023-05-12,330,43,1,1259,1,135890,135890,Teléfono,Efectivo,ARS,2023,5
2708,2023-10-19,144,9,4,1086,1,2444340,2444340,Campo,Transferencia,USD,2023,10
2709,2023-01-20,107,22,2,1108,4,182870,731480,Teléfono,Tarjeta crédito,ARS,2023,1
2710,2023-11-05,354,51,1,1117,1,6402050,6402050,Teléfono,Tarjeta crédito,ARS,2023,11
2711,2024-10-27,281,47,1,1015,1,23360,23360,Mostrador,Tarjeta crédito,ARS,2024,10
2712,2024-01-21,322,35,1,1211,3,4630720,13892160,Online,Tarjeta débito,ARS,2024,1
2713,2023-11-20,306,3,3,1228,5,224830,1124150,Campo,Tarjeta débito,USD,2023,11
2714,2023-11-26,325,59,2,1031,5,138740,693700,Teléfono,Efectivo,USD,2023,11
2715,2023-01-02,334,16,1,1282,1,3692620,3692620,Online,Tarjeta débito,ARS,2023,1
2716,2023-11-07,390,43,1,1185,3,6034910,18104730,Teléfono,Efectivo,ARS,2023,11
2717,2024-06-10,64,5,1,1066,3,2488590,7465770,Mostrador,Tarjeta crédito,USD,2024,6
2718,2024-12-24,796,25,4,1116,4,168030,672120,Campo,Tarjeta crédito,ARS,2024,12
2719,2024-11-20,265,13,4,1063,1,120070,120070,Teléfono,Cheque,ARS,2024,11
2720,2023-01-26,6,35,1,1228,2,54350,108700,Campo,Transferencia,ARS,2023,1
2721,2024-12-04,913,17,3,1101,1,95110,95110,Campo,Tarjeta crédito,USD,2024,12
2722,2024-11-02,168,5,1,1139,1,2516650,2516650,Campo,Tarjeta crédito,ARS,2024,11
2723,2024-11-01,355,1,4,1119,1,154560,154560,Mostrador,Tarjeta crédito,USD,2024,11
2724,2023-12-20,173,4,4,1057,1,1917110,1917110,Mostrador,Efectivo,ARS,2023,12
2725,2023-12-04,338,1,4,1131,2,367620,735240,Online,Tarjeta débito,ARS,2023,12
2726,2023-11-08,119,38,4,1037,3,4138500,12415500,Online,Tarjeta crédito,ARS,2023,11
2727,2023-03-14,226,38,4,1111,1,321930,321930,Mostrador,Tarjeta crédito,ARS,2023,3
2728,2023-09-08,174,6,4,1153,4,5840460,23361840,Campo,Tarjeta débito,ARS,2023,9
2729,2023-09-28,129,44,3,1250,1,52350,52350,Mostrador,Cheque,ARS,2023,9
2730,2023-12-27,187,14,1,1242,1,129190,129190,Campo,Efectivo,USD,2023,12
2731,2024-09-28,63,43,1,1208,1,294230,294230,Online,Transferencia,USD,2024,9
2732,2023-12-24,381,32,1,1170,1,120700,120700,Mostrador,Tarjeta crédito,USD,2023,12
2733,2023-03-05,274,3,3,1257,4,402660,1610640,Online,Tarjeta débito,USD,2023,3
2734,2024-12-20,598,20,1,1279,1,237080,237080,Online,Tarjeta crédito,USD,2024,12
2735,2024-12-16,210,32,1,1113,2,2594070,5188140,Mostrador,Tarjeta débito,USD,2024,12
2736,2024-11-03,193,39,2,1175,4,1763000,7052000,Campo,Cheque,USD,2024,11
2737,2024-12-29,750,47,1,1089,3,4138500,12415500,Mostrador,Efectivo,ARS,2024,12
2738,2024-02-19,532,29,3,1135,1,132020,132020,Teléfono,Transferencia,USD,2024,2
2739,2024-12-21,952,13,4,1294,5,339860,1699300,Teléfono,Cheque,USD,2024,12
2740,2023-03-24,182,9,4,1212,4,5294220,21176880,Teléfono,Cheque,USD,2023,3
2741,2023-11-25,48,17,3,1206,2,2673760,5347520,Online,Transferencia,USD,2023,11
2742,2023-09-05,228,41,3,1228,2,279480,558960,Teléfono,Efectivo,ARS,2023,9
2743,2023-08-03,54,45,2,1073,2,375230,750460,Teléfono,Tarjeta débito,USD,2023,8
2744,2023-06-04,102,47,1,1259,1,2157880,2157880,Online,Tarjeta crédito,USD,2023,6
2745,2024-05-14,89,9,4,1148,1,278530,278530,Mostrador,Transferencia,USD,2024,5
2746,2024-11-02,144,15,1,1225,5,342860,1714300,Online,Transferencia,ARS,2024,11
2747,2024-03-27,660,35,1,1105,1,5181430,5181430,Teléfono,Tarjeta débito,USD,2024,3
2748,2023-06-11,230,33,4,1044,1,339650,339650,Teléfono,Transferencia,ARS,2023,6
2749,2024-11-10,815,49,1,1026,1,26180,26180,Teléfono,Tarjeta crédito,ARS,2024,11
2750,2024-05-29,250,5,1,1287,3,357200,1071600,Mostrador,Tarjeta débito,USD,2024,5
2751,2023-12-01,225,15,1,1261,3,31430,94290,Mostrador,Transferencia,ARS,2023,12
2752,2024-07-10,903,2,1,1059,1,240750,240750,Mostrador,Cheque,USD,2024,7
2753,2023-10-13,161,2,1,1061,4,315730,1262920,Online,Tarjeta débito,ARS,2023,10
2754,2023-11-19,168,35,1,1032,2,3637670,7275340,Mostrador,Tarjeta débito,USD,2023,11
2755,2024-12-09,110,18,3,1070,1,181120,181120,Campo,Tarjeta débito,ARS,2024,12
2756,2023-11-04,261,13,4,1271,1,420500,420500,Campo,Tarjeta crédito,USD,2023,11
2757,2023-12-23,173,47,1,1257,1,262980,262980,Online,Cheque,ARS,2023,12
2758,2024-12-01,511,38,4,1125,2,245680,491360,Mostrador,Tarjeta crédito,ARS,2024,12
2759,2024-08-16,879,19,1,1019,1,2380030,2380030,Campo,Transferencia,USD,2024,8
2760,2023-03-10,297,15,1,1119,1,350020,350020,Campo,Tarjeta débito,USD,2023,3
2761,2023-06-11,392,15,1,1062,1,1812630,1812630,Campo,Cheque,USD,2023,6
2762,2023-01-09,243,23,3,1066,1,2080750,2080750,Online,Tarjeta débito,USD,2023,1
2763,2024-05-24,209,52,1,1245,1,200480,200480,Online,Tarjeta débito,ARS,2024,5
2764,2023-12-17,243,3,3,1057,4,87600,350400,Mostrador,Efectivo,ARS,2023,12
2765,2023-05-28,254,36,4,1044,1,75480,75480,Mostrador,Tarjeta débito,USD,2023,5
2766,2024-12-20,82,54,2,1012,1,81160,81160,Mostrador,Tarjeta débito,USD,2024,12
2767,2024-02-03,434,50,3,1236,1,254990,254990,Mostrador,Tarjeta débito,ARS,2024,2
2768,2023-09-23,31,36,4,1024,1,4021180,4021180,Teléfono,Tarjeta débito,USD,2023,9
2769,2024-01-02,4,16,1,1257,3,137220,411660,Campo,Transferencia,USD,2024,1
2770,2024-07-16,194,43,1,1284,2,305300,610600,Teléfono,Tarjeta débito,ARS,2024,7
2771,2023-03-25,56,9,4,1119,4,132890,531560,Campo,Cheque,ARS,2023,3
2772,2023-10-29,261,3,3,1251,2,67070,134140,Campo,Cheque,USD,2023,10
2773,2024-11-09,593,32,1,1094,1,4365040,4365040,Campo,Transferencia,ARS,2024,11
2774,2023-12-21,54,2,1,1022,4,101260,405040,Campo,Tarjeta crédito,USD,2023,12
2775,2024-02-21,380,28,2,1157,2,5167810,10335620,Mostrador,Efectivo,USD,2024,2
2776,2023-12-13,96,16,1,1089,1,1739920,1739920,Campo,Transferencia,USD,2023,12
2777,2023-02-18,349,35,1,1202,4,61240,244960,Teléfono,Transferencia,USD,2023,2
2778,2023-07-01,336,36,4,1197,3,2241070,6723210,Online,Efectivo,ARS,2023,7
2779,2023-12-17,257,1,4,1045,1,170580,170580,Campo,Tarjeta débito,USD,2023,12
2780,2023-08-18,204,22,2,1079,2,3458040,6916080,Mostrador,Tarjeta débito,USD,2023,8
2781,2023-02-24,211,6,4,1039,4,2066530,8266120,Campo,Efectivo,USD,2023,2
2782,2024-11-19,329,9,4,1284,1,2507890,2507890,Online,Tarjeta crédito,USD,2024,11
2783,2024-12-26,496,43,1,1155,5,147170,735850,Online,Transferencia,USD,2024,12
2784,2024-11-05,829,52,1,1149,4,373520,1494080,Online,Tarjeta crédito,ARS,2024,11
2785,2024-11-21,638,59,2,1298,2,240810,481620,Online,Efectivo,USD,2024,11
2786,2023-09-23,7,27,4,1052,3,324830,974490,Online,Cheque,ARS,2023,9
2787,2024-12-21,926,51,1,1251,1,250750,250750,Teléfono,Transferencia,USD,2024,12
2788,2023-08-05,125,27,4,1147,1,248960,248960,Teléfono,Tarjeta débito,USD,2023,8
2789,2024-12-18,783,54,2,1214,1,3770480,3770480,Online,Tarjeta crédito,ARS,2024,12
2790,2024-12-30,620,16,1,1244,4,5285830,21143320,Teléfono,Tarjeta crédito,ARS,2024,12
2791,2024-08-20,260,49,1,1258,1,295410,295410,Mostrador,Transferencia,ARS,2024,8
2792,2024-12-26,831,30,1,1273,2,39110,78220,Mostrador,Efectivo,USD,2024,12
2793,2024-03-17,582,27,4,1125,1,32180,32180,Online,Tarjeta crédito,USD,2024,3
2794,2023-10-12,38,4,4,1204,3,92790,278370,Teléfono,Tarjeta crédito,ARS,2023,10
2795,2023-12-14,175,43,1,1256,1,232300,232300,Mostrador,Tarjeta débito,ARS,2023,12
2796,2024-04-13,700,6,4,1131,4,2713560,10854240,Mostrador,Tarjeta crédito,USD,2024,4
2797,2023-03-22,227,40,4,1021,1,41990,41990,Online,Cheque,USD,2023,3
2798,2024-05-14,770,39,2,1078,2,3841200,7682400,Online,Efectivo,USD,2024,5
2799,2024-12-26,709,13,4,1226,5,325530,1627650,Online,Transferencia,ARS,2024,12
2800,2023-07-28,8,20,1,1051,3,189230,567690,Mostrador,Cheque,USD,2023,7
2801,2024-11-05,563,11,3,1266,5,345260,1726300,Campo,Efectivo,USD,2024,11
2802,2024-12-06,373,21,1,1116,4,2853920,11415680,Online,Cheque,ARS,2024,12
2803,2024-12-16,222,53,4,1055,5,3236260,16181300,Campo,Cheque,USD,2024,12
2804,2024-12-21,880,19,1,1292,1,1965460,1965460,Online,Transferencia,ARS,2024,12
2805,2024-01-25,531,53,4,1051,1,4004940,4004940,Online,Cheque,ARS,2024,1
2806,2024-12-25,350,9,4,1006,1,195830,195830,Mostrador,Cheque,USD,2024,12
2807,2024-10-09,759,51,1,1273,1,172850,172850,Teléfono,Tarjeta débito,USD,2024,10
2808,2023-06-27,31,15,1,1254,3,1730000,5190000,Campo,Cheque,USD,2023,6
2809,2023-12-25,80,26,2,1061,3,4285280,12855840,Campo,Efectivo,ARS,2023,12
2810,2024-08-28,358,23,3,1048,4,4692530,18770120,Campo,Efectivo,ARS,2024,8
2811,2023-09-29,22,19,1,1225,1,165570,165570,Online,Efectivo,USD,2023,9
2812,2024-06-03,289,23,3,1285,5,151310,756550,Teléfono,Tarjeta crédito,ARS,2024,6
2813,2024-07-02,754,43,1,1103,1,353830,353830,Mostrador,Tarjeta crédito,USD,2024,7
2814,2023-06-28,214,35,1,1048,1,194390,194390,Online,Transferencia,USD,2023,6
2815,2024-03-12,712,21,1,1225,5,288850,1444250,Campo,Tarjeta débito,USD,2024,3
2816,2024-10-25,165,43,1,1109,1,252960,252960,Teléfono,Cheque,ARS,2024,10
2817,2023-12-31,140,38,4,1233,3,382990,1148970,Campo,Efectivo,ARS,2023,12
2818,2023-01-14,370,57,4,1070,4,229410,917640,Campo,Transferencia,USD,2023,1
2819,2023-01-10,320,51,1,1047,1,5003240,5003240,Campo,Efectivo,ARS,2023,1
2820,2023-11-22,285,45,2,1228,1,4087090,4087090,Online,Cheque,USD,2023,11
2821,2024-12-11,13,35,1,1010,1,351910,351910,Mostrador,Tarjeta crédito,ARS,2024,12
2822,2023-09-08,26,28,2,1185,1,226290,226290,Teléfono,Tarjeta crédito,USD,2023,9
2823,2024-05-27,534,5,1,1080,4,3697940,14791760,Teléfono,Efectivo,ARS,2024,5
2824,2023-09-01,349,31,3,1013,1,345320,345320,Mostrador,Tarjeta débito,ARS,2023,9
2825,2023-11-13,76,33,4,1084,1,1732710,1732710,Online,Tarjeta crédito,USD,2023,11
2826,2024-11-20,366,19,1,1127,1,156210,156210,Teléfono,Efectivo,USD,2024,11
2827,2024-09-08,491,6,4,1119,2,1575480,3150960,Campo,Transferencia,USD,2024,9
2828,2023-04-15,92,15,1,1084,1,3489420,3489420,Campo,Efectivo,ARS,2023,4
2829,2023-12-12,329,43,1,1086,1,1862240,1862240,Teléfono,Tarjeta débito,USD,2023,12
2830,2023-02-01,375,2,1,1157,3,190340,571020,Teléfono,Tarjeta crédito,ARS,2023,2
2831,2023-12-26,266,14,1,1144,1,2774490,2774490,Online,Tarjeta débito,USD,2023,12
2832,2024-06-27,560,15,1,1063,1,239580,239580,Online,Cheque,USD,2024,6
2833,2023-05-10,170,5,1,1043,1,2060970,2060970,Campo,Tarjeta crédito,USD,2023,5
2834,2023-11-04,346,49,1,1158,2,3595940,7191880,Mostrador,Cheque,USD,2023,11
2835,2023-12-04,245,43,1,1185,1,134910,134910,Mostrador,Efectivo,ARS,2023,12
2836,2024-12-09,228,58,3,1286,1,2047260,2047260,Campo,Transferencia,ARS,2024,12
2837,2024-12-30,699,46,4,1197,1,4447490,4447490,Online,Transferencia,USD,2024,12
2838,2023-02-19,168,19,1,1024,1,360470,360470,Campo,Tarjeta crédito,ARS,2023,2
2839,2024-10-13,203,32,1,1205,1,293340,293340,Online,Cheque,USD,2024,10
2840,2023-11-26,6,14,1,1224,4,4399260,17597040,Online,Cheque,USD,2023,11
2841,2023-12-02,132,36,4,1101,5,156330,781650,Campo,Transferencia,USD,2023,12
2842,2024-10-06,245,44,3,1204,1,1935710,1935710,Teléfono,Tarjeta débito,ARS,2024,10
2843,2024-12-09,91,26,2,1008,4,4807380,19229520,Teléfono,Efectivo,USD,2024,12
2844,2024-12-18,823,49,1,1172,1,122820,122820,Mostrador,Efectivo,ARS,2024,12
2845,2024-03-26,126,34,2,1208,1,3471880,3471880,Campo,Transferencia,ARS,2024,3
2846,2023-11-22,242,15,1,1096,4,83740,334960,Online,Tarjeta crédito,ARS,2023,11
2847,2024-11-03,502,9,4,1162,1,6024700,6024700,Campo,Transferencia,USD,2024,11
2848,2023-10-03,249,40,4,1291,1,133560,133560,Online,Cheque,USD,2023,10
2849,2024-03-11,387,5,1,1096,1,166390,166390,Teléfono,Cheque,ARS,2024,3
2850,2023-11-23,7,54,2,1135,5,287130,1435650,Mostrador,Cheque,ARS,2023,11
2851,2024-06-21,88,52,1,1145,3,320430,961290,Campo,Tarjeta débito,USD,2024,6
2852,2023-09-21,86,5,1,1258,2,3048290,6096580,Mostrador,Cheque,ARS,2023,9
2853,2023-07-30,396,4,4,1300,1,176620,176620,Online,Efectivo,USD,2023,7
2854,2024-12-09,867,8,2,1102,1,59800,59800,Mostrador,Cheque,USD,2024,12
2855,2023-04-22,145,21,1,1177,1,3566460,3566460,Teléfono,Transferencia,USD,2023,4
2856,2024-01-08,451,51,1,1104,1,4871020,4871020,Teléfono,Transferencia,USD,2024,1
2857,2023-08-31,331,38,4,1110,4,25570,102280,Teléfono,Tarjeta crédito,ARS,2023,8
2858,2023-02-12,198,12,3,1198,4,220240,880960,Teléfono,Transferencia,USD,2023,2
2859,2023-02-09,363,54,2,1129,1,274640,274640,Online,Tarjeta crédito,USD,2023,2
2860,2023-07-12,164,32,1,1137,5,232590,1162950,Campo,Transferencia,USD,2023,7
2861,2024-11-25,657,35,1,1027,2,5585120,11170240,Campo,Cheque,ARS,2024,11
2862,2023-11-02,342,57,4,1137,1,36390,36390,Online,Efectivo,ARS,2023,11
2863,2024-12-18,1,22,2,1164,3,50980,152940,Online,Tarjeta débito,USD,2024,12
2864,2024-03-31,120,16,1,1128,1,157450,157450,Online,Tarjeta crédito,ARS,2024,3
2865,2023-12-14,67,26,2,1131,1,4256710,4256710,Teléfono,Cheque,USD,2023,12
2866,2024-03-29,464,27,4,1151,1,2774490,2774490,Campo,Efectivo,ARS,2024,3
2867,2024-01-19,867,32,1,1246,5,4803840,24019200,Mostrador,Cheque,ARS,2024,1
2868,2024-10-11,462,20,1,1110,4,57520,230080,Mostrador,Tarjeta crédito,USD,2024,10
2869,2023-11-02,49,41,3,1073,5,2015520,10077600,Teléfono,Tarjeta débito,ARS,2023,11
2870,2023-11-21,307,23,3,1286,1,350020,350020,Campo,Transferencia,ARS,2023,11
2871,2024-12-02,327,53,4,1275,1,5621470,5621470,Mostrador,Transferencia,USD,2024,12
2872,2024-12-17,474,33,4,1067,1,117250,117250,Teléfono,Transferencia,USD,2024,12
2873,2024-12-02,888,35,1,1050,4,3200680,12802720,Teléfono,Tarjeta crédito,USD,2024,12
2874,2023-12-10,368,47,1,1287,1,190340,190340,Mostrador,Tarjeta crédito,USD,2023,12
2875,2024-11-01,287,1,4,1003,1,416700,416700,Mostrador,Tarjeta crédito,USD,2024,11
2876,2023-12-25,24,51,1,1226,5,5307400,26537000,Online,Tarjeta crédito,ARS,2023,12
2877,2023-12-31,211,58,3,1066,1,1913070,1913070,Online,Cheque,ARS,2023,12
2878,2023-08-13,293,42,3,1155,5,130810,654050,Online,Transferencia,USD,2023,8
2879,2024-04-10,449,59,2,1111,1,172550,172550,Mostrador,Cheque,ARS,2024,4
2880,2023-07-24,63,20,1,1296,2,6542540,13085080,Mostrador,Tarjeta débito,ARS,2023,7
2881,2023-11-15,56,38,4,1256,3,233070,699210,Mostrador,Efectivo,ARS,2023,11
2882,2024-11-22,458,25,4,1274,2,3501280,7002560,Teléfono,Efectivo,USD,2024,11
2883,2023-08-16,18,26,2,1155,1,343620,343620,Mostrador,Tarjeta débito,USD,2023,8
2884,2023-03-20,362,34,2,1139,1,2650330,2650330,Campo,Efectivo,USD,2023,3
2885,2023-03-17,77,20,1,1167,1,2770670,2770670,Teléfono,Efectivo,USD,2023,3
2886,2024-12-15,260,15,1,1019,4,87450,349800,Mostrador,Tarjeta crédito,ARS,2024,12
2887,2024-01-09,633,35,1,1133,5,4860090,24300450,Campo,Efectivo,USD,2024,1
2888,2023-12-07,396,21,1,1223,1,249240,249240,Campo,Transferencia,USD,2023,12
2889,2024-11-10,184,13,4,1057,1,2524800,2524800,Teléfono,Efectivo,USD,2024,11
2890,2024-11-16,48,6,4,1294,3,219240,657720,Teléfono,Efectivo,ARS,2024,11
2891,2023-11-16,147,10,3,1133,1,260440,260440,Online,Transferencia,USD,2023,11
2892,2024-07-31,794,7,2,1242,5,2308480,11542400,Online,Tarjeta crédito,USD,2024,7
2893,2024-10-24,876,51,1,1292,4,210140,840560,Campo,Tarjeta crédito,USD,2024,10
2894,2024-06-19,806,9,4,1204,2,4749510,9499020,Mostrador,Efectivo,ARS,2024,6
2895,2023-06-16,80,5,1,1205,1,275460,275460,Campo,Tarjeta débito,USD,2023,6
2896,2024-11-27,748,43,1,1119,2,210710,421420,Campo,Efectivo,ARS,2024,11
2897,2024-02-13,409,22,2,1253,1,294890,294890,Online,Tarjeta débito,USD,2024,2
2898,2023-11-02,229,1,4,1085,1,4977610,4977610,Teléfono,Tarjeta crédito,USD,2023,11
2899,2023-12-11,284,57,4,1185,1,112560,112560,Mostrador,Cheque,USD,2023,12
2900,2023-02-11,61,47,1,1225,1,6024700,6024700,Online,Tarjeta débito,USD,2023,2
2901,2023-05-21,220,25,4,1148,1,327080,327080,Teléfono,Efectivo,USD,2023,5
2902,2024-10-18,345,15,1,1280,1,205290,205290,Teléfono,Transferencia,ARS,2024,10
2903,2023-01-01,89,16,1,1227,2,2929010,5858020,Teléfono,Tarjeta crédito,ARS,2023,1
2904,2023-12-09,396,33,4,1286,1,296520,296520,Teléfono,Tarjeta crédito,USD,2023,12
2905,2024-01-26,264,40,4,1284,1,169190,169190,Campo,Tarjeta crédito,USD,2024,1
2906,2023-03-01,228,11,3,1181,1,379580,379580,Campo,Tarjeta crédito,ARS,2023,3
2907,2024-12-24,378,24,3,1109,1,2190390,2190390,Mostrador,Tarjeta crédito,ARS,2024,12
2908,2023-09-06,103,53,4,1135,1,308720,308720,Teléfono,Tarjeta crédito,ARS,2023,9
2909,2023-11-08,88,6,4,1291,1,310990,310990,Teléfono,Tarjeta crédito,USD,2023,11
2910,2023-11-08,23,27,4,1290,1,139560,139560,Mostrador,Efectivo,ARS,2023,11
2911,2023-09-10,293,39,2,1103,1,3349270,3349270,Mostrador,Cheque,USD,2023,9
2912,2023-01-02,267,6,4,1201,4,62500,250000,Online,Transferencia,ARS,2023,1
2913,2024-09-09,529,6,4,1117,1,181130,181130,Mostrador,Efectivo,ARS,2024,9
2914,2024-12-22,476,32,1,1201,2,237770,475540,Mostrador,Cheque,ARS,2024,12
2915,2023-09-04,386,38,4,1178,1,2543310,2543310,Mostrador,Tarjeta débito,USD,2023,9
2916,2024-06-28,285,56,2,1029,1,6486840,6486840,Campo,Tarjeta débito,ARS,2024,6
2917,2024-09-22,313,35,1,1027,1,1553030,1553030,Online,Efectivo,ARS,2024,9
2918,2024-11-20,162,58,3,1013,2,143170,286340,Campo,Transferencia,USD,2024,11
2919,2023-12-10,78,49,1,1042,1,66860,66860,Teléfono,Tarjeta crédito,USD,2023,12
2920,2023-11-08,122,45,2,1224,1,165280,165280,Online,Efectivo,USD,2023,11
2921,2023-11-14,112,40,4,1021,1,2986850,2986850,Online,Cheque,USD,2023,11
2922,2024-08-21,239,51,1,1136,5,170860,854300,Teléfono,Tarjeta débito,USD,2024,8
2923,2024-11-11,210,14,1,1216,1,5540450,5540450,Online,Tarjeta crédito,USD,2024,11
2924,2023-07-19,349,4,4,1221,1,139280,139280,Campo,Cheque,USD,2023,7
2925,2023-11-26,2,16,1,1145,1,3335880,3335880,Online,Tarjeta débito,USD,2023,11
2926,2024-12-05,892,35,1,1010,1,160380,160380,Online,Transferencia,ARS,2024,12
2927,2024-11-08,715,20,1,1225,2,115160,230320,Teléfono,Cheque,ARS,2024,11
2928,2024-12-27,799,45,2,1141,1,4027490,4027490,Teléfono,Transferencia,USD,2024,12
2929,2024-10-06,629,60,3,1106,1,57590,57590,Online,Efectivo,USD,2024,10
2930,2023-12-02,369,46,4,1268,4,430440,1721760,Campo,Tarjeta crédito,USD,2023,12
2931,2024-04-09,461,8,2,1194,1,4397360,4397360,Teléfono,Cheque,ARS,2024,4
2932,2024-06-26,812,53,4,1128,2,3930420,7860840,Campo,Efectivo,USD,2024,6
2933,2023-03-28,383,39,2,1213,1,328050,328050,Teléfono,Tarjeta débito,USD,2023,3
2934,2024-02-19,858,30,1,1151,5,337930,1689650,Online,Tarjeta débito,USD,2024,2
2935,2024-08-18,952,44,3,1180,4,156850,627400,Campo,Tarjeta crédito,ARS,2024,8
2936,2023-07-03,114,33,4,1255,4,1819650,7278600,Mostrador,Cheque,ARS,2023,7
2937,2024-11-01,586,50,3,1026,2,276480,552960,Campo,Tarjeta crédito,ARS,2024,11
2938,2024-04-02,972,16,1,1015,2,244340,488680,Mostrador,Transferencia,USD,2024,4
2939,2024-12-18,241,16,1,1022,2,55340,110680,Online,Cheque,ARS,2024,12
2940,2023-02-16,302,15,1,1133,3,77750,233250,Campo,Tarjeta débito,ARS,2023,2
2941,2023-10-19,54,47,1,1065,3,2426090,7278270,Campo,Tarjeta crédito,ARS,2023,10
2942,2024-04-21,671,13,4,1251,1,91910,91910,Mostrador,Tarjeta débito,ARS,2024,4
2943,2023-11-06,109,51,1,1021,1,4676170,4676170,Teléfono,Tarjeta débito,USD,2023,11
2944,2024-08-23,280,46,4,1233,2,2797610,5595220,Mostrador,Cheque,ARS,2024,8
2945,2024-10-11,665,49,1,1016,1,4784970,4784970,Teléfono,Transferencia,ARS,2024,10
2946,2023-04-23,163,2,1,1272,4,5815870,23263480,Teléfono,Tarjeta débito,ARS,2023,4
2947,2024-01-16,57,54,2,1205,1,2568600,2568600,Teléfono,Tarjeta débito,USD,2024,1
2948,2024-01-11,840,49,1,1298,2,1986570,3973140,Online,Transferencia,ARS,2024,1
2949,2023-11-26,325,38,4,1160,1,372160,372160,Online,Tarjeta crédito,USD,2023,11
2950,2024-12-13,214,43,1,1041,5,209980,1049900,Teléfono,Cheque,USD,2024,12
2951,2024-11-14,508,19,1,1108,5,46110,230550,Mostrador,Cheque,USD,2024,11
2952,2024-08-04,28,40,4,1125,3,6180630,18541890,Campo,Efectivo,ARS,2024,8
2953,2024-08-23,204,41,3,1152,1,4405740,4405740,Campo,Efectivo,USD,2024,8
2954,2023-12-21,33,47,1,1013,2,3824150,7648300,Online,Transferencia,ARS,2023,12
2955,2024-12-10,309,16,1,1203,1,394960,394960,Campo,Transferencia,USD,2024,12
2956,2024-08-01,634,57,4,1079,5,234080,1170400,Online,Tarjeta débito,USD,2024,8
2957,2024-09-08,528,1,4,1042,1,214110,214110,Teléfono,Tarjeta débito,USD,2024,9
2958,2024-11-24,666,9,4,1169,1,66980,66980,Teléfono,Tarjeta débito,ARS,2024,11
2959,2023-10-28,396,32,1,1249,1,1476670,1476670,Campo,Efectivo,ARS,2023,10
2960,2024-11-09,343,6,4,1121,3,282850,848550,Mostrador,Tarjeta débito,ARS,2024,11
2961,2023-08-03,218,16,1,1272,1,5415250,5415250,Online,Transferencia,ARS,2023,8
2962,2023-11-19,105,52,1,1300,1,151440,151440,Mostrador,Cheque,USD,2023,11
2963,2023-11-17,77,38,4,1209,4,167160,668640,Campo,Efectivo,USD,2023,11
2964,2024-12-26,87,16,1,1158,3,4713050,14139150,Mostrador,Tarjeta débito,USD,2024,12
2965,2024-11-22,31,21,1,1121,1,5228880,5228880,Teléfono,Tarjeta crédito,USD,2024,11
2966,2024-08-09,100,49,1,1227,2,2367220,4734440,Campo,Tarjeta débito,USD,2024,8
2967,2024-09-06,667,2,1,1024,5,183300,916500,Online,Tarjeta débito,USD,2024,9
2968,2024-03-09,804,6,4,1230,1,330540,330540,Teléfono,Cheque,ARS,2024,3
2969,2024-12-17,315,58,3,1026,5,6144410,30722050,Online,Cheque,ARS,2024,12
2970,2023-12-31,106,52,1,1058,1,1706430,1706430,Online,Efectivo,USD,2023,12
2971,2023-11-29,230,55,2,1265,2,3044520,6089040,Online,Tarjeta débito,ARS,2023,11
2972,2023-06-28,3,6,4,1126,2,183470,366940,Campo,Efectivo,USD,2023,6
2973,2024-11-03,734,25,4,1275,2,48330,96660,Campo,Transferencia,USD,2024,11
2974,2024-09-14,633,32,1,1028,4,5254070,21016280,Online,Tarjeta débito,USD,2024,9
2975,2023-11-30,160,53,4,1085,1,412400,412400,Campo,Efectivo,USD,2023,11
2976,2023-01-28,271,6,4,1128,1,132120,132120,Campo,Efectivo,ARS,2023,1
2977,2024-11-17,998,19,1,1094,2,4089840,8179680,Campo,Efectivo,ARS,2024,11
2978,2023-01-13,331,21,1,1191,5,369770,1848850,Campo,Efectivo,USD,2023,1
2979,2024-08-11,194,15,1,1272,1,305330,305330,Teléfono,Transferencia,USD,2024,8
2980,2024-12-23,730,33,4,1005,1,6127490,6127490,Online,Cheque,USD,2024,12
2981,2023-12-15,191,20,1,1157,1,79410,79410,Mostrador,Tarjeta débito,ARS,2023,12
2982,2023-09-15,252,55,2,1052,3,4470750,13412250,Online,Tarjeta débito,USD,2023,9
2983,2024-08-13,738,35,1,1243,1,4412680,4412680,Online,Transferencia,USD,2024,8
2984,2024-11-11,1,53,4,1151,1,3456990,3456990,Campo,Tarjeta débito,USD,2024,11
2985,2024-02-21,459,51,1,1262,1,302700,302700,Teléfono,Tarjeta crédito,ARS,2024,2
2986,2024-12-22,645,9,4,1032,3,154730,464190,Campo,Efectivo,USD,2024,12
2987,2023-02-26,90,6,4,1080,1,166540,166540,Mostrador,Tarjeta crédito,ARS,2023,2
2988,2024-01-06,518,16,1,1183,1,154710,154710,Campo,Tarjeta crédito,ARS,2024,1
2989,2024-08-28,483,28,2,1107,1,83060,83060,Teléfono,Cheque,ARS,2024,8
2990,2024-11-24,756,52,1,1154,2,104440,208880,Mostrador,Cheque,ARS,2024,11
2991,2023-07-16,133,57,4,1293,2,3241420,6482840,Campo,Efectivo,ARS,2023,7
2992,2024-11-07,116,39,2,1205,4,276630,1106520,Teléfono,Tarjeta débito,USD,2024,11
2993,2024-02-28,73,35,1,1116,1,2502420,2502420,Online,Efectivo,ARS,2024,2
2994,2023-12-03,156,2,1,1017,1,142630,142630,Campo,Cheque,USD,2023,12
2995,2023-05-25,211,30,1,1288,1,36180,36180,Teléfono,Transferencia,ARS,2023,5
2996,2024-11-25,69,4,4,1156,2,54720,109440,Campo,Cheque,USD,2024,11
2997,2023-06-22,300,36,4,1025,5,64060,320300,Online,Cheque,ARS,2023,6
2998,2023-11-09,144,36,4,1278,1,4250070,4250070,Mostrador,Efectivo,ARS,2023,11
2999,2023-11-04,199,47,1,1255,3,396150,1188450,Online,Tarjeta crédito,USD,2023,11
3000,2024-11-26,206,47,1,1126,1,88180,88180,Teléfono,Tarjeta débito,USD,2024,11
3001,2024-07-08,918,57,4,1300,3,303020,909060,Mostrador,Cheque,ARS,2024,7
3002,2024-11-06,713,51,1,1276,2,5393470,10786940,Mostrador,Cheque,USD,2024,11
3003,2023-10-02,239,6,4,1178,2,40120,80240,Mostrador,Efectivo,ARS,2023,10
3004,2024-05-17,407,51,1,1204,5,355400,1777000,Mostrador,Transferencia,USD,2024,5
3005,2024-03-20,939,20,1,1047,2,6212670,12425340,Teléfono,Cheque,USD,2024,3
3006,2024-11-16,580,6,4,1200,3,361220,1083660,Campo,Transferencia,ARS,2024,11
3007,2024-12-06,683,33,4,1051,5,203960,1019800,Mostrador,Cheque,USD,2024,12
3008,2023-01-14,297,33,4,1295,3,176800,530400,Teléfono,Tarjeta crédito,USD,2023,1
3009,2024-07-10,582,47,1,1270,4,1979820,7919280,Campo,Efectivo,ARS,2024,7
3010,2023-02-26,287,52,1,1197,3,3471880,10415640,Campo,Tarjeta débito,USD,2023,2
3011,2024-02-24,529,11,3,1021,5,5950840,29754200,Teléfono,Efectivo,USD,2024,2
3012,2023-11-03,137,3,3,1143,1,4318290,4318290,Mostrador,Cheque,USD,2023,11
3013,2023-11-09,219,6,4,1248,1,356280,356280,Campo,Efectivo,USD,2023,11
3014,2023-11-21,311,52,1,1001,2,333180,666360,Mostrador,Tarjeta débito,USD,2023,11
3015,2024-05-13,518,1,4,1242,2,180780,361560,Teléfono,Tarjeta crédito,USD,2024,5
3016,2023-11-16,198,44,3,1274,1,234990,234990,Mostrador,Tarjeta débito,USD,2023,11
3017,2024-09-12,448,57,4,1241,3,4028400,12085200,Teléfono,Transferencia,USD,2024,9
3018,2023-12-05,132,39,2,1058,4,272980,1091920,Online,Tarjeta crédito,ARS,2023,12
3019,2023-03-16,363,20,1,1126,2,1809960,3619920,Campo,Cheque,ARS,2023,3
3020,2024-11-02,963,6,4,1214,4,1762690,7050760,Teléfono,Cheque,USD,2024,11
3021,2023-11-03,344,58,3,1052,1,113690,113690,Teléfono,Efectivo,USD,2023,11
3022,2023-12-13,184,53,4,1223,1,5131880,5131880,Mostrador,Tarjeta crédito,USD,2023,12
3023,2024-07-22,18,25,4,1218,1,166180,166180,Mostrador,Transferencia,ARS,2024,7
3024,2023-11-16,213,4,4,1269,1,5931090,5931090,Teléfono,Transferencia,USD,2023,11
3025,2023-03-04,48,59,2,1096,1,1449610,1449610,Teléfono,Cheque,USD,2023,3
3026,2023-11-27,29,30,1,1273,2,4009960,8019920,Campo,Efectivo,ARS,2023,11
3027,2024-12-16,928,47,1,1197,1,162320,162320,Mostrador,Tarjeta crédito,USD,2024,12
3028,2024-06-04,153,21,1,1061,3,136110,408330,Online,Cheque,USD,2024,6
3029,2024-07-07,332,5,1,1066,1,204710,204710,Campo,Efectivo,ARS,2024,7
3030,2024-05-25,750,43,1,1181,1,2707020,2707020,Teléfono,Tarjeta crédito,ARS,2024,5
3031,2023-08-07,319,52,1,1133,1,290080,290080,Campo,Transferencia,ARS,2023,8
3032,2023-12-09,265,52,1,1089,5,182870,914350,Mostrador,Efectivo,USD,2023,12
3033,2024-10-02,199,15,1,1173,5,2201290,11006450,Campo,Tarjeta débito,ARS,2024,10
3034,2023-04-22,14,52,1,1110,1,405880,405880,Online,Tarjeta crédito,ARS,2023,4
3035,2023-11-01,276,30,1,1005,1,5588690,5588690,Campo,Cheque,ARS,2023,11
3036,2023-10-31,10,9,4,1298,4,372790,1491160,Online,Tarjeta crédito,USD,2023,10
3037,2023-12-13,139,39,2,1204,3,3680720,11042160,Mostrador,Tarjeta débito,USD,2023,12
3038,2024-12-26,167,16,1,1162,1,248970,248970,Mostrador,Transferencia,ARS,2024,12
3039,2023-03-16,147,31,3,1061,1,1763000,1763000,Mostrador,Efectivo,USD,2023,3
3040,2024-01-22,403,25,4,1190,1,296350,296350,Mostrador,Tarjeta crédito,USD,2024,1
3041,2023-07-16,245,2,1,1164,5,2715550,13577750,Teléfono,Transferencia,USD,2023,7
3042,2024-12-23,939,17,3,1063,5,34410,172050,Teléfono,Tarjeta crédito,ARS,2024,12
3043,2023-05-05,70,25,4,1044,1,31560,31560,Online,Tarjeta débito,USD,2023,5
3044,2023-12-05,328,25,4,1239,1,2976490,2976490,Teléfono,Tarjeta débito,ARS,2023,12
3045,2024-09-18,833,16,1,1028,3,5075330,15225990,Online,Cheque,ARS,2024,9
3046,2024-08-12,919,37,3,1198,1,5103260,5103260,Online,Tarjeta crédito,ARS,2024,8
3047,2023-12-10,104,51,1,1269,1,132940,132940,Mostrador,Tarjeta débito,USD,2023,12
3048,2023-11-20,229,10,3,1171,1,31560,31560,Online,Tarjeta crédito,ARS,2023,11
3049,2023-12-04,316,27,4,1030,1,4784950,4784950,Teléfono,Efectivo,ARS,2023,12
3050,2023-10-17,138,7,2,1154,2,35610,71220,Teléfono,Efectivo,ARS,2023,10
3051,2023-08-14,319,46,4,1209,4,150120,600480,Mostrador,Tarjeta crédito,ARS,2023,8
3052,2023-12-27,386,43,1,1063,1,258800,258800,Teléfono,Cheque,ARS,2023,12
3053,2023-10-22,36,13,4,1214,1,3221280,3221280,Online,Tarjeta débito,USD,2023,10
3054,2023-11-03,118,23,3,1057,2,54590,109180,Online,Cheque,ARS,2023,11
3055,2024-06-21,255,5,1,1062,1,3075120,3075120,Mostrador,Transferencia,USD,2024,6
3056,2024-12-23,313,42,3,1208,1,195670,195670,Mostrador,Transferencia,ARS,2024,12
3057,2024-04-24,962,21,1,1249,1,43040,43040,Teléfono,Efectivo,USD,2024,4
3058,2023-03-26,335,30,1,1063,1,25910,25910,Online,Cheque,ARS,2023,3
3059,2023-03-24,20,53,4,1248,1,343200,343200,Campo,Tarjeta débito,ARS,2023,3
3060,2024-12-18,298,51,1,1141,5,199390,996950,Mostrador,Efectivo,ARS,2024,12
3061,2023-11-06,21,46,4,1093,2,6256880,12513760,Campo,Tarjeta crédito,USD,2023,11
3062,2023-04-11,256,32,1,1107,5,57920,289600,Campo,Transferencia,ARS,2023,4
3063,2024-04-19,760,51,1,1088,1,122000,122000,Online,Tarjeta crédito,ARS,2024,4
3064,2024-05-16,472,1,4,1085,2,5174260,10348520,Online,Tarjeta crédito,USD,2024,5
3065,2024-06-12,962,16,1,1108,5,152830,764150,Online,Transferencia,USD,2024,6
3066,2023-10-21,166,11,3,1046,2,124570,249140,Online,Efectivo,ARS,2023,10
3067,2023-01-17,349,3,3,1077,5,375790,1878950,Campo,Efectivo,USD,2023,1
3068,2024-12-22,767,42,3,1217,5,4722750,23613750,Teléfono,Transferencia,ARS,2024,12
3069,2023-10-03,78,53,4,1169,4,3568070,14272280,Campo,Tarjeta crédito,ARS,2023,10
3070,2024-07-12,965,4,4,1218,1,279750,279750,Online,Tarjeta crédito,ARS,2024,7
3071,2024-08-15,792,2,1,1129,5,5832680,29163400,Online,Efectivo,USD,2024,8
3072,2024-05-01,794,1,4,1201,3,4975200,14925600,Online,Tarjeta débito,USD,2024,5
3073,2023-11-10,386,51,1,1196,1,2106820,2106820,Mostrador,Tarjeta débito,ARS,2023,11
3074,2023-10-25,365,45,2,1007,2,298730,597460,Campo,Tarjeta crédito,USD,2023,10
3075,2024-04-17,546,9,4,1268,5,4268660,21343300,Teléfono,Efectivo,USD,2024,4
3076,2024-11-25,446,10,3,1088,1,267120,267120,Mostrador,Transferencia,USD,2024,11
3077,2024-12-17,983,38,4,1253,1,308120,308120,Online,Efectivo,ARS,2024,12
3078,2023-04-27,99,24,3,1238,1,4618440,4618440,Mostrador,Efectivo,ARS,2023,4
3079,2023-06-19,143,25,4,1073,3,333200,999600,Campo,Transferencia,ARS,2023,6
3080,2024-12-16,55,33,4,1161,2,2156500,4313000,Campo,Tarjeta crédito,ARS,2024,12
3081,2024-09-16,3,32,1,1058,1,295800,295800,Campo,Tarjeta crédito,USD,2024,9
3082,2024-11-29,332,52,1,1291,1,4019840,4019840,Teléfono,Cheque,USD,2024,11
3083,2023-08-11,219,28,2,1127,5,383350,1916750,Online,Cheque,ARS,2023,8
3084,2024-04-06,211,6,4,1066,5,3675170,18375850,Campo,Cheque,USD,2024,4
3085,2024-08-09,817,19,1,1026,1,1720710,1720710,Teléfono,Tarjeta crédito,USD,2024,8
3086,2024-07-17,496,32,1,1298,1,230940,230940,Teléfono,Cheque,ARS,2024,7
3087,2023-12-06,149,21,1,1077,5,350560,1752800,Online,Tarjeta débito,ARS,2023,12
3088,2023-01-17,232,57,4,1286,3,4138500,12415500,Mostrador,Cheque,ARS,2023,1
3089,2024-04-01,600,13,4,1036,3,132940,398820,Teléfono,Efectivo,ARS,2024,4
3090,2023-10-05,211,52,1,1019,5,1617880,8089400,Online,Transferencia,ARS,2023,10
3091,2023-12-18,223,16,1,1278,3,258970,776910,Teléfono,Tarjeta débito,ARS,2023,12
3092,2024-12-20,808,14,1,1066,5,3770480,18852400,Online,Efectivo,ARS,2024,12
3093,2023-12-04,148,14,1,1252,4,345090,1380360,Mostrador,Cheque,ARS,2023,12
3094,2024-11-18,207,47,1,1267,2,1900300,3800600,Mostrador,Cheque,ARS,2024,11
3095,2023-07-26,360,46,4,1282,2,265270,530540,Online,Transferencia,USD,2023,7
3096,2024-07-08,419,33,4,1019,3,116980,350940,Campo,Tarjeta débito,USD,2024,7
3097,2024-12-25,944,52,1,1167,1,351800,351800,Teléfono,Cheque,USD,2024,12
3098,2023-04-22,227,35,1,1140,1,318880,318880,Teléfono,Transferencia,ARS,2023,4
3099,2023-01-10,360,51,1,1067,2,289110,578220,Teléfono,Efectivo,ARS,2023,1
3100,2023-12-13,184,7,2,1110,3,4638090,13914270,Online,Efectivo,USD,2023,12
3101,2023-04-12,41,15,1,1018,4,3870760,15483040,Mostrador,Transferencia,ARS,2023,4
3102,2024-09-29,182,30,1,1261,1,29730,29730,Teléfono,Efectivo,ARS,2024,9
3103,2024-12-08,556,19,1,1112,1,275540,275540,Online,Tarjeta débito,USD,2024,12
3104,2023-12-14,210,25,4,1115,1,72970,72970,Online,Cheque,ARS,2023,12
3105,2023-10-11,337,57,4,1166,1,65910,65910,Online,Transferencia,USD,2023,10
3106,2023-12-14,250,42,3,1067,1,209770,209770,Mostrador,Tarjeta crédito,USD,2023,12
3107,2024-09-02,512,20,1,1255,1,52080,52080,Online,Efectivo,ARS,2024,9
3108,2023-01-10,84,40,4,1070,4,358630,1434520,Teléfono,Tarjeta crédito,USD,2023,1
3109,2024-04-08,139,27,4,1249,1,110240,110240,Online,Efectivo,ARS,2024,4
3110,2024-05-04,990,19,1,1203,1,3435360,3435360,Online,Efectivo,USD,2024,5
3111,2024-05-31,987,30,1,1127,2,173680,347360,Teléfono,Tarjeta crédito,ARS,2024,5
3112,2023-09-23,231,45,2,1066,5,73110,365550,Teléfono,Tarjeta crédito,USD,2023,9
3113,2024-08-23,910,43,1,1080,2,2260380,4520760,Teléfono,Tarjeta crédito,ARS,2024,8
3114,2023-04-11,12,21,1,1176,1,202810,202810,Mostrador,Tarjeta crédito,USD,2023,4
3115,2023-08-07,273,50,3,1113,4,3342810,13371240,Online,Efectivo,ARS,2023,8
3116,2024-11-28,488,56,2,1111,1,5458990,5458990,Mostrador,Efectivo,USD,2024,11
3117,2024-09-19,90,52,1,1017,4,5004940,20019760,Campo,Tarjeta débito,ARS,2024,9
3118,2023-01-16,25,7,2,1137,1,305420,305420,Mostrador,Tarjeta crédito,USD,2023,1
3119,2023-09-30,26,38,4,1133,1,118760,118760,Mostrador,Cheque,ARS,2023,9
3120,2023-08-24,153,51,1,1104,1,329340,329340,Online,Cheque,ARS,2023,8
3121,2023-10-25,60,42,3,1189,4,3926530,15706120,Mostrador,Tarjeta crédito,USD,2023,10
3122,2023-09-29,60,14,1,1277,1,359220,359220,Online,Tarjeta débito,USD,2023,9
3123,2023-03-10,283,35,1,1225,3,296630,889890,Online,Tarjeta débito,ARS,2023,3
3124,2023-12-20,171,59,2,1103,1,148520,148520,Campo,Tarjeta crédito,USD,2023,12
3125,2024-09-12,588,30,1,1107,1,3628370,3628370,Teléfono,Tarjeta débito,ARS,2024,9
3126,2024-04-27,788,51,1,1063,2,196830,393660,Mostrador,Tarjeta crédito,USD,2024,4
3127,2024-07-09,447,16,1,1245,1,432140,432140,Campo,Efectivo,USD,2024,7
3128,2023-03-31,208,58,3,1173,1,135450,135450,Mostrador,Cheque,USD,2023,3
3129,2024-12-18,921,27,4,1103,5,363490,1817450,Mostrador,Tarjeta débito,ARS,2024,12
3130,2024-11-17,667,49,1,1258,3,426910,1280730,Online,Cheque,ARS,2024,11
3131,2024-11-08,692,27,4,1210,2,4300320,8600640,Online,Efectivo,USD,2024,11
3132,2024-11-13,594,30,1,1191,4,161470,645880,Mostrador,Tarjeta débito,ARS,2024,11
3133,2024-12-13,10,12,3,1158,4,257840,1031360,Campo,Efectivo,USD,2024,12
3134,2024-02-19,243,43,1,1155,2,70570,141140,Mostrador,Tarjeta débito,USD,2024,2
3135,2023-08-08,178,17,3,1225,3,2716330,8148990,Mostrador,Tarjeta débito,USD,2023,8
3136,2024-05-08,798,40,4,1172,3,120600,361800,Online,Cheque,ARS,2024,5
3137,2024-09-23,257,13,4,1197,1,40200,40200,Online,Efectivo,USD,2024,9
3138,2024-09-18,310,14,1,1036,3,362200,1086600,Campo,Transferencia,ARS,2024,9
3139,2024-01-25,516,13,4,1134,3,5101010,15303030,Campo,Tarjeta crédito,ARS,2024,1
3140,2023-03-17,215,52,1,1037,2,429900,859800,Mostrador,Tarjeta crédito,ARS,2023,3
3141,2023-11-26,391,53,4,1093,4,4410340,17641360,Teléfono,Efectivo,ARS,2023,11
3142,2024-12-10,30,20,1,1075,5,4239600,21198000,Campo,Cheque,USD,2024,12
3143,2024-04-03,346,15,1,1244,1,2219520,2219520,Teléfono,Tarjeta débito,USD,2024,4
3144,2024-02-12,65,21,1,1183,1,4407530,4407530,Teléfono,Tarjeta débito,USD,2024,2
3145,2023-10-22,124,49,1,1205,4,332630,1330520,Teléfono,Efectivo,USD,2023,10
3146,2023-11-26,285,40,4,1187,3,4855320,14565960,Campo,Transferencia,USD,2023,11
3147,2024-12-03,153,25,4,1166,3,179030,537090,Teléfono,Cheque,USD,2024,12
3148,2024-07-02,40,18,3,1115,4,119990,479960,Teléfono,Efectivo,USD,2024,7
3149,2024-11-03,26,25,4,1207,4,4041670,16166680,Mostrador,Transferencia,USD,2024,11
3150,2023-12-19,273,9,4,1245,3,134640,403920,Teléfono,Cheque,USD,2023,12
3151,2024-05-23,159,49,1,1103,3,3313130,9939390,Campo,Cheque,USD,2024,5
3152,2023-09-30,189,51,1,1161,1,375440,375440,Campo,Transferencia,ARS,2023,9
3153,2024-08-13,776,14,1,1013,4,377120,1508480,Campo,Tarjeta crédito,USD,2024,8
3154,2023-12-12,69,32,1,1294,1,265330,265330,Teléfono,Cheque,ARS,2023,12
3155,2023-12-16,1,19,1,1236,2,4284880,8569760,Teléfono,Tarjeta débito,ARS,2023,12
3156,2024-06-13,79,19,1,1273,2,21940,43880,Teléfono,Transferencia,ARS,2024,6
3157,2024-12-14,228,5,1,1114,1,56490,56490,Online,Tarjeta crédito,ARS,2024,12
3158,2023-03-12,327,49,1,1152,1,1915140,1915140,Mostrador,Cheque,USD,2023,3
3159,2024-11-13,558,38,4,1026,1,337150,337150,Campo,Cheque,USD,2024,11
3160,2023-11-05,108,30,1,1168,1,2426090,2426090,Online,Cheque,ARS,2023,11
3161,2023-12-16,355,26,2,1032,5,262860,1314300,Mostrador,Efectivo,ARS,2023,12
3162,2023-01-25,124,12,3,1221,1,346100,346100,Teléfono,Transferencia,ARS,2023,1
3163,2023-11-07,148,54,2,1206,1,296350,296350,Mostrador,Transferencia,USD,2023,11
3164,2024-01-04,978,47,1,1109,1,188720,188720,Online,Tarjeta débito,USD,2024,1
3165,2023-03-03,252,43,1,1098,1,4827710,4827710,Mostrador,Tarjeta débito,ARS,2023,3
3166,2023-12-29,2,35,1,1091,5,330370,1651850,Mostrador,Cheque,ARS,2023,12
3167,2024-12-12,734,43,1,1214,2,273420,546840,Campo,Tarjeta débito,USD,2024,12
3168,2023-04-26,189,43,1,1188,3,136450,409350,Mostrador,Cheque,USD,2023,4
3169,2024-10-17,507,31,3,1057,1,345260,345260,Online,Cheque,USD,2024,10
3170,2023-12-07,71,27,4,1107,1,4955600,4955600,Mostrador,Transferencia,USD,2023,12
3171,2024-06-19,871,39,2,1195,3,4865440,14596320,Mostrador,Cheque,ARS,2024,6
3172,2023-10-13,333,5,1,1022,1,200590,200590,Campo,Transferencia,USD,2023,10
3173,2023-06-24,97,14,1,1186,1,149140,149140,Online,Efectivo,ARS,2023,6
3174,2023-06-26,232,46,4,1085,3,169130,507390,Campo,Tarjeta crédito,USD,2023,6
3175,2023-03-19,30,49,1,1080,4,4078450,16313800,Teléfono,Transferencia,ARS,2023,3
3176,2023-07-23,30,9,4,1214,1,282700,282700,Mostrador,Cheque,USD,2023,7
3177,2024-06-29,727,4,4,1077,5,4892050,24460250,Teléfono,Tarjeta crédito,USD,2024,6
3178,2024-11-29,173,49,1,1006,1,3388920,3388920,Teléfono,Efectivo,ARS,2024,11
3179,2024-11-11,792,30,1,1143,4,2757560,11030240,Campo,Efectivo,ARS,2024,11
3180,2024-07-22,468,54,2,1177,1,433140,433140,Mostrador,Tarjeta débito,USD,2024,7
3181,2023-05-02,211,35,1,1174,5,374000,1870000,Teléfono,Efectivo,USD,2023,5
3182,2023-11-04,317,19,1,1082,1,76100,76100,Teléfono,Efectivo,USD,2023,11
3183,2023-11-09,397,2,1,1021,1,284300,284300,Teléfono,Transferencia,USD,2023,11
3184,2023-10-02,125,51,1,1179,3,194100,582300,Campo,Cheque,ARS,2023,10
3185,2024-01-17,80,7,2,1006,5,73940,369700,Teléfono,Efectivo,USD,2024,1
3186,2024-02-09,696,33,4,1225,1,32390,32390,Online,Tarjeta débito,ARS,2024,2
3187,2023-11-22,15,35,1,1265,1,424740,424740,Teléfono,Cheque,USD,2023,11
3188,2023-11-22,11,25,4,1269,1,2133370,2133370,Mostrador,Transferencia,USD,2023,11
3189,2024-11-14,396,53,4,1251,5,101260,506300,Teléfono,Tarjeta crédito,USD,2024,11
3190,2024-11-04,854,38,4,1273,2,1825970,3651940,Online,Cheque,USD,2024,11
3191,2023-11-09,89,46,4,1298,1,31160,31160,Online,Efectivo,ARS,2023,11
3192,2024-12-08,3,20,1,1272,1,35040,35040,Mostrador,Efectivo,ARS,2024,12
3193,2024-12-19,536,19,1,1280,2,2070520,4141040,Teléfono,Cheque,USD,2024,12
3194,2023-11-14,89,58,3,1223,5,395990,1979950,Campo,Cheque,ARS,2023,11
3195,2023-11-22,9,10,3,1075,5,185090,925450,Campo,Efectivo,ARS,2023,11
3196,2024-01-07,988,6,4,1151,1,312740,312740,Teléfono,Efectivo,USD,2024,1
3197,2024-12-15,558,33,4,1109,1,2797610,2797610,Mostrador,Tarjeta débito,ARS,2024,12
3198,2024-11-28,606,26,2,1105,1,87450,87450,Online,Cheque,USD,2024,11
3199,2023-04-23,71,47,1,1042,3,324190,972570,Mostrador,Tarjeta débito,USD,2023,4
3200,2023-12-02,188,51,1,1176,1,117880,117880,Teléfono,Tarjeta crédito,USD,2023,12
3201,2024-02-29,139,21,1,1245,1,5011870,5011870,Mostrador,Cheque,USD,2024,2
3202,2024-01-04,10,22,2,1253,1,3662820,3662820,Campo,Transferencia,ARS,2024,1
3203,2023-08-01,3,8,2,1274,5,2469330,12346650,Mostrador,Cheque,ARS,2023,8
3204,2024-11-23,531,27,4,1039,2,244340,488680,Campo,Cheque,ARS,2024,11
3205,2024-07-13,130,7,2,1092,1,123600,123600,Online,Cheque,ARS,2024,7
3206,2024-11-17,401,40,4,1011,2,102960,205920,Online,Tarjeta crédito,USD,2024,11
3207,2024-11-23,221,10,3,1152,3,44230,132690,Mostrador,Efectivo,ARS,2024,11
3208,2024-09-29,642,13,4,1189,1,326880,326880,Teléfono,Transferencia,USD,2024,9
3209,2023-12-15,400,5,1,1164,1,5110740,5110740,Online,Cheque,USD,2023,12
3210,2024-05-01,113,38,4,1126,1,294480,294480,Online,Tarjeta débito,ARS,2024,5
3211,2023-06-25,138,13,4,1211,1,342990,342990,Teléfono,Cheque,USD,2023,6
3212,2024-07-09,452,47,1,1097,4,292930,1171720,Campo,Tarjeta débito,ARS,2024,7
3213,2023-07-16,43,14,1,1017,3,165010,495030,Teléfono,Tarjeta crédito,ARS,2023,7
3214,2024-08-01,218,36,4,1167,4,227610,910440,Campo,Transferencia,USD,2024,8
3215,2023-09-09,58,32,1,1047,1,74210,74210,Teléfono,Efectivo,USD,2023,9
3216,2023-05-09,113,48,2,1249,1,48190,48190,Campo,Tarjeta crédito,USD,2023,5
3217,2023-07-01,188,21,1,1224,3,453270,1359810,Teléfono,Tarjeta crédito,USD,2023,7
3218,2023-01-03,122,42,3,1057,1,417390,417390,Teléfono,Efectivo,ARS,2023,1
3219,2024-08-28,408,13,4,1075,4,269330,1077320,Teléfono,Efectivo,ARS,2024,8
3220,2024-09-12,460,32,1,1254,5,46830,234150,Online,Transferencia,ARS,2024,9
3221,2024-01-17,85,35,1,1151,3,2936740,8810220,Teléfono,Cheque,ARS,2024,1
3222,2023-06-27,106,27,4,1059,1,340590,340590,Mostrador,Efectivo,ARS,2023,6
3223,2023-04-02,400,4,4,1164,1,244340,244340,Online,Transferencia,USD,2023,4
3224,2023-01-21,356,6,4,1086,4,181440,725760,Mostrador,Tarjeta crédito,ARS,2023,1
3225,2023-07-01,99,43,1,1170,1,167160,167160,Mostrador,Cheque,ARS,2023,7
3226,2024-12-02,521,52,1,1146,4,291410,1165640,Teléfono,Cheque,ARS,2024,12
3227,2023-09-22,6,35,1,1079,1,4969840,4969840,Teléfono,Transferencia,ARS,2023,9
3228,2023-11-22,108,4,4,1033,1,5215310,5215310,Teléfono,Tarjeta débito,ARS,2023,11
3229,2023-04-26,152,32,1,1003,1,108180,108180,Online,Cheque,USD,2023,4
3230,2023-09-01,394,35,1,1284,1,169090,169090,Campo,Tarjeta débito,USD,2023,9
3231,2024-01-22,850,2,1,1257,1,30850,30850,Online,Efectivo,ARS,2024,1
3232,2024-04-28,749,14,1,1126,4,68730,274920,Campo,Efectivo,USD,2024,4
3233,2023-09-27,27,9,4,1113,1,299500,299500,Mostrador,Tarjeta crédito,ARS,2023,9
3234,2023-03-05,119,43,1,1212,1,3143570,3143570,Campo,Efectivo,USD,2023,3
3235,2023-12-02,211,36,4,1293,1,76430,76430,Teléfono,Efectivo,USD,2023,12
3236,2023-09-14,100,46,4,1109,2,3431440,6862880,Campo,Efectivo,ARS,2023,9
3237,2023-08-29,3,5,1,1048,1,249060,249060,Online,Tarjeta débito,ARS,2023,8
3238,2024-12-20,806,36,4,1275,1,136610,136610,Mostrador,Tarjeta crédito,USD,2024,12
3239,2024-05-08,969,1,4,1195,1,218110,218110,Mostrador,Transferencia,ARS,2024,5
3240,2024-03-03,842,36,4,1167,3,3662820,10988460,Teléfono,Efectivo,ARS,2024,3
3241,2023-12-09,329,19,1,1225,1,265180,265180,Teléfono,Tarjeta débito,ARS,2023,12
3242,2023-12-12,17,21,1,1213,5,2300150,11500750,Teléfono,Cheque,ARS,2023,12
3243,2024-02-15,106,14,1,1066,1,136120,136120,Teléfono,Transferencia,ARS,2024,2
3244,2024-08-03,230,33,4,1282,1,219780,219780,Mostrador,Tarjeta crédito,ARS,2024,8
3245,2024-08-10,304,40,4,1138,1,3334810,3334810,Campo,Cheque,USD,2024,8
3246,2023-07-08,177,36,4,1103,1,5113320,5113320,Teléfono,Tarjeta débito,USD,2023,7
3247,2024-01-01,939,20,1,1070,1,2515300,2515300,Teléfono,Efectivo,ARS,2024,1
3248,2023-12-07,84,15,1,1299,2,127230,254460,Teléfono,Tarjeta crédito,USD,2023,12
3249,2024-11-26,263,58,3,1070,1,172230,172230,Online,Efectivo,ARS,2024,11
3250,2024-05-24,196,34,2,1208,1,2745710,2745710,Mostrador,Efectivo,USD,2024,5
3251,2024-02-06,249,4,4,1200,1,79410,79410,Campo,Transferencia,ARS,2024,2
3252,2023-05-07,382,5,1,1059,1,5104250,5104250,Mostrador,Cheque,ARS,2023,5
3253,2024-04-26,458,35,1,1259,1,3327300,3327300,Mostrador,Efectivo,ARS,2024,4
3254,2023-05-09,149,16,1,1143,1,113390,113390,Teléfono,Efectivo,USD,2023,5
3255,2023-11-17,206,2,1,1039,1,2321310,2321310,Online,Cheque,ARS,2023,11
3256,2023-06-06,81,16,1,1167,1,308030,308030,Mostrador,Tarjeta débito,ARS,2023,6
3257,2024-07-30,701,32,1,1165,2,80360,160720,Mostrador,Cheque,ARS,2024,7
3258,2023-08-15,206,51,1,1245,2,249020,498040,Online,Transferencia,USD,2023,8
3259,2023-12-02,308,14,1,1084,4,1802150,7208600,Teléfono,Tarjeta crédito,ARS,2023,12
3260,2024-12-03,781,14,1,1017,4,200500,802000,Campo,Efectivo,ARS,2024,12
3261,2023-08-13,290,33,4,1114,2,329290,658580,Mostrador,Efectivo,USD,2023,8
3262,2024-01-10,895,35,1,1234,1,413590,413590,Mostrador,Tarjeta crédito,USD,2024,1
3263,2023-12-09,361,6,4,1262,2,3454340,6908680,Mostrador,Tarjeta crédito,ARS,2023,12
3264,2023-01-20,388,6,4,1172,4,4018720,16074880,Campo,Efectivo,USD,2023,1
3265,2024-11-05,812,3,3,1018,2,58550,117100,Mostrador,Transferencia,USD,2024,11
3266,2023-03-17,382,57,4,1235,1,5215310,5215310,Mostrador,Tarjeta crédito,USD,2023,3
3267,2023-12-25,255,21,1,1178,2,2398970,4797940,Teléfono,Transferencia,ARS,2023,12
3268,2024-03-08,399,53,4,1157,1,319160,319160,Campo,Tarjeta crédito,USD,2024,3
3269,2024-05-21,980,57,4,1211,4,201210,804840,Online,Efectivo,ARS,2024,5
3270,2024-07-26,8,38,4,1281,1,253970,253970,Online,Tarjeta crédito,ARS,2024,7
3271,2023-10-05,114,32,1,1155,2,93930,187860,Online,Tarjeta débito,ARS,2023,10
3272,2023-01-11,5,19,1,1196,1,303380,303380,Campo,Tarjeta crédito,USD,2023,1
3273,2024-09-02,450,35,1,1115,2,374600,749200,Teléfono,Tarjeta débito,USD,2024,9
3274,2024-02-09,476,24,3,1160,1,2212120,2212120,Campo,Efectivo,USD,2024,2
3275,2024-11-17,342,6,4,1155,1,270920,270920,Teléfono,Transferencia,ARS,2024,11
3276,2024-11-13,73,49,1,1051,1,3519250,3519250,Teléfono,Cheque,ARS,2024,11
3277,2024-11-19,860,55,2,1284,4,3722460,14889840,Teléfono,Tarjeta débito,ARS,2024,11
3278,2023-12-28,121,25,4,1073,1,2524800,2524800,Teléfono,Efectivo,USD,2023,12
3279,2023-11-16,302,51,1,1104,1,188770,188770,Mostrador,Tarjeta débito,USD,2023,11
3280,2024-11-04,961,46,4,1143,1,196980,196980,Mostrador,Transferencia,ARS,2024,11
3281,2023-12-18,372,4,4,1110,1,143680,143680,Teléfono,Tarjeta débito,USD,2023,12
3282,2023-07-21,369,14,1,1286,1,317950,317950,Teléfono,Tarjeta crédito,ARS,2023,7
3283,2024-11-22,234,42,3,1221,4,369800,1479200,Online,Tarjeta crédito,USD,2024,11
3284,2024-11-29,66,15,1,1009,5,2456970,12284850,Campo,Cheque,ARS,2024,11
3285,2023-12-22,230,29,3,1082,3,1867910,5603730,Online,Efectivo,USD,2023,12
3286,2023-03-25,31,46,4,1062,2,83850,167700,Mostrador,Cheque,USD,2023,3
3287,2023-12-01,307,9,4,1294,2,110950,221900,Teléfono,Cheque,USD,2023,12
3288,2024-11-08,809,20,1,1022,2,148140,296280,Online,Tarjeta crédito,USD,2024,11
3289,2024-12-05,51,43,1,1099,3,1732910,5198730,Online,Tarjeta débito,ARS,2024,12
3290,2023-08-12,147,21,1,1170,2,4102820,8205640,Online,Cheque,USD,2023,8
3291,2023-03-15,95,28,2,1190,1,4394700,4394700,Online,Transferencia,ARS,2023,3
3292,2024-11-28,329,51,1,1106,2,321510,643020,Mostrador,Tarjeta débito,USD,2024,11
3293,2023-12-01,387,8,2,1062,1,3872170,3872170,Campo,Tarjeta crédito,USD,2023,12
3294,2024-02-16,38,51,1,1265,3,2908960,8726880,Teléfono,Transferencia,USD,2024,2
3295,2024-12-23,710,35,1,1168,3,5167810,15503430,Teléfono,Efectivo,ARS,2024,12
3296,2023-03-15,241,21,1,1204,1,4289090,4289090,Mostrador,Tarjeta crédito,ARS,2023,3
3297,2024-06-12,173,13,4,1113,1,2281170,2281170,Campo,Tarjeta crédito,USD,2024,6
3298,2023-03-23,256,13,4,1104,1,6423650,6423650,Mostrador,Cheque,USD,2023,3
3299,2023-11-27,41,20,1,1135,1,4252550,4252550,Online,Efectivo,ARS,2023,11
3300,2024-11-08,921,19,1,1148,1,167710,167710,Online,Tarjeta crédito,USD,2024,11
3301,2023-12-13,129,22,2,1181,1,1868370,1868370,Online,Cheque,ARS,2023,12
3302,2024-12-31,54,49,1,1220,1,371380,371380,Teléfono,Efectivo,ARS,2024,12
3303,2024-03-06,86,39,2,1033,4,81160,324640,Teléfono,Tarjeta débito,USD,2024,3
3304,2023-11-13,212,46,4,1220,5,213210,1066050,Mostrador,Efectivo,USD,2023,11
3305,2023-08-30,269,60,3,1155,5,4443640,22218200,Campo,Efectivo,ARS,2023,8
3306,2023-11-21,296,12,3,1185,1,419480,419480,Online,Transferencia,USD,2023,11
3307,2023-11-27,21,26,2,1193,3,25400,76200,Mostrador,Efectivo,ARS,2023,11
3308,2023-03-17,215,25,4,1180,5,3241190,16205950,Campo,Efectivo,USD,2023,3
3309,2023-11-26,189,25,4,1006,2,5690330,11380660,Teléfono,Tarjeta débito,ARS,2023,11
3310,2023-12-22,161,54,2,1009,1,130990,130990,Teléfono,Tarjeta débito,ARS,2023,12
3311,2024-09-01,713,21,1,1061,1,22180,22180,Online,Tarjeta débito,ARS,2024,9
3312,2024-06-21,541,56,2,1163,2,159660,319320,Teléfono,Tarjeta débito,ARS,2024,6
3313,2024-08-17,381,2,1,1099,3,3447090,10341270,Campo,Tarjeta crédito,USD,2024,8
3314,2023-01-10,244,12,3,1148,1,155580,155580,Online,Tarjeta débito,USD,2023,1
3315,2023-08-27,183,59,2,1058,3,5552780,16658340,Mostrador,Tarjeta crédito,ARS,2023,8
3316,2024-06-26,544,19,1,1215,1,178160,178160,Mostrador,Efectivo,USD,2024,6
3317,2023-12-27,267,32,1,1116,2,6172110,12344220,Campo,Cheque,USD,2023,12
3318,2023-01-06,36,48,2,1182,1,50730,50730,Teléfono,Efectivo,USD,2023,1
3319,2024-11-08,93,6,4,1035,4,63910,255640,Teléfono,Efectivo,USD,2024,11
3320,2024-10-26,368,18,3,1212,1,2221230,2221230,Teléfono,Cheque,USD,2024,10
3321,2024-02-23,159,4,4,1046,3,61490,184470,Teléfono,Tarjeta crédito,ARS,2024,2
3322,2023-03-14,398,30,1,1087,1,45870,45870,Online,Tarjeta crédito,ARS,2023,3
3323,2024-10-19,959,42,3,1004,3,50980,152940,Campo,Efectivo,ARS,2024,10
3324,2024-04-02,180,8,2,1266,1,2908960,2908960,Online,Tarjeta crédito,USD,2024,4
3325,2024-11-02,438,41,3,1107,1,4980560,4980560,Mostrador,Tarjeta crédito,USD,2024,11
3326,2024-10-03,373,16,1,1075,5,4964440,24822200,Mostrador,Cheque,USD,2024,10
3327,2024-11-07,306,34,2,1040,1,1621380,1621380,Campo,Efectivo,ARS,2024,11
3328,2024-01-21,985,15,1,1127,1,3439180,3439180,Teléfono,Efectivo,USD,2024,1
3329,2023-06-03,379,43,1,1183,1,44480,44480,Online,Transferencia,ARS,2023,6
3330,2024-07-07,950,27,4,1119,1,326090,326090,Teléfono,Efectivo,ARS,2024,7
3331,2024-05-12,218,47,1,1073,1,4501410,4501410,Mostrador,Tarjeta crédito,USD,2024,5
3332,2024-09-23,982,20,1,1040,5,317990,1589950,Teléfono,Transferencia,USD,2024,9
3333,2023-07-06,329,56,2,1204,1,344980,344980,Online,Efectivo,USD,2023,7
3334,2023-08-02,353,27,4,1096,2,206390,412780,Mostrador,Transferencia,ARS,2023,8
3335,2024-12-01,343,35,1,1279,1,258120,258120,Campo,Transferencia,USD,2024,12
3336,2024-10-01,739,27,4,1143,1,2298090,2298090,Teléfono,Tarjeta crédito,USD,2024,10
3337,2024-12-06,724,53,4,1115,3,4049790,12149370,Online,Tarjeta débito,USD,2024,12
3338,2024-10-11,865,32,1,1133,3,438740,1316220,Campo,Cheque,USD,2024,10
3339,2024-04-17,163,35,1,1168,1,74160,74160,Mostrador,Transferencia,ARS,2024,4
3340,2024-06-18,878,32,1,1245,5,5658750,28293750,Mostrador,Cheque,USD,2024,6
3341,2024-12-01,158,36,4,1277,4,2578320,10313280,Online,Cheque,ARS,2024,12
3342,2024-03-27,110,5,1,1259,1,29730,29730,Teléfono,Tarjeta débito,ARS,2024,3
3343,2024-05-25,567,16,1,1046,5,266740,1333700,Mostrador,Cheque,ARS,2024,5
3344,2023-06-21,350,38,4,1131,2,1581900,3163800,Online,Tarjeta crédito,ARS,2023,6
3345,2023-12-24,214,44,3,1226,2,159420,318840,Teléfono,Efectivo,ARS,2023,12
3346,2024-08-25,365,35,1,1237,2,254860,509720,Teléfono,Tarjeta crédito,USD,2024,8
3347,2023-10-25,385,55,2,1053,3,317950,953850,Mostrador,Tarjeta débito,USD,2023,10
3348,2023-08-10,15,5,1,1148,1,376190,376190,Teléfono,Tarjeta débito,USD,2023,8
3349,2023-11-11,153,14,1,1187,1,3507470,3507470,Campo,Tarjeta débito,USD,2023,11
3350,2023-09-22,20,39,2,1021,5,6618570,33092850,Campo,Cheque,ARS,2023,9
3351,2023-08-24,400,36,4,1090,1,340590,340590,Campo,Tarjeta crédito,ARS,2023,8
3352,2023-12-11,52,49,1,1233,1,299560,299560,Teléfono,Efectivo,ARS,2023,12
3353,2024-12-06,855,6,4,1215,4,1826320,7305280,Mostrador,Efectivo,USD,2024,12
3354,2024-01-09,469,24,3,1051,4,71900,287600,Teléfono,Tarjeta débito,USD,2024,1
3355,2023-07-26,321,35,1,1153,4,4044120,16176480,Mostrador,Tarjeta crédito,USD,2023,7
3356,2023-03-26,367,33,4,1119,1,5171190,5171190,Teléfono,Transferencia,ARS,2023,3
3357,2024-08-03,596,43,1,1116,3,2817050,8451150,Campo,Transferencia,USD,2024,8
3358,2023-11-29,367,9,4,1214,1,138230,138230,Mostrador,Transferencia,ARS,2023,11
3359,2024-11-13,979,40,4,1167,5,317880,1589400,Campo,Tarjeta crédito,ARS,2024,11
3360,2024-06-24,838,47,1,1137,2,2755670,5511340,Campo,Cheque,USD,2024,6
3361,2024-11-06,486,19,1,1285,1,5110740,5110740,Online,Tarjeta crédito,ARS,2024,11
3362,2023-10-26,224,35,1,1071,2,370540,741080,Teléfono,Cheque,ARS,2023,10
3363,2024-07-30,641,52,1,1245,2,83260,166520,Campo,Cheque,USD,2024,7
3364,2023-10-17,350,43,1,1038,5,309250,1546250,Teléfono,Tarjeta crédito,USD,2023,10
3365,2024-12-15,894,21,1,1216,1,278970,278970,Campo,Efectivo,ARS,2024,12
3366,2024-05-30,16,29,3,1127,5,85870,429350,Teléfono,Cheque,ARS,2024,5
3367,2023-11-13,274,5,1,1072,3,233380,700140,Teléfono,Tarjeta débito,ARS,2023,11
3368,2023-10-23,77,1,4,1226,5,2238120,11190600,Campo,Cheque,ARS,2023,10
3369,2023-07-29,300,13,4,1068,1,148810,148810,Campo,Tarjeta crédito,USD,2023,7
3370,2024-08-02,306,54,2,1284,4,144020,576080,Online,Tarjeta crédito,ARS,2024,8
3371,2023-08-28,92,6,4,1218,1,4103530,4103530,Teléfono,Transferencia,USD,2023,8
3372,2024-04-15,458,35,1,1246,3,429580,1288740,Mostrador,Tarjeta crédito,ARS,2024,4
3373,2023-10-18,270,47,1,1071,1,3200560,3200560,Online,Efectivo,ARS,2023,10
3374,2024-06-27,52,18,3,1195,1,4027490,4027490,Online,Tarjeta débito,ARS,2024,6
3375,2024-11-11,861,56,2,1038,4,153840,615360,Mostrador,Efectivo,ARS,2024,11
3376,2024-11-01,121,44,3,1117,4,4001980,16007920,Campo,Cheque,ARS,2024,11
3377,2024-10-13,971,40,4,1238,1,6007740,6007740,Campo,Efectivo,ARS,2024,10
3378,2023-07-25,50,1,4,1204,1,119450,119450,Teléfono,Tarjeta crédito,ARS,2023,7
3379,2023-04-07,379,12,3,1155,3,342880,1028640,Teléfono,Tarjeta crédito,ARS,2023,4
3380,2024-08-06,475,25,4,1005,1,353530,353530,Online,Tarjeta crédito,ARS,2024,8
3381,2023-11-26,273,5,1,1157,1,3968600,3968600,Teléfono,Efectivo,USD,2023,11
3382,2023-12-13,380,35,1,1107,1,221220,221220,Online,Transferencia,ARS,2023,12
3383,2023-02-04,120,40,4,1228,3,298170,894510,Mostrador,Transferencia,USD,2023,2
3384,2023-10-12,387,21,1,1142,3,306950,920850,Campo,Tarjeta crédito,ARS,2023,10
3385,2023-02-06,95,26,2,1084,3,444640,1333920,Campo,Transferencia,USD,2023,2
3386,2024-11-28,661,5,1,1172,1,80210,80210,Online,Efectivo,USD,2024,11
3387,2023-09-25,289,3,3,1146,1,3068880,3068880,Mostrador,Transferencia,USD,2023,9
3388,2024-03-04,769,21,1,1007,5,45440,227200,Mostrador,Efectivo,USD,2024,3
3389,2023-02-12,371,31,3,1298,5,308720,1543600,Campo,Efectivo,USD,2023,2
3390,2024-07-02,184,2,1,1085,3,82580,247740,Teléfono,Cheque,USD,2024,7
3391,2023-11-13,260,20,1,1016,2,128930,257860,Teléfono,Tarjeta crédito,USD,2023,11
3392,2024-12-04,662,20,1,1062,4,134260,537040,Mostrador,Efectivo,USD,2024,12
3393,2024-12-01,205,52,1,1037,1,4081810,4081810,Campo,Transferencia,USD,2024,12
3394,2023-11-14,172,53,4,1153,1,213660,213660,Campo,Transferencia,USD,2023,11
3395,2024-12-04,825,19,1,1265,1,456740,456740,Campo,Tarjeta crédito,ARS,2024,12
3396,2024-12-30,222,21,1,1183,4,5940940,23763760,Online,Efectivo,ARS,2024,12
3397,2024-11-14,168,54,2,1156,4,4242970,16971880,Teléfono,Tarjeta débito,ARS,2024,11
3398,2024-11-19,244,7,2,1137,4,1864260,7457040,Online,Tarjeta crédito,ARS,2024,11
3399,2023-10-01,218,43,1,1090,1,3437600,3437600,Campo,Efectivo,USD,2023,10
3400,2024-03-25,56,2,1,1218,3,303780,911340,Teléfono,Cheque,ARS,2024,3
3401,2023-03-15,63,53,4,1006,1,258060,258060,Campo,Efectivo,ARS,2023,3
3402,2023-04-15,103,3,3,1186,1,322880,322880,Teléfono,Transferencia,USD,2023,4
3403,2024-12-31,885,19,1,1209,2,349140,698280,Mostrador,Cheque,USD,2024,12
3404,2023-11-14,167,39,2,1051,1,157380,157380,Mostrador,Transferencia,USD,2023,11
3405,2024-09-29,519,52,1,1288,1,297600,297600,Online,Tarjeta crédito,ARS,2024,9
3406,2024-11-08,142,32,1,1088,1,293690,293690,Mostrador,Cheque,ARS,2024,11
3407,2024-11-23,125,31,3,1136,2,5951640,11903280,Teléfono,Tarjeta débito,USD,2024,11
3408,2024-12-31,90,13,4,1158,3,47670,143010,Teléfono,Efectivo,USD,2024,12
3409,2023-09-22,311,2,1,1282,1,73170,73170,Teléfono,Tarjeta crédito,USD,2023,9
3410,2023-02-14,371,36,4,1155,1,27260,27260,Teléfono,Cheque,USD,2023,2
3411,2023-12-07,216,16,1,1220,5,3574570,17872850,Online,Cheque,USD,2023,12
3412,2023-05-23,123,19,1,1167,4,283320,1133280,Online,Transferencia,ARS,2023,5
3413,2023-01-25,372,30,1,1230,1,282840,282840,Campo,Tarjeta débito,USD,2023,1
3414,2023-11-23,186,5,1,1179,1,5046420,5046420,Campo,Transferencia,USD,2023,11
3415,2024-11-02,883,57,4,1214,1,411570,411570,Teléfono,Transferencia,ARS,2024,11
3416,2024-03-14,153,22,2,1050,4,4977610,19910440,Online,Transferencia,USD,2024,3
3417,2023-11-10,249,49,1,1085,1,272000,272000,Teléfono,Cheque,ARS,2023,11
3418,2024-06-18,626,27,4,1087,1,60070,60070,Teléfono,Tarjeta débito,USD,2024,6
3419,2023-09-12,96,6,4,1033,1,258780,258780,Campo,Cheque,USD,2023,9
3420,2023-01-16,198,4,4,1275,5,5482380,27411900,Mostrador,Transferencia,ARS,2023,1
3421,2024-10-17,336,27,4,1141,1,31750,31750,Online,Tarjeta crédito,ARS,2024,10
3422,2024-05-16,515,21,1,1206,5,40360,201800,Teléfono,Transferencia,USD,2024,5
3423,2024-10-15,149,36,4,1224,3,108510,325530,Online,Transferencia,USD,2024,10
3424,2023-02-12,386,4,4,1113,1,320260,320260,Mostrador,Transferencia,USD,2023,2
3425,2024-11-17,623,53,4,1278,1,137500,137500,Online,Efectivo,USD,2024,11
3426,2024-05-11,532,4,4,1005,1,100070,100070,Mostrador,Efectivo,USD,2024,5
3427,2024-03-11,715,35,1,1212,4,34420,137680,Campo,Tarjeta crédito,ARS,2024,3
3428,2024-05-17,883,27,4,1256,3,5178040,15534120,Mostrador,Efectivo,USD,2024,5
3429,2024-11-24,402,49,1,1039,3,159110,477330,Campo,Efectivo,ARS,2024,11
3430,2024-04-05,694,51,1,1030,5,5376270,26881350,Online,Cheque,USD,2024,4
3431,2024-03-30,331,15,1,1048,4,296630,1186520,Online,Efectivo,ARS,2024,3
3432,2024-12-29,227,13,4,1082,1,4170040,4170040,Online,Transferencia,ARS,2024,12
3433,2024-10-09,804,2,1,1236,2,5314060,10628120,Mostrador,Transferencia,USD,2024,10
3434,2023-12-16,358,34,2,1204,1,61240,61240,Campo,Cheque,USD,2023,12
3435,2024-08-16,588,32,1,1197,1,2232980,2232980,Online,Cheque,ARS,2024,8
3436,2023-12-01,317,53,4,1253,2,48960,97920,Teléfono,Tarjeta débito,USD,2023,12
3437,2023-09-09,316,21,1,1118,5,329290,1646450,Teléfono,Cheque,USD,2023,9
3438,2024-04-16,735,40,4,1030,3,2961630,8884890,Teléfono,Tarjeta crédito,ARS,2024,4
3439,2024-12-12,885,1,4,1111,5,267730,1338650,Campo,Efectivo,USD,2024,12
3440,2024-12-12,36,5,1,1254,5,4443640,22218200,Teléfono,Cheque,USD,2024,12
3441,2023-11-18,324,20,1,1199,1,165220,165220,Teléfono,Tarjeta débito,USD,2023,11
3442,2024-01-31,450,57,4,1295,1,419870,419870,Campo,Cheque,ARS,2024,1
3443,2023-08-21,300,4,4,1109,1,207540,207540,Campo,Cheque,USD,2023,8
3444,2024-12-30,845,36,4,1297,2,324280,648560,Mostrador,Transferencia,USD,2024,12
3445,2024-12-26,90,19,1,1287,4,4821390,19285560,Teléfono,Tarjeta crédito,USD,2024,12
3446,2024-06-13,541,46,4,1244,3,1763000,5289000,Teléfono,Cheque,ARS,2024,6
3447,2024-11-08,176,43,1,1221,3,90720,272160,Campo,Transferencia,ARS,2024,11
3448,2024-08-24,420,17,3,1156,2,117350,234700,Mostrador,Cheque,USD,2024,8
3449,2024-04-12,732,27,4,1236,1,3539110,3539110,Mostrador,Tarjeta crédito,USD,2024,4
3450,2023-02-28,136,32,1,1062,2,399990,799980,Campo,Efectivo,USD,2023,2
3451,2023-12-19,389,33,4,1019,1,240290,240290,Teléfono,Cheque,ARS,2023,12
3452,2024-07-11,864,42,3,1215,1,181440,181440,Online,Tarjeta débito,ARS,2024,7
3453,2024-07-14,990,36,4,1114,5,368430,1842150,Mostrador,Transferencia,ARS,2024,7
3454,2023-11-27,175,19,1,1200,1,114760,114760,Campo,Efectivo,ARS,2023,11
3455,2024-12-16,638,16,1,1025,4,3722460,14889840,Teléfono,Efectivo,USD,2024,12
3456,2023-07-03,171,27,4,1121,4,2578320,10313280,Online,Tarjeta débito,ARS,2023,7
3457,2024-01-01,394,5,1,1230,1,78130,78130,Mostrador,Cheque,ARS,2024,1
3458,2024-07-28,266,51,1,1099,1,48860,48860,Online,Tarjeta crédito,USD,2024,7
3459,2024-08-04,504,33,4,1131,1,146820,146820,Campo,Tarjeta débito,ARS,2024,8
3460,2024-06-12,134,43,1,1003,1,4976320,4976320,Teléfono,Tarjeta crédito,USD,2024,6
3461,2023-10-29,272,9,4,1261,1,233390,233390,Mostrador,Cheque,ARS,2023,10
3462,2023-06-21,26,52,1,1254,3,436240,1308720,Campo,Tarjeta crédito,ARS,2023,6
3463,2024-05-29,277,2,1,1020,5,47670,238350,Mostrador,Transferencia,ARS,2024,5
3464,2024-04-19,100,6,4,1204,5,29530,147650,Mostrador,Tarjeta crédito,ARS,2024,4
3465,2023-07-16,362,42,3,1294,1,293690,293690,Mostrador,Transferencia,USD,2023,7
3466,2024-08-13,30,29,3,1128,1,80070,80070,Teléfono,Efectivo,USD,2024,8
3467,2023-12-19,133,26,2,1292,5,270530,1352650,Campo,Tarjeta crédito,USD,2023,12
3468,2024-07-03,906,38,4,1174,2,5289700,10579400,Campo,Efectivo,USD,2024,7
3469,2024-11-17,496,32,1,1221,1,364440,364440,Mostrador,Tarjeta débito,ARS,2024,11
3470,2023-07-06,351,49,1,1037,5,4099490,20497450,Mostrador,Efectivo,USD,2023,7
3471,2023-01-22,139,35,1,1178,4,5763450,23053800,Mostrador,Cheque,USD,2023,1
3472,2024-11-01,998,58,3,1149,1,191140,191140,Campo,Efectivo,ARS,2024,11
3473,2024-04-30,191,52,1,1092,1,2684730,2684730,Campo,Tarjeta crédito,ARS,2024,4
3474,2024-08-07,903,14,1,1070,3,289080,867240,Mostrador,Transferencia,USD,2024,8
3475,2024-11-17,187,26,2,1084,1,5927680,5927680,Online,Efectivo,USD,2024,11
3476,2024-11-07,140,14,1,1205,1,399540,399540,Campo,Transferencia,ARS,2024,11
3477,2024-12-21,320,14,1,1267,4,4771690,19086760,Campo,Cheque,ARS,2024,12
3478,2024-02-09,891,4,4,1088,5,1784150,8920750,Teléfono,Tarjeta crédito,ARS,2024,2
3479,2023-12-28,237,19,1,1252,4,2298090,9192360,Campo,Cheque,USD,2023,12
3480,2023-12-05,369,53,4,1211,3,132620,397860,Campo,Efectivo,ARS,2023,12
3481,2023-06-18,297,38,4,1298,5,2084230,10421150,Mostrador,Cheque,USD,2023,6
3482,2024-03-21,956,19,1,1031,5,110610,553050,Campo,Tarjeta crédito,ARS,2024,3
3483,2023-10-31,200,31,3,1116,3,136230,408690,Mostrador,Tarjeta débito,ARS,2023,10
3484,2024-12-10,796,15,1,1061,2,2366170,4732340,Teléfono,Tarjeta débito,ARS,2024,12
3485,2024-04-01,379,57,4,1067,1,286820,286820,Mostrador,Cheque,ARS,2024,4
3486,2024-04-12,80,33,4,1226,1,369770,369770,Mostrador,Efectivo,ARS,2024,4
3487,2023-11-22,259,34,2,1226,1,382390,382390,Teléfono,Efectivo,USD,2023,11
3488,2023-02-27,101,46,4,1079,1,118390,118390,Teléfono,Transferencia,ARS,2023,2
3489,2023-02-04,32,21,1,1067,5,163370,816850,Campo,Cheque,USD,2023,2
3490,2023-12-11,277,19,1,1128,1,258040,258040,Teléfono,Cheque,USD,2023,12
3491,2023-04-03,121,53,4,1111,1,151310,151310,Teléfono,Tarjeta crédito,USD,2023,4
3492,2024-04-27,55,30,1,1272,3,181220,543660,Teléfono,Efectivo,ARS,2024,4
3493,2024-11-29,493,14,1,1085,1,2025250,2025250,Mostrador,Efectivo,ARS,2024,11
3494,2024-11-29,18,22,2,1034,3,240750,722250,Campo,Efectivo,ARS,2024,11
3495,2024-06-23,309,4,4,1212,2,444300,888600,Teléfono,Tarjeta débito,USD,2024,6
3496,2023-08-20,368,32,1,1300,5,141650,708250,Mostrador,Cheque,USD,2023,8
3497,2024-11-24,633,57,4,1125,1,293340,293340,Campo,Efectivo,USD,2024,11
3498,2024-11-30,110,49,1,1103,3,4104870,12314610,Online,Transferencia,ARS,2024,11
3499,2023-08-04,331,19,1,1206,1,5799490,5799490,Teléfono,Cheque,USD,2023,8
3500,2024-09-17,573,27,4,1120,1,62500,62500,Online,Tarjeta crédito,USD,2024,9
3501,2023-11-03,264,20,1,1170,1,6402050,6402050,Mostrador,Tarjeta crédito,ARS,2023,11
3502,2024-11-07,268,37,3,1035,5,5581210,27906050,Mostrador,Tarjeta débito,USD,2024,11
3503,2024-12-31,435,5,1,1258,1,205300,205300,Teléfono,Tarjeta crédito,USD,2024,12
3504,2023-02-02,297,32,1,1246,1,2296590,2296590,Mostrador,Tarjeta débito,USD,2023,2
3505,2024-12-03,918,51,1,1127,3,3162490,9487470,Teléfono,Tarjeta débito,USD,2024,12
3506,2024-05-15,639,57,4,1017,1,85430,85430,Teléfono,Efectivo,USD,2024,5
3507,2024-12-24,137,56,2,1058,1,409580,409580,Online,Transferencia,ARS,2024,12
3508,2023-12-22,78,27,4,1135,1,300780,300780,Mostrador,Cheque,ARS,2023,12
3509,2024-11-20,719,2,1,1141,1,2730430,2730430,Campo,Tarjeta crédito,ARS,2024,11
3510,2023-03-10,395,60,3,1111,1,178880,178880,Campo,Cheque,USD,2023,3
3511,2023-11-16,397,7,2,1163,3,6492720,19478160,Mostrador,Tarjeta débito,USD,2023,11
3512,2023-03-15,184,25,4,1111,3,91140,273420,Campo,Tarjeta débito,ARS,2023,3
3513,2024-12-25,412,13,4,1152,5,6268250,31341250,Campo,Transferencia,ARS,2024,12
3514,2024-11-11,601,6,4,1065,5,2578320,12891600,Campo,Cheque,ARS,2024,11
3515,2024-11-21,320,49,1,1106,1,25600,25600,Mostrador,Tarjeta débito,ARS,2024,11
3516,2024-12-14,741,54,2,1216,1,420500,420500,Online,Efectivo,ARS,2024,12
3517,2023-04-04,64,59,2,1091,2,317880,635760,Online,Cheque,ARS,2023,4
3518,2023-11-30,326,38,4,1026,1,2013330,2013330,Teléfono,Cheque,ARS,2023,11
3519,2023-03-19,55,20,1,1157,2,300530,601060,Online,Tarjeta débito,ARS,2023,3
3520,2023-08-20,293,20,1,1072,4,5756200,23024800,Online,Transferencia,USD,2023,8
3521,2023-09-09,281,20,1,1044,3,412550,1237650,Online,Transferencia,USD,2023,9
3522,2023-12-23,370,49,1,1090,1,4624360,4624360,Mostrador,Transferencia,ARS,2023,12
3523,2023-10-22,279,51,1,1133,4,3108840,12435360,Online,Tarjeta débito,ARS,2023,10
3524,2023-04-21,188,25,4,1161,1,5396990,5396990,Mostrador,Tarjeta crédito,USD,2023,4
3525,2023-07-03,191,29,3,1232,1,2451840,2451840,Campo,Tarjeta crédito,ARS,2023,7
3526,2023-06-11,392,46,4,1261,2,5559760,11119520,Teléfono,Efectivo,USD,2023,6
3527,2024-12-24,785,36,4,1111,1,2845600,2845600,Teléfono,Transferencia,ARS,2024,12
3528,2024-10-11,607,20,1,1164,4,72250,289000,Online,Cheque,ARS,2024,10
3529,2024-12-23,90,39,2,1077,1,140120,140120,Campo,Tarjeta débito,USD,2024,12
3530,2023-12-15,247,21,1,1209,2,4871020,9742040,Teléfono,Efectivo,ARS,2023,12
3531,2023-11-01,75,40,4,1013,1,2755670,2755670,Campo,Tarjeta débito,USD,2023,11
3532,2024-11-06,574,16,1,1058,1,2853920,2853920,Campo,Tarjeta crédito,USD,2024,11
3533,2023-11-14,222,35,1,1204,1,150180,150180,Mostrador,Cheque,USD,2023,11
3534,2023-11-07,267,30,1,1036,1,2607250,2607250,Campo,Cheque,USD,2023,11
3535,2023-09-13,121,34,2,1025,1,196770,196770,Teléfono,Cheque,ARS,2023,9
3536,2023-05-23,312,20,1,1034,4,3803480,15213920,Teléfono,Efectivo,USD,2023,5
3537,2023-10-09,309,43,1,1140,3,416370,1249110,Campo,Efectivo,USD,2023,10
3538,2023-11-22,341,27,4,1275,1,431230,431230,Online,Transferencia,ARS,2023,11
3539,2024-07-10,483,36,4,1222,1,329540,329540,Online,Tarjeta débito,ARS,2024,7
3540,2023-03-10,28,20,1,1037,1,2101190,2101190,Mostrador,Efectivo,USD,2023,3
3541,2023-08-19,342,22,2,1129,1,5408820,5408820,Teléfono,Tarjeta crédito,ARS,2023,8
3542,2024-11-09,426,25,4,1116,5,374280,1871400,Teléfono,Efectivo,ARS,2024,11
3543,2023-06-11,371,19,1,1197,5,263270,1316350,Online,Transferencia,ARS,2023,6
3544,2023-11-18,302,40,4,1218,4,5467910,21871640,Teléfono,Tarjeta crédito,USD,2023,11
3545,2024-11-24,786,43,1,1226,4,178560,714240,Mostrador,Transferencia,USD,2024,11
3546,2023-06-19,23,27,4,1248,5,2973380,14866900,Teléfono,Tarjeta débito,USD,2023,6
3547,2023-04-01,99,18,3,1111,1,245000,245000,Teléfono,Cheque,USD,2023,4
3548,2023-12-27,285,26,2,1287,1,3584360,3584360,Campo,Tarjeta crédito,USD,2023,12
3549,2023-11-07,308,57,4,1220,2,240810,481620,Campo,Transferencia,USD,2023,11
3550,2024-03-11,622,19,1,1196,1,52940,52940,Mostrador,Transferencia,USD,2024,3
3551,2024-11-08,715,14,1,1147,1,2056980,2056980,Campo,Cheque,USD,2024,11
3552,2023-05-31,106,7,2,1204,1,418170,418170,Mostrador,Tarjeta crédito,USD,2023,5
3553,2024-03-30,504,1,4,1040,5,399540,1997700,Mostrador,Tarjeta débito,ARS,2024,3
3554,2024-01-07,46,16,1,1134,1,3917190,3917190,Campo,Transferencia,ARS,2024,1
3555,2023-06-08,257,40,4,1191,4,234740,938960,Mostrador,Transferencia,USD,2023,6
3556,2024-05-16,447,47,1,1163,1,289200,289200,Mostrador,Tarjeta débito,USD,2024,5
3557,2023-10-28,144,49,1,1061,3,2507440,7522320,Teléfono,Transferencia,USD,2023,10
3558,2023-12-28,25,33,4,1005,1,307540,307540,Campo,Cheque,USD,2023,12
3559,2023-04-01,62,14,1,1037,2,2352700,4705400,Online,Cheque,USD,2023,4
3560,2023-12-21,230,59,2,1217,5,4081560,20407800,Mostrador,Tarjeta débito,USD,2023,12
3561,2023-11-09,82,5,1,1225,2,2319190,4638380,Mostrador,Tarjeta débito,ARS,2023,11
3562,2024-11-13,336,21,1,1216,2,336490,672980,Online,Transferencia,USD,2024,11
3563,2023-03-04,211,29,3,1139,5,5011870,25059350,Campo,Tarjeta crédito,ARS,2023,3
3564,2023-12-09,400,10,3,1106,1,44480,44480,Campo,Tarjeta débito,ARS,2023,12
3565,2023-12-20,197,43,1,1099,4,420520,1682080,Mostrador,Tarjeta crédito,USD,2023,12
3566,2024-09-04,347,21,1,1168,5,2481760,12408800,Teléfono,Efectivo,ARS,2024,9
3567,2024-03-22,198,5,1,1264,1,2205060,2205060,Teléfono,Cheque,USD,2024,3
3568,2024-07-02,377,39,2,1087,1,132010,132010,Online,Transferencia,ARS,2024,7
3569,2024-10-31,162,33,4,1084,2,4153490,8306980,Teléfono,Tarjeta crédito,USD,2024,10
3570,2024-11-24,208,1,4,1224,1,342320,342320,Campo,Efectivo,ARS,2024,11
3571,2023-11-11,309,21,1,1011,1,25720,25720,Mostrador,Transferencia,ARS,2023,11
3572,2024-02-12,919,51,1,1079,1,200500,200500,Online,Transferencia,ARS,2024,2
3573,2024-11-18,427,6,4,1186,1,288780,288780,Teléfono,Efectivo,USD,2024,11
3574,2024-12-29,44,59,2,1244,5,122320,611600,Online,Efectivo,ARS,2024,12
3575,2024-12-01,800,7,2,1231,1,2984830,2984830,Mostrador,Transferencia,ARS,2024,12
3576,2023-11-26,279,27,4,1141,1,119450,119450,Campo,Efectivo,USD,2023,11
3577,2023-08-03,275,32,1,1106,1,290900,290900,Teléfono,Cheque,ARS,2023,8
3578,2023-12-29,221,22,2,1253,1,209770,209770,Mostrador,Tarjeta crédito,USD,2023,12
3579,2024-09-22,968,33,4,1049,1,300230,300230,Teléfono,Tarjeta débito,ARS,2024,9
3580,2023-12-30,285,36,4,1263,1,111330,111330,Campo,Cheque,ARS,2023,12
3581,2023-12-27,146,5,1,1205,1,55880,55880,Teléfono,Tarjeta débito,ARS,2023,12
3582,2024-11-17,69,51,1,1051,2,5335100,10670200,Mostrador,Efectivo,ARS,2024,11
3583,2023-11-24,140,2,1,1175,1,2972240,2972240,Mostrador,Tarjeta crédito,ARS,2023,11
3584,2024-11-23,522,33,4,1225,2,294220,588440,Teléfono,Efectivo,ARS,2024,11
3585,2023-12-06,111,32,1,1261,5,3977070,19885350,Online,Efectivo,ARS,2023,12
3586,2023-11-15,37,19,1,1222,4,39810,159240,Online,Tarjeta débito,USD,2023,11
3587,2023-12-19,81,38,4,1223,3,31160,93480,Teléfono,Tarjeta débito,ARS,2023,12
3588,2024-10-15,608,52,1,1269,3,81000,243000,Campo,Tarjeta crédito,USD,2024,10
3589,2023-05-19,55,2,1,1298,3,129150,387450,Mostrador,Efectivo,ARS,2023,5
3590,2023-08-04,132,14,1,1228,1,193950,193950,Teléfono,Cheque,USD,2023,8
3591,2024-12-18,223,30,1,1074,3,345580,1036740,Campo,Cheque,USD,2024,12
3592,2023-07-12,384,52,1,1114,1,272750,272750,Mostrador,Cheque,USD,2023,7
3593,2024-03-15,575,36,4,1219,1,5045770,5045770,Online,Tarjeta débito,USD,2024,3
3594,2024-03-28,986,25,4,1054,1,3646290,3646290,Mostrador,Efectivo,USD,2024,3
3595,2023-12-29,12,22,2,1200,3,6180630,18541890,Teléfono,Transferencia,USD,2023,12
3596,2024-06-08,146,21,1,1131,2,40140,80280,Online,Efectivo,USD,2024,6
3597,2023-09-10,264,34,2,1167,1,319820,319820,Campo,Tarjeta crédito,ARS,2023,9
3598,2024-02-28,544,2,1,1192,1,150400,150400,Mostrador,Cheque,ARS,2024,2
3599,2023-11-27,49,19,1,1179,4,2088530,8354120,Mostrador,Efectivo,USD,2023,11
3600,2024-06-26,872,53,4,1032,1,121340,121340,Online,Efectivo,ARS,2024,6
3601,2023-06-04,187,16,1,1287,3,192170,576510,Online,Efectivo,ARS,2023,6
3602,2024-03-19,343,21,1,1240,1,355370,355370,Teléfono,Cheque,ARS,2024,3
3603,2023-07-23,99,59,2,1245,5,159420,797100,Teléfono,Tarjeta débito,ARS,2023,7
3604,2023-11-01,167,8,2,1006,4,268340,1073360,Mostrador,Transferencia,ARS,2023,11
3605,2023-08-28,306,43,1,1117,1,370790,370790,Mostrador,Efectivo,ARS,2023,8
3606,2023-07-20,213,20,1,1208,3,41170,123510,Campo,Transferencia,USD,2023,7
3607,2024-11-14,199,52,1,1212,1,3263130,3263130,Online,Cheque,ARS,2024,11
3608,2023-11-03,246,25,4,1259,1,5294220,5294220,Campo,Transferencia,USD,2023,11
3609,2024-12-12,154,2,1,1163,1,178560,178560,Teléfono,Transferencia,USD,2024,12
3610,2024-12-23,919,52,1,1226,2,210820,421640,Campo,Cheque,ARS,2024,12
3611,2024-03-19,96,24,3,1143,4,53250,213000,Online,Tarjeta débito,USD,2024,3
3612,2023-06-06,63,25,4,1064,1,196770,196770,Mostrador,Tarjeta crédito,USD,2023,6
3613,2023-11-27,194,47,1,1246,2,361220,722440,Mostrador,Cheque,ARS,2023,11
3614,2024-11-06,935,51,1,1018,1,4123740,4123740,Campo,Cheque,ARS,2024,11
3615,2023-11-25,322,22,2,1034,1,5883920,5883920,Campo,Cheque,USD,2023,11
3616,2023-04-06,359,13,4,1110,5,4209740,21048700,Teléfono,Transferencia,ARS,2023,4
3617,2024-03-03,814,20,1,1197,4,25910,103640,Mostrador,Efectivo,USD,2024,3
3618,2024-11-19,399,30,1,1181,1,6094420,6094420,Campo,Tarjeta crédito,USD,2024,11
3619,2024-11-06,784,15,1,1048,4,3445090,13780360,Teléfono,Cheque,USD,2024,11
3620,2023-07-12,376,43,1,1194,2,150920,301840,Teléfono,Cheque,ARS,2023,7
3621,2024-07-09,602,8,2,1192,5,159870,799350,Teléfono,Cheque,USD,2024,7
3622,2023-08-30,328,14,1,1067,5,262560,1312800,Online,Tarjeta débito,ARS,2023,8
3623,2023-08-28,272,27,4,1209,1,267730,267730,Teléfono,Cheque,USD,2023,8
3624,2024-11-27,597,24,3,1167,4,155050,620200,Online,Transferencia,USD,2024,11
3625,2023-10-01,295,28,2,1246,2,67070,134140,Mostrador,Tarjeta crédito,USD,2023,10
3626,2023-10-16,395,51,1,1245,3,30870,92610,Teléfono,Tarjeta crédito,USD,2023,10
3627,2023-01-01,36,22,2,1166,1,93930,93930,Mostrador,Tarjeta crédito,ARS,2023,1
3628,2024-11-26,18,2,1,1296,4,38110,152440,Mostrador,Transferencia,ARS,2024,11
3629,2024-11-05,919,38,4,1211,1,3992950,3992950,Campo,Transferencia,USD,2024,11
3630,2024-05-20,77,53,4,1133,1,437460,437460,Teléfono,Transferencia,USD,2024,5
3631,2024-10-02,49,2,1,1197,1,322010,322010,Mostrador,Transferencia,ARS,2024,10
3632,2023-06-16,359,35,1,1048,1,4098100,4098100,Mostrador,Efectivo,ARS,2023,6
3633,2023-12-20,236,5,1,1049,4,277460,1109840,Teléfono,Tarjeta débito,ARS,2023,12
3634,2023-11-21,44,11,3,1064,4,4554040,18216160,Campo,Cheque,USD,2023,11
3635,2023-04-13,109,42,3,1112,1,127510,127510,Online,Cheque,ARS,2023,4
3636,2023-12-28,129,27,4,1185,3,177680,533040,Teléfono,Cheque,USD,2023,12
3637,2024-12-10,519,4,4,1104,1,71900,71900,Teléfono,Cheque,ARS,2024,12
3638,2023-02-13,304,8,2,1213,1,2852840,2852840,Campo,Tarjeta débito,ARS,2023,2
3639,2023-11-04,112,11,3,1005,2,4474040,8948080,Campo,Tarjeta crédito,USD,2023,11
3640,2023-08-16,213,53,4,1119,2,328000,656000,Teléfono,Tarjeta crédito,ARS,2023,8
3641,2023-09-19,400,56,2,1204,5,118820,594100,Online,Tarjeta débito,ARS,2023,9
3642,2024-12-06,816,7,2,1249,3,3556620,10669860,Campo,Tarjeta crédito,ARS,2024,12
3643,2023-12-23,307,17,3,1167,1,2070520,2070520,Mostrador,Tarjeta crédito,USD,2023,12
3644,2023-12-22,363,31,3,1242,2,2782140,5564280,Online,Transferencia,USD,2023,12
3645,2024-10-13,66,18,3,1280,4,52290,209160,Mostrador,Transferencia,USD,2024,10
3646,2023-06-19,31,50,3,1238,2,3837230,7674460,Mostrador,Efectivo,USD,2023,6
3647,2023-12-28,295,57,4,1135,1,1673060,1673060,Mostrador,Transferencia,ARS,2023,12
3648,2023-12-12,265,58,3,1205,5,137850,689250,Campo,Transferencia,USD,2023,12
3649,2024-04-16,809,26,2,1084,1,122520,122520,Online,Cheque,ARS,2024,4
3650,2024-12-31,319,6,4,1001,3,3437600,10312800,Teléfono,Tarjeta crédito,USD,2024,12
3651,2024-10-23,14,28,2,1171,2,373180,746360,Mostrador,Tarjeta débito,USD,2024,10
3652,2023-12-04,58,49,1,1167,1,334720,334720,Online,Transferencia,ARS,2023,12
3653,2024-11-14,970,21,1,1258,4,4242970,16971880,Online,Transferencia,USD,2024,11
3654,2023-07-07,344,3,3,1063,1,3953500,3953500,Teléfono,Efectivo,USD,2023,7
3655,2023-02-03,242,42,3,1272,3,266740,800220,Teléfono,Cheque,ARS,2023,2
3656,2023-08-13,353,36,4,1037,1,402660,402660,Campo,Tarjeta débito,ARS,2023,8
3657,2023-11-18,248,2,1,1016,1,47840,47840,Teléfono,Transferencia,ARS,2023,11
3658,2024-01-13,610,51,1,1254,1,4892050,4892050,Teléfono,Cheque,USD,2024,1
3659,2024-05-06,468,47,1,1298,2,5458990,10917980,Campo,Transferencia,ARS,2024,5
3660,2024-12-07,960,51,1,1131,1,389560,389560,Online,Efectivo,ARS,2024,12
3661,2024-01-12,924,57,4,1285,4,416810,1667240,Teléfono,Cheque,ARS,2024,1
3662,2024-01-02,388,16,1,1027,1,53540,53540,Campo,Transferencia,ARS,2024,1
3663,2023-02-25,162,60,3,1111,5,4005150,20025750,Mostrador,Efectivo,ARS,2023,2
3664,2023-02-08,388,25,4,1233,1,2025250,2025250,Campo,Tarjeta crédito,ARS,2023,2
3665,2024-02-26,759,48,2,1064,2,313860,627720,Mostrador,Tarjeta débito,ARS,2024,2
3666,2023-12-15,326,9,4,1097,1,173800,173800,Mostrador,Transferencia,ARS,2023,12
3667,2024-11-17,442,32,1,1267,3,3534760,10604280,Teléfono,Transferencia,ARS,2024,11
3668,2023-06-26,342,32,1,1216,1,114180,114180,Teléfono,Tarjeta débito,USD,2023,6
3669,2023-01-28,4,36,4,1232,5,2913560,14567800,Online,Tarjeta crédito,ARS,2023,1
3670,2023-12-18,306,6,4,1048,1,356300,356300,Mostrador,Tarjeta crédito,USD,2023,12
3671,2023-09-18,261,35,1,1244,5,5669610,28348050,Campo,Tarjeta débito,USD,2023,9
3672,2023-02-24,331,20,1,1210,3,318680,956040,Online,Tarjeta débito,USD,2023,2
3673,2024-09-03,45,16,1,1076,1,299410,299410,Online,Tarjeta débito,USD,2024,9
3674,2023-05-03,211,32,1,1247,5,310410,1552050,Mostrador,Transferencia,USD,2023,5
3675,2024-04-29,756,1,4,1116,1,314720,314720,Mostrador,Tarjeta débito,USD,2024,4
3676,2023-11-02,203,23,3,1068,1,270390,270390,Mostrador,Tarjeta crédito,USD,2023,11
3677,2023-07-10,203,21,1,1252,5,57450,287250,Campo,Tarjeta crédito,USD,2023,7
3678,2023-11-29,373,25,4,1064,4,318700,1274800,Campo,Tarjeta crédito,USD,2023,11
3679,2024-11-07,539,7,2,1182,1,166180,166180,Teléfono,Tarjeta crédito,USD,2024,11
3680,2023-12-02,386,30,1,1080,4,105030,420120,Mostrador,Tarjeta débito,ARS,2023,12
3681,2024-10-02,950,27,4,1298,1,265920,265920,Mostrador,Efectivo,ARS,2024,10
3682,2023-05-18,118,57,4,1203,1,430440,430440,Mostrador,Cheque,USD,2023,5
3683,2024-10-26,968,25,4,1182,3,3820690,11462070,Teléfono,Efectivo,ARS,2024,10
3684,2023-09-17,226,26,2,1214,1,84330,84330,Campo,Tarjeta débito,USD,2023,9
3685,2024-07-14,360,6,4,1120,1,2070520,2070520,Campo,Cheque,ARS,2024,7
3686,2024-03-13,468,15,1,1241,1,2456970,2456970,Campo,Tarjeta crédito,USD,2024,3
3687,2024-12-12,983,3,3,1226,1,110610,110610,Campo,Tarjeta crédito,ARS,2024,12
3688,2023-12-01,205,36,4,1202,1,425240,425240,Online,Efectivo,USD,2023,12
3689,2023-03-14,247,5,1,1292,5,342840,1714200,Teléfono,Transferencia,USD,2023,3
3690,2023-01-22,49,4,4,1054,1,297030,297030,Teléfono,Efectivo,ARS,2023,1
3691,2024-11-14,366,22,2,1145,1,4300320,4300320,Mostrador,Tarjeta crédito,USD,2024,11
3692,2024-01-28,253,49,1,1086,4,3824150,15296600,Mostrador,Tarjeta débito,ARS,2024,1
3693,2024-10-29,78,53,4,1022,4,2419730,9678920,Teléfono,Efectivo,USD,2024,10
3694,2023-09-15,257,2,1,1258,4,3149680,12598720,Online,Cheque,USD,2023,9
3695,2023-11-19,120,31,3,1292,1,232970,232970,Campo,Tarjeta débito,USD,2023,11
3696,2023-02-03,35,14,1,1236,5,71090,355450,Online,Transferencia,USD,2023,2
3697,2024-12-21,438,9,4,1029,1,204120,204120,Teléfono,Tarjeta crédito,ARS,2024,12
3698,2024-07-03,312,30,1,1183,3,31000,93000,Online,Transferencia,USD,2024,7
3699,2024-12-13,143,16,1,1160,1,53020,53020,Online,Tarjeta crédito,USD,2024,12
3700,2023-10-19,197,35,1,1018,1,336490,336490,Mostrador,Tarjeta débito,ARS,2023,10
3701,2024-05-02,997,25,4,1038,1,121870,121870,Campo,Tarjeta crédito,ARS,2024,5
3702,2024-07-15,260,53,4,1101,1,67470,67470,Online,Transferencia,USD,2024,7
3703,2023-11-12,366,1,4,1290,1,4920710,4920710,Online,Cheque,ARS,2023,11
3704,2024-11-20,596,22,2,1173,5,346750,1733750,Campo,Tarjeta crédito,ARS,2024,11
3705,2024-12-17,192,39,2,1298,1,1947940,1947940,Online,Tarjeta débito,USD,2024,12
3706,2024-11-30,487,20,1,1067,2,279750,559500,Campo,Transferencia,USD,2024,11
3707,2024-09-19,534,31,3,1191,1,210820,210820,Teléfono,Tarjeta débito,ARS,2024,9
3708,2023-11-01,24,47,1,1043,3,433140,1299420,Teléfono,Tarjeta débito,USD,2023,11
3709,2023-11-02,75,46,4,1123,1,5458990,5458990,Teléfono,Transferencia,ARS,2023,11
3710,2024-12-21,878,46,4,1278,1,87120,87120,Campo,Efectivo,ARS,2024,12
3711,2023-01-12,134,51,1,1298,1,191530,191530,Teléfono,Tarjeta crédito,USD,2023,1
3712,2024-08-25,923,47,1,1196,5,3540980,17704900,Mostrador,Cheque,USD,2024,8
3713,2024-08-14,394,1,4,1103,5,5554050,27770250,Mostrador,Tarjeta crédito,ARS,2024,8
3714,2024-05-15,679,30,1,1125,1,76100,76100,Online,Cheque,USD,2024,5
3715,2024-12-29,458,2,1,1096,2,197180,394360,Mostrador,Efectivo,USD,2024,12
3716,2023-11-10,110,20,1,1157,5,92910,464550,Teléfono,Tarjeta débito,USD,2023,11
3717,2023-11-18,90,41,3,1040,4,282700,1130800,Campo,Efectivo,USD,2023,11
3718,2023-03-28,37,46,4,1173,1,67980,67980,Online,Cheque,ARS,2023,3
3719,2023-12-16,310,5,1,1173,1,74160,74160,Mostrador,Tarjeta crédito,ARS,2023,12
3720,2023-10-14,51,30,1,1120,4,260440,1041760,Campo,Efectivo,ARS,2023,10
3721,2023-11-19,60,56,2,1273,3,6165380,18496140,Campo,Efectivo,ARS,2023,11
3722,2024-11-16,584,46,4,1131,1,358630,358630,Online,Tarjeta débito,ARS,2024,11
3723,2024-12-14,640,30,1,1155,1,329340,329340,Teléfono,Cheque,ARS,2024,12
3724,2023-07-23,307,30,1,1261,3,276480,829440,Teléfono,Transferencia,ARS,2023,7
3725,2023-11-27,62,9,4,1281,2,210120,420240,Mostrador,Transferencia,ARS,2023,11
3726,2024-12-12,305,25,4,1214,1,107650,107650,Teléfono,Cheque,USD,2024,12
3727,2023-03-09,179,53,4,1124,4,6094420,24377680,Mostrador,Cheque,ARS,2023,3
3728,2023-04-12,28,46,4,1278,3,1762690,5288070,Mostrador,Cheque,USD,2023,4
3729,2023-06-28,240,5,1,1093,4,1599940,6399760,Online,Cheque,ARS,2023,6
3730,2024-04-14,932,14,1,1035,3,23940,71820,Online,Tarjeta crédito,USD,2024,4
3731,2023-06-15,232,19,1,1026,1,315040,315040,Campo,Efectivo,USD,2023,6
3732,2024-12-23,665,2,1,1128,2,3603450,7206900,Online,Transferencia,USD,2024,12
3733,2023-12-17,333,27,4,1020,1,290550,290550,Teléfono,Transferencia,USD,2023,12
3734,2024-01-03,444,4,4,1261,1,4986470,4986470,Online,Efectivo,ARS,2024,1
3735,2023-09-28,7,33,4,1167,1,4429530,4429530,Online,Tarjeta débito,USD,2023,9
3736,2023-12-24,65,16,1,1155,1,176620,176620,Mostrador,Tarjeta débito,USD,2023,12
3737,2024-06-27,969,27,4,1236,3,342150,1026450,Mostrador,Transferencia,USD,2024,6
3738,2024-10-03,635,33,4,1032,1,5458990,5458990,Campo,Transferencia,USD,2024,10
3739,2024-10-05,988,14,1,1231,1,342840,342840,Mostrador,Cheque,ARS,2024,10
3740,2024-03-26,36,25,4,1191,2,5129570,10259140,Online,Efectivo,ARS,2024,3
3741,2024-12-05,750,43,1,1006,5,3507200,17536000,Online,Efectivo,ARS,2024,12
3742,2024-11-11,478,30,1,1145,1,4294030,4294030,Campo,Efectivo,USD,2024,11
3743,2024-10-09,73,12,3,1101,1,336750,336750,Campo,Cheque,ARS,2024,10
3744,2023-03-02,30,58,3,1079,4,52350,209400,Online,Tarjeta crédito,ARS,2023,3
3745,2023-01-08,227,51,1,1160,4,308780,1235120,Online,Efectivo,USD,2023,1
3746,2023-08-22,303,2,1,1255,2,4894790,9789580,Teléfono,Tarjeta crédito,ARS,2023,8
3747,2024-06-28,347,46,4,1279,1,143170,143170,Online,Tarjeta débito,ARS,2024,6
3748,2023-12-07,285,27,4,1188,1,105240,105240,Online,Efectivo,ARS,2023,12
3749,2023-12-05,5,36,4,1210,5,255720,1278600,Campo,Transferencia,ARS,2023,12
3750,2024-11-30,65,32,1,1241,1,120870,120870,Campo,Efectivo,USD,2024,11
3751,2024-12-03,747,21,1,1056,1,83720,83720,Teléfono,Tarjeta débito,USD,2024,12
3752,2024-12-07,627,15,1,1137,2,6618570,13237140,Online,Cheque,USD,2024,12
3753,2023-11-11,319,52,1,1106,1,29730,29730,Teléfono,Efectivo,ARS,2023,11
3754,2024-07-29,758,14,1,1069,1,5609420,5609420,Mostrador,Efectivo,USD,2024,7
3755,2023-10-25,349,20,1,1190,1,3665830,3665830,Teléfono,Tarjeta crédito,USD,2023,10
3756,2023-07-29,17,41,3,1192,1,150350,150350,Teléfono,Tarjeta crédito,ARS,2023,7
3757,2023-07-22,383,2,1,1278,1,316030,316030,Mostrador,Transferencia,ARS,2023,7
3758,2023-11-18,307,33,4,1032,4,2300150,9200600,Teléfono,Tarjeta débito,ARS,2023,11
3759,2023-12-12,369,49,1,1175,1,2568600,2568600,Mostrador,Tarjeta débito,ARS,2023,12
3760,2024-11-15,37,56,2,1258,5,1830650,9153250,Online,Tarjeta débito,ARS,2024,11
3761,2023-05-12,344,2,1,1123,3,2246500,6739500,Teléfono,Tarjeta débito,USD,2023,5
3762,2024-09-15,884,39,2,1085,1,312460,312460,Mostrador,Transferencia,USD,2024,9
3763,2024-02-05,381,19,1,1216,1,156530,156530,Campo,Tarjeta crédito,ARS,2024,2
3764,2023-11-03,219,38,4,1216,4,6459780,25839120,Mostrador,Tarjeta crédito,ARS,2023,11
3765,2023-12-30,137,33,4,1014,1,149340,149340,Online,Cheque,USD,2023,12
3766,2023-11-07,246,34,2,1037,1,100070,100070,Teléfono,Cheque,ARS,2023,11
3767,2024-04-15,550,16,1,1027,5,161990,809950,Online,Efectivo,USD,2024,4
3768,2023-12-13,251,23,3,1152,5,345860,1729300,Mostrador,Cheque,USD,2023,12
3769,2023-06-30,53,25,4,1064,2,297590,595180,Teléfono,Tarjeta débito,USD,2023,6
3770,2023-05-08,397,32,1,1070,1,209120,209120,Teléfono,Cheque,USD,2023,5
3771,2024-02-21,346,41,3,1154,1,1499080,1499080,Teléfono,Efectivo,ARS,2024,2
3772,2024-12-05,821,13,4,1253,1,2691820,2691820,Online,Transferencia,ARS,2024,12
3773,2023-11-19,203,4,4,1271,1,250750,250750,Campo,Transferencia,ARS,2023,11
3774,2024-09-13,887,9,4,1029,3,32180,96540,Teléfono,Cheque,ARS,2024,9
3775,2024-06-23,472,1,4,1074,1,70280,70280,Teléfono,Tarjeta crédito,ARS,2024,6
3776,2024-12-13,887,36,4,1284,5,5099880,25499400,Online,Tarjeta débito,USD,2024,12
3777,2024-11-12,993,30,1,1059,5,176700,883500,Campo,Tarjeta crédito,USD,2024,11
3778,2024-03-14,561,24,3,1243,1,118260,118260,Mostrador,Tarjeta crédito,USD,2024,3
3779,2024-06-21,122,9,4,1214,1,3954960,3954960,Online,Transferencia,USD,2024,6
3780,2024-12-04,326,13,4,1149,4,31700,126800,Teléfono,Tarjeta débito,USD,2024,12
3781,2023-12-04,16,1,4,1010,3,223500,670500,Online,Cheque,USD,2023,12
3782,2023-11-14,269,15,1,1132,2,408600,817200,Online,Transferencia,ARS,2023,11
3783,2023-01-12,236,15,1,1062,2,103300,206600,Campo,Cheque,ARS,2023,1
3784,2024-11-14,121,51,1,1262,1,323330,323330,Campo,Transferencia,ARS,2024,11
3785,2024-11-07,139,16,1,1218,1,127220,127220,Campo,Cheque,ARS,2024,11
3786,2023-04-25,87,5,1,1232,4,4019840,16079360,Mostrador,Cheque,USD,2023,4
3787,2024-03-25,130,4,4,1285,1,4106610,4106610,Online,Efectivo,USD,2024,3
3788,2023-12-22,252,43,1,1072,4,4092550,16370200,Campo,Tarjeta débito,ARS,2023,12
3789,2023-05-11,350,4,4,1016,2,5124170,10248340,Teléfono,Efectivo,USD,2023,5
3790,2024-12-26,787,40,4,1038,1,322800,322800,Teléfono,Transferencia,ARS,2024,12
3791,2023-08-24,360,21,1,1177,4,191530,766120,Online,Tarjeta débito,USD,2023,8
3792,2023-03-15,301,47,1,1066,1,30300,30300,Online,Tarjeta débito,ARS,2023,3
3793,2024-04-14,430,41,3,1083,5,295410,1477050,Teléfono,Tarjeta crédito,USD,2024,4
3794,2024-09-19,47,4,4,1017,1,171310,171310,Campo,Tarjeta débito,USD,2024,9
3795,2023-02-05,79,25,4,1156,1,25450,25450,Campo,Tarjeta crédito,USD,2023,2
3796,2024-06-23,501,4,4,1172,5,210820,1054100,Online,Efectivo,USD,2024,6
3797,2024-02-05,810,53,4,1070,3,36050,108150,Teléfono,Efectivo,USD,2024,2
3798,2023-04-24,364,24,3,1071,1,3163700,3163700,Teléfono,Cheque,ARS,2023,4
3799,2023-07-09,375,57,4,1255,1,332030,332030,Mostrador,Transferencia,USD,2023,7
3800,2024-03-16,965,1,4,1131,5,4470750,22353750,Campo,Transferencia,USD,2024,3
3801,2023-11-06,342,4,4,1049,2,101260,202520,Mostrador,Transferencia,ARS,2023,11
3802,2024-12-15,731,49,1,1021,1,2203280,2203280,Mostrador,Transferencia,ARS,2024,12
3803,2024-11-12,111,13,4,1062,1,2401830,2401830,Online,Transferencia,ARS,2024,11
3804,2024-12-27,227,34,2,1220,1,4005150,4005150,Teléfono,Efectivo,USD,2024,12
3805,2023-10-12,275,36,4,1187,3,348350,1045050,Campo,Tarjeta débito,ARS,2023,10
3806,2024-12-23,768,19,1,1032,2,291720,583440,Campo,Tarjeta débito,USD,2024,12
3807,2023-12-13,39,21,1,1203,1,3931800,3931800,Online,Cheque,ARS,2023,12
3808,2023-11-20,135,51,1,1276,4,337600,1350400,Online,Tarjeta crédito,ARS,2023,11
3809,2023-02-25,295,52,1,1242,1,137500,137500,Teléfono,Transferencia,USD,2023,2
3810,2023-02-27,98,43,1,1016,1,328050,328050,Teléfono,Efectivo,ARS,2023,2
3811,2024-07-30,34,27,4,1116,1,52750,52750,Campo,Transferencia,ARS,2024,7
3812,2023-12-20,68,2,1,1173,5,1809960,9049800,Campo,Cheque,USD,2023,12
3813,2023-09-06,191,5,1,1137,1,2412080,2412080,Online,Efectivo,ARS,2023,9
3814,2024-05-05,199,15,1,1179,1,5187350,5187350,Online,Tarjeta débito,ARS,2024,5
3815,2023-10-05,48,58,3,1061,1,361120,361120,Online,Tarjeta crédito,USD,2023,10
3816,2024-03-26,259,43,1,1104,1,4124580,4124580,Online,Efectivo,USD,2024,3
3817,2023-11-23,213,2,1,1255,1,156990,156990,Mostrador,Tarjeta crédito,ARS,2023,11
3818,2024-11-13,674,45,2,1195,3,4674820,14024460,Mostrador,Efectivo,ARS,2024,11
3819,2024-11-12,625,12,3,1256,4,241640,966560,Mostrador,Efectivo,ARS,2024,11
3820,2023-12-25,137,52,1,1076,1,3200560,3200560,Campo,Tarjeta débito,ARS,2023,12
3821,2023-11-21,317,20,1,1271,1,343020,343020,Teléfono,Efectivo,USD,2023,11
3822,2023-11-24,381,20,1,1181,1,3029620,3029620,Campo,Tarjeta débito,ARS,2023,11
3823,2024-11-08,524,33,4,1132,5,143310,716550,Online,Cheque,USD,2024,11
3824,2023-11-15,359,30,1,1151,1,357290,357290,Campo,Cheque,USD,2023,11
3825,2023-08-18,238,29,3,1155,5,66000,330000,Online,Efectivo,ARS,2023,8
3826,2023-04-03,284,49,1,1235,1,53170,53170,Mostrador,Cheque,ARS,2023,4
3827,2023-12-22,176,39,2,1248,1,120870,120870,Online,Cheque,ARS,2023,12
3828,2023-12-27,225,30,1,1165,2,3662820,7325640,Mostrador,Transferencia,ARS,2023,12
3829,2024-11-18,458,52,1,1205,5,2946600,14733000,Online,Tarjeta crédito,ARS,2024,11
3830,2023-08-31,75,28,2,1165,2,2255180,4510360,Campo,Tarjeta crédito,USD,2023,8
3831,2023-11-29,135,32,1,1213,1,335800,335800,Online,Efectivo,ARS,2023,11
3832,2024-11-09,82,15,1,1254,5,4284880,21424400,Online,Tarjeta crédito,ARS,2024,11
3833,2024-11-13,595,6,4,1157,1,384060,384060,Mostrador,Transferencia,USD,2024,11
3834,2023-11-30,142,25,4,1177,1,426310,426310,Teléfono,Tarjeta débito,ARS,2023,11
3835,2023-12-20,209,32,1,1075,5,128890,644450,Campo,Tarjeta débito,ARS,2023,12
3836,2023-11-08,215,12,3,1178,5,2362580,11812900,Online,Tarjeta débito,ARS,2023,11
3837,2024-12-13,403,57,4,1284,4,149420,597680,Mostrador,Transferencia,ARS,2024,12
3838,2023-05-11,310,4,4,1006,1,22180,22180,Mostrador,Efectivo,ARS,2023,5
3839,2024-12-13,767,55,2,1133,2,116170,232340,Online,Transferencia,ARS,2024,12
3840,2024-07-21,188,6,4,1125,1,2002770,2002770,Online,Efectivo,USD,2024,7
3841,2024-02-05,493,14,1,1110,1,323610,323610,Campo,Efectivo,USD,2024,2
3842,2023-02-05,247,8,2,1062,1,333460,333460,Campo,Efectivo,ARS,2023,2
3843,2023-12-25,255,47,1,1127,2,3405680,6811360,Teléfono,Tarjeta débito,USD,2023,12
3844,2023-12-06,323,30,1,1133,1,112250,112250,Teléfono,Transferencia,ARS,2023,12
3845,2023-06-26,162,15,1,1225,1,5231590,5231590,Campo,Tarjeta débito,USD,2023,6
3846,2024-06-21,857,14,1,1017,1,373880,373880,Mostrador,Transferencia,ARS,2024,6
3847,2024-12-24,425,57,4,1026,1,4655320,4655320,Online,Tarjeta débito,USD,2024,12
3848,2024-03-09,415,54,2,1246,1,342880,342880,Teléfono,Transferencia,ARS,2024,3
3849,2024-08-24,167,34,2,1137,1,4298950,4298950,Online,Tarjeta débito,USD,2024,8
3850,2023-03-17,78,21,1,1217,5,159860,799300,Mostrador,Cheque,ARS,2023,3
3851,2023-12-09,175,35,1,1196,1,3492890,3492890,Campo,Cheque,ARS,2023,12
3852,2023-05-08,20,58,3,1201,1,3665830,3665830,Online,Tarjeta débito,USD,2023,5
3853,2024-05-04,608,38,4,1207,1,1482320,1482320,Online,Cheque,ARS,2024,5
3854,2024-12-15,481,19,1,1016,1,364930,364930,Teléfono,Efectivo,ARS,2024,12
3855,2024-06-26,180,16,1,1013,1,2607250,2607250,Teléfono,Transferencia,USD,2024,6
3856,2023-03-26,95,40,4,1078,1,2283570,2283570,Online,Efectivo,USD,2023,3
3857,2023-11-22,71,20,1,1214,1,1852020,1852020,Mostrador,Tarjeta débito,ARS,2023,11
3858,2024-02-26,702,6,4,1143,3,3480170,10440510,Online,Cheque,USD,2024,2
3859,2023-12-05,389,56,2,1214,1,4028400,4028400,Teléfono,Tarjeta débito,USD,2023,12
3860,2024-11-16,441,32,1,1119,1,84150,84150,Mostrador,Efectivo,USD,2024,11
3861,2024-11-11,644,5,1,1181,1,4550230,4550230,Online,Transferencia,ARS,2024,11
3862,2024-05-03,139,47,1,1119,1,2415270,2415270,Teléfono,Cheque,USD,2024,5
3863,2023-11-27,275,21,1,1006,1,104210,104210,Mostrador,Efectivo,USD,2023,11
3864,2023-10-08,102,40,4,1137,2,336320,672640,Online,Tarjeta débito,USD,2023,10
3865,2023-04-27,283,46,4,1179,2,140100,280200,Mostrador,Tarjeta crédito,ARS,2023,4
3866,2023-11-22,29,57,4,1208,1,3912860,3912860,Teléfono,Tarjeta crédito,USD,2023,11
3867,2023-12-08,18,36,4,1054,1,3269640,3269640,Mostrador,Tarjeta débito,ARS,2023,12
3868,2024-07-12,933,43,1,1079,2,73650,147300,Campo,Efectivo,USD,2024,7
3869,2024-06-23,957,18,3,1271,1,5482380,5482380,Online,Efectivo,USD,2024,6
3870,2023-03-18,244,26,2,1118,1,167440,167440,Campo,Transferencia,ARS,2023,3
3871,2023-12-03,175,25,4,1106,3,395790,1187370,Teléfono,Efectivo,ARS,2023,12
3872,2023-07-19,89,43,1,1105,1,249240,249240,Mostrador,Cheque,USD,2023,7
3873,2023-06-22,20,41,3,1212,5,6402050,32010250,Online,Tarjeta débito,USD,2023,6
3874,2024-11-14,326,33,4,1118,2,4417730,8835460,Teléfono,Transferencia,ARS,2024,11
3875,2023-02-15,356,14,1,1229,4,394960,1579840,Campo,Tarjeta crédito,ARS,2023,2
3876,2023-12-09,399,43,1,1148,1,3642100,3642100,Teléfono,Tarjeta crédito,USD,2023,12
3877,2023-07-04,18,34,2,1150,2,1917110,3834220,Mostrador,Transferencia,ARS,2023,7
3878,2024-11-28,550,49,1,1287,1,385560,385560,Teléfono,Efectivo,ARS,2024,11
3879,2024-03-04,376,38,4,1256,3,75590,226770,Mostrador,Transferencia,USD,2024,3
3880,2023-09-11,89,25,4,1082,1,243790,243790,Campo,Tarjeta crédito,ARS,2023,9
3881,2024-01-04,340,54,2,1016,1,399660,399660,Teléfono,Cheque,USD,2024,1
3882,2024-09-11,150,39,2,1193,1,4170040,4170040,Teléfono,Efectivo,ARS,2024,9
3883,2024-12-20,716,50,3,1211,4,392000,1568000,Online,Efectivo,ARS,2024,12
3884,2023-08-30,233,52,1,1074,1,4753160,4753160,Online,Cheque,ARS,2023,8
3885,2024-11-30,104,49,1,1277,3,3911940,11735820,Campo,Cheque,ARS,2024,11
3886,2024-12-13,956,9,4,1061,1,5097810,5097810,Online,Efectivo,ARS,2024,12
3887,2024-12-09,623,25,4,1024,2,2201240,4402480,Teléfono,Tarjeta crédito,USD,2024,12
3888,2024-05-29,737,52,1,1023,1,3480610,3480610,Online,Tarjeta débito,ARS,2024,5
3889,2024-05-22,221,51,1,1298,1,2527930,2527930,Online,Cheque,USD,2024,5
3890,2023-12-05,26,4,4,1258,4,299820,1199280,Online,Transferencia,USD,2023,12
3891,2024-10-04,64,33,4,1198,1,3086310,3086310,Online,Cheque,ARS,2024,10
3892,2024-02-04,254,6,4,1053,1,4263920,4263920,Campo,Transferencia,ARS,2024,2
3893,2024-07-14,249,51,1,1139,4,155920,623680,Teléfono,Cheque,ARS,2024,7
3894,2023-12-12,224,36,4,1271,1,289110,289110,Online,Tarjeta crédito,USD,2023,12
3895,2024-09-11,826,45,2,1201,1,79760,79760,Mostrador,Tarjeta crédito,ARS,2024,9
3896,2024-11-13,131,46,4,1164,5,2908960,14544800,Mostrador,Efectivo,ARS,2024,11
3897,2023-06-10,30,10,3,1092,3,4975490,14926470,Online,Cheque,USD,2023,6
3898,2024-11-16,787,51,1,1023,2,1878090,3756180,Campo,Transferencia,ARS,2024,11
3899,2024-02-14,10,33,4,1088,1,277570,277570,Campo,Efectivo,ARS,2024,2
3900,2024-11-19,89,35,1,1182,3,132650,397950,Online,Tarjeta crédito,USD,2024,11
3901,2023-12-13,147,52,1,1283,1,3335880,3335880,Campo,Tarjeta crédito,USD,2023,12
3902,2023-11-28,127,25,4,1021,2,278850,557700,Online,Cheque,ARS,2023,11
3903,2024-12-08,698,37,3,1049,1,2145390,2145390,Teléfono,Transferencia,ARS,2024,12
3904,2023-10-03,124,1,4,1190,1,1782860,1782860,Online,Efectivo,USD,2023,10
3905,2024-11-19,619,34,2,1205,3,4207750,12623250,Campo,Tarjeta crédito,ARS,2024,11
3906,2023-12-27,341,47,1,1044,1,63930,63930,Teléfono,Efectivo,USD,2023,12
3907,2024-01-16,518,13,4,1300,1,290080,290080,Mostrador,Efectivo,ARS,2024,1
3908,2023-11-09,51,19,1,1128,4,318700,1274800,Teléfono,Cheque,USD,2023,11
3909,2024-03-21,398,53,4,1189,1,35610,35610,Online,Tarjeta crédito,USD,2024,3
3910,2023-11-14,314,2,1,1170,1,2927190,2927190,Online,Cheque,USD,2023,11
3911,2023-02-13,136,9,4,1279,1,416680,416680,Teléfono,Cheque,ARS,2023,2
3912,2023-10-26,2,20,1,1201,1,4001980,4001980,Online,Cheque,USD,2023,10
3913,2023-01-07,18,50,3,1125,1,45930,45930,Online,Tarjeta crédito,USD,2023,1
3914,2024-12-26,761,13,4,1292,1,256100,256100,Campo,Tarjeta débito,ARS,2024,12
3915,2024-12-22,982,34,2,1026,5,77070,385350,Mostrador,Transferencia,USD,2024,12
3916,2023-12-03,185,4,4,1016,4,111540,446160,Teléfono,Transferencia,USD,2023,12
3917,2024-09-08,734,33,4,1133,3,4653320,13959960,Mostrador,Transferencia,USD,2024,9
3918,2023-11-19,228,38,4,1274,1,367330,367330,Campo,Efectivo,USD,2023,11
3919,2024-07-07,860,9,4,1294,1,2530850,2530850,Mostrador,Cheque,USD,2024,7
3920,2024-11-08,419,34,2,1020,3,138330,414990,Campo,Cheque,ARS,2024,11
3921,2024-12-17,194,14,1,1019,2,136450,272900,Campo,Tarjeta débito,ARS,2024,12
3922,2023-12-04,312,30,1,1013,5,277810,1389050,Teléfono,Cheque,USD,2023,12
3923,2024-11-02,996,47,1,1017,1,162620,162620,Online,Tarjeta crédito,USD,2024,11
3924,2023-10-19,210,21,1,1206,1,4821810,4821810,Campo,Transferencia,ARS,2023,10
3925,2024-12-29,299,50,3,1030,1,442830,442830,Mostrador,Efectivo,USD,2024,12
3926,2023-01-29,329,19,1,1299,1,2069570,2069570,Mostrador,Transferencia,USD,2023,1
3927,2024-04-24,476,30,1,1287,2,293300,586600,Online,Tarjeta crédito,USD,2024,4
3928,2024-06-24,584,32,1,1043,4,4786210,19144840,Online,Cheque,USD,2024,6
3929,2024-07-25,117,36,4,1093,1,4021180,4021180,Mostrador,Cheque,USD,2024,7
3930,2023-05-13,264,29,3,1066,4,348490,1393960,Mostrador,Transferencia,USD,2023,5
3931,2024-12-15,517,21,1,1119,1,122890,122890,Mostrador,Efectivo,USD,2024,12
3932,2023-07-18,269,4,4,1017,3,39810,119430,Online,Cheque,USD,2023,7
3933,2024-05-15,519,30,1,1072,1,214180,214180,Mostrador,Efectivo,USD,2024,5
3934,2023-09-02,21,13,4,1039,3,345320,1035960,Campo,Tarjeta crédito,USD,2023,9
3935,2023-11-09,37,42,3,1162,1,1896350,1896350,Mostrador,Tarjeta débito,USD,2023,11
3936,2024-02-21,173,43,1,1006,5,327480,1637400,Campo,Cheque,ARS,2024,2
3937,2023-12-09,62,36,4,1104,1,29810,29810,Teléfono,Transferencia,ARS,2023,12
3938,2023-06-25,206,6,4,1269,4,1740480,6961920,Campo,Efectivo,ARS,2023,6
3939,2023-07-07,101,15,1,1218,3,96100,288300,Campo,Transferencia,ARS,2023,7
3940,2023-12-09,119,1,4,1254,3,40170,120510,Mostrador,Transferencia,USD,2023,12
3941,2024-10-09,179,35,1,1059,1,348350,348350,Campo,Cheque,ARS,2024,10
3942,2024-12-04,644,16,1,1032,1,406720,406720,Mostrador,Transferencia,USD,2024,12
3943,2023-04-03,376,51,1,1167,5,53290,266450,Campo,Cheque,USD,2023,4
3944,2023-12-02,342,20,1,1120,5,1903080,9515400,Teléfono,Transferencia,ARS,2023,12
3945,2023-04-20,75,47,1,1178,1,2367430,2367430,Teléfono,Efectivo,ARS,2023,4
3946,2023-01-19,290,27,4,1002,5,3474620,17373100,Campo,Efectivo,ARS,2023,1
3947,2024-06-26,557,19,1,1118,3,177660,532980,Online,Transferencia,USD,2024,6
3948,2024-04-22,144,47,1,1037,2,76740,153480,Online,Cheque,ARS,2024,4
3949,2023-06-28,137,34,2,1097,3,174540,523620,Mostrador,Tarjeta débito,USD,2023,6
3950,2023-09-14,208,33,4,1257,5,92910,464550,Mostrador,Efectivo,ARS,2023,9
3951,2023-01-27,231,40,4,1128,4,263140,1052560,Campo,Tarjeta débito,USD,2023,1
3952,2024-11-16,272,38,4,1156,3,5077890,15233670,Online,Transferencia,USD,2024,11
3953,2024-12-25,607,36,4,1145,1,142630,142630,Mostrador,Cheque,ARS,2024,12
3954,2023-05-29,397,9,4,1057,1,155040,155040,Teléfono,Efectivo,ARS,2023,5
3955,2023-09-11,384,57,4,1070,1,4045270,4045270,Teléfono,Transferencia,ARS,2023,9
3956,2024-11-25,261,9,4,1044,1,262650,262650,Mostrador,Cheque,USD,2024,11
3957,2024-12-11,891,21,1,1212,1,3297010,3297010,Online,Efectivo,ARS,2024,12
3958,2023-12-10,127,51,1,1175,5,286040,1430200,Online,Tarjeta débito,USD,2023,12
3959,2023-02-25,167,31,3,1141,1,118700,118700,Campo,Tarjeta crédito,USD,2023,2
3960,2023-02-13,18,49,1,1076,1,2929270,2929270,Mostrador,Tarjeta crédito,USD,2023,2
3961,2024-03-22,660,30,1,1158,3,340590,1021770,Mostrador,Tarjeta débito,USD,2024,3
3962,2023-12-02,247,18,3,1085,5,149140,745700,Online,Transferencia,USD,2023,12
3963,2023-02-01,130,36,4,1230,5,50370,251850,Mostrador,Tarjeta crédito,USD,2023,2
3964,2024-04-01,296,43,1,1017,1,6561570,6561570,Teléfono,Cheque,USD,2024,4
3965,2023-01-13,266,46,4,1018,4,30090,120360,Teléfono,Efectivo,USD,2023,1
3966,2024-11-03,320,9,4,1284,4,5258020,21032080,Teléfono,Efectivo,USD,2024,11
3967,2023-11-09,42,1,4,1042,1,4501410,4501410,Online,Transferencia,USD,2023,11
3968,2023-02-14,203,57,4,1134,1,159860,159860,Online,Tarjeta débito,USD,2023,2
3969,2024-04-07,693,9,4,1102,1,4158780,4158780,Online,Tarjeta crédito,USD,2024,4
3970,2023-12-04,349,48,2,1137,1,149840,149840,Teléfono,Tarjeta crédito,USD,2023,12
3971,2024-12-24,181,47,1,1222,4,3279690,13118760,Mostrador,Tarjeta débito,USD,2024,12
3972,2024-02-18,296,39,2,1229,1,123930,123930,Mostrador,Efectivo,ARS,2024,2
3973,2023-10-29,144,25,4,1294,2,306670,613340,Teléfono,Transferencia,USD,2023,10
3974,2024-08-18,944,57,4,1135,3,2243790,6731370,Online,Tarjeta crédito,USD,2024,8
3975,2023-10-25,381,57,4,1116,3,176700,530100,Mostrador,Tarjeta débito,USD,2023,10
3976,2024-12-05,61,5,1,1119,5,236860,1184300,Teléfono,Tarjeta débito,USD,2024,12
3977,2023-11-27,209,12,3,1099,4,166350,665400,Online,Tarjeta débito,ARS,2023,11
3978,2024-02-25,166,2,1,1244,3,3931080,11793240,Campo,Tarjeta crédito,ARS,2024,2
3979,2023-02-25,370,47,1,1119,2,176620,353240,Teléfono,Tarjeta crédito,ARS,2023,2
3980,2023-12-11,300,14,1,1159,3,54550,163650,Online,Tarjeta débito,ARS,2023,12
3981,2024-11-16,655,47,1,1239,1,131060,131060,Online,Transferencia,USD,2024,11
3982,2024-11-08,351,4,4,1062,5,162560,812800,Campo,Tarjeta crédito,ARS,2024,11
3983,2023-09-04,61,47,1,1226,1,27260,27260,Mostrador,Cheque,ARS,2023,9
3984,2023-09-06,263,15,1,1189,2,291720,583440,Mostrador,Tarjeta crédito,USD,2023,9
3985,2024-11-11,124,9,4,1017,1,4893710,4893710,Online,Cheque,USD,2024,11
3986,2024-12-12,238,35,1,1249,3,174210,522630,Campo,Cheque,USD,2024,12
3987,2023-04-15,30,49,1,1026,1,26060,26060,Teléfono,Cheque,USD,2023,4
3988,2023-12-18,255,30,1,1189,5,314600,1573000,Online,Tarjeta débito,ARS,2023,12
3989,2023-11-17,369,20,1,1140,1,107650,107650,Campo,Efectivo,USD,2023,11
3990,2024-11-26,90,47,1,1181,5,3992950,19964750,Teléfono,Tarjeta crédito,ARS,2024,11
3991,2023-04-02,139,14,1,1021,4,38110,152440,Teléfono,Tarjeta crédito,ARS,2023,4
3992,2023-08-20,379,23,3,1163,1,298750,298750,Mostrador,Cheque,ARS,2023,8
3993,2024-10-04,966,21,1,1071,1,235660,235660,Teléfono,Tarjeta débito,ARS,2024,10
3994,2023-02-26,362,43,1,1082,5,6423650,32118250,Online,Cheque,ARS,2023,2
3995,2023-12-30,348,27,4,1155,1,2656740,2656740,Teléfono,Tarjeta crédito,USD,2023,12
3996,2023-12-16,207,21,1,1116,1,4552540,4552540,Mostrador,Cheque,USD,2023,12
3997,2023-11-16,93,57,4,1047,5,291690,1458450,Mostrador,Tarjeta crédito,ARS,2023,11
3998,2023-12-03,134,48,2,1194,2,2367220,4734440,Campo,Tarjeta crédito,USD,2023,12
3999,2024-02-03,880,2,1,1224,1,2150100,2150100,Campo,Tarjeta débito,USD,2024,2
4000,2023-06-27,204,38,4,1237,1,170090,170090,Teléfono,Transferencia,USD,2023,6
4001,2024-03-20,819,19,1,1280,1,3099130,3099130,Mostrador,Tarjeta débito,ARS,2024,3
4002,2024-11-08,848,15,1,1010,3,4889810,14669430,Online,Tarjeta débito,USD,2024,11
4003,2024-10-12,622,60,3,1152,3,3841200,11523600,Teléfono,Tarjeta débito,USD,2024,10
4004,2023-06-18,38,8,2,1204,1,325750,325750,Mostrador,Tarjeta débito,ARS,2023,6
4005,2023-06-13,22,38,4,1104,2,2168420,4336840,Campo,Efectivo,ARS,2023,6
4006,2023-10-22,225,9,4,1124,3,91510,274530,Teléfono,Tarjeta débito,USD,2023,10
4007,2023-11-24,346,2,1,1185,5,31590,157950,Teléfono,Tarjeta débito,USD,2023,11
4008,2023-12-07,168,50,3,1290,4,157380,629520,Online,Efectivo,USD,2023,12
4009,2024-07-16,647,34,2,1041,3,430980,1292940,Mostrador,Efectivo,ARS,2024,7
4010,2023-03-04,110,1,4,1011,1,378400,378400,Online,Tarjeta débito,USD,2023,3
4011,2023-02-08,224,53,4,1218,5,404020,2020100,Teléfono,Efectivo,USD,2023,2
4012,2023-12-02,168,36,4,1001,1,4857360,4857360,Campo,Tarjeta débito,USD,2023,12
4013,2024-08-04,107,32,1,1171,4,2765870,11063480,Campo,Efectivo,USD,2024,8
4014,2023-08-01,380,6,4,1242,1,1917110,1917110,Online,Efectivo,ARS,2023,8
4015,2024-06-04,24,43,1,1282,1,259280,259280,Teléfono,Efectivo,USD,2024,6
4016,2023-10-13,297,35,1,1053,3,195670,587010,Mostrador,Tarjeta débito,ARS,2023,10
4017,2024-11-30,307,1,4,1125,5,4006550,20032750,Teléfono,Cheque,ARS,2024,11
4018,2024-12-03,935,19,1,1175,1,154900,154900,Campo,Tarjeta débito,ARS,2024,12
4019,2023-11-06,358,25,4,1265,1,239580,239580,Campo,Efectivo,USD,2023,11
4020,2023-09-10,370,20,1,1265,5,28440,142200,Mostrador,Transferencia,ARS,2023,9
4021,2023-12-07,211,27,4,1199,1,5197030,5197030,Mostrador,Tarjeta débito,USD,2023,12
4022,2023-09-21,171,32,1,1256,4,2177160,8708640,Campo,Tarjeta crédito,USD,2023,9
4023,2024-07-08,581,35,1,1172,1,369440,369440,Campo,Transferencia,USD,2024,7
4024,2024-11-14,222,52,1,1059,3,6127490,18382470,Mostrador,Cheque,USD,2024,11
4025,2024-07-09,443,12,3,1106,1,127610,127610,Mostrador,Transferencia,USD,2024,7
4026,2024-11-13,153,52,1,1125,1,301820,301820,Campo,Tarjeta crédito,ARS,2024,11
4027,2023-12-03,350,17,3,1016,1,78740,78740,Online,Efectivo,USD,2023,12
4028,2023-06-21,376,14,1,1038,5,368470,1842350,Campo,Cheque,USD,2023,6
4029,2024-09-18,281,19,1,1243,1,1581900,1581900,Campo,Tarjeta débito,ARS,2024,9
4030,2023-11-23,201,47,1,1210,3,247980,743940,Mostrador,Tarjeta crédito,ARS,2023,11
4031,2024-07-07,219,49,1,1068,1,407620,407620,Online,Tarjeta débito,ARS,2024,7
4032,2023-10-24,104,27,4,1285,5,402900,2014500,Teléfono,Tarjeta crédito,ARS,2023,10
4033,2023-03-31,299,36,4,1168,1,3813070,3813070,Campo,Efectivo,ARS,2023,3
4034,2024-12-29,827,30,1,1264,1,2708290,2708290,Teléfono,Transferencia,USD,2024,12
4035,2023-06-21,310,42,3,1098,5,54290,271450,Online,Transferencia,ARS,2023,6
4036,2024-12-28,486,13,4,1134,1,53290,53290,Online,Tarjeta crédito,USD,2024,12
4037,2024-12-25,510,15,1,1181,1,2219520,2219520,Online,Efectivo,USD,2024,12
4038,2024-11-05,335,20,1,1222,3,4599350,13798050,Teléfono,Cheque,USD,2024,11
4039,2024-06-24,742,22,2,1149,1,3985110,3985110,Online,Tarjeta crédito,ARS,2024,6
4040,2024-03-26,410,15,1,1244,3,284940,854820,Campo,Cheque,ARS,2024,3
4041,2024-11-25,54,51,1,1252,1,3898040,3898040,Online,Transferencia,ARS,2024,11
4042,2023-11-04,189,30,1,1076,5,145560,727800,Campo,Tarjeta crédito,USD,2023,11
4043,2023-12-23,222,44,3,1262,1,3870760,3870760,Mostrador,Transferencia,ARS,2023,12
4044,2024-05-11,75,20,1,1231,1,277330,277330,Campo,Tarjeta débito,USD,2024,5
4045,2023-12-07,349,5,1,1191,1,135760,135760,Online,Tarjeta débito,ARS,2023,12
4046,2023-12-12,172,30,1,1134,5,4239600,21198000,Campo,Transferencia,ARS,2023,12
4047,2023-11-15,393,16,1,1017,5,56220,281100,Online,Tarjeta crédito,ARS,2023,11
4048,2024-03-11,554,16,1,1252,1,5384960,5384960,Teléfono,Transferencia,ARS,2024,3
4049,2024-11-21,157,9,4,1245,1,4161680,4161680,Mostrador,Tarjeta débito,USD,2024,11
4050,2023-08-10,335,21,1,1265,1,175800,175800,Online,Tarjeta crédito,ARS,2023,8
4051,2024-12-14,81,11,3,1164,3,300180,900540,Online,Cheque,ARS,2024,12
4052,2024-07-26,208,20,1,1006,4,6261920,25047680,Teléfono,Tarjeta crédito,ARS,2024,7
4053,2024-11-13,826,57,4,1298,1,67520,67520,Mostrador,Efectivo,ARS,2024,11
4054,2024-03-03,86,18,3,1004,1,3405680,3405680,Online,Cheque,ARS,2024,3
4055,2024-11-01,744,5,1,1037,2,2070520,4141040,Teléfono,Cheque,ARS,2024,11
4056,2023-01-18,177,40,4,1071,2,4147250,8294500,Teléfono,Tarjeta débito,USD,2023,1
4057,2024-11-12,511,45,2,1262,5,4827710,24138550,Mostrador,Tarjeta débito,USD,2024,11
4058,2023-02-14,107,13,4,1237,2,345900,691800,Mostrador,Transferencia,USD,2023,2
4059,2024-12-01,139,19,1,1202,1,2027350,2027350,Campo,Transferencia,ARS,2024,12
4060,2024-12-29,102,33,4,1178,1,2470120,2470120,Campo,Efectivo,USD,2024,12
4061,2023-11-05,310,40,4,1096,3,6546190,19638570,Campo,Tarjeta crédito,USD,2023,11
4062,2023-08-19,30,40,4,1227,2,4630720,9261440,Mostrador,Cheque,ARS,2023,8
4063,2024-10-18,194,56,2,1011,1,6336860,6336860,Online,Transferencia,USD,2024,10
4064,2023-10-05,321,39,2,1266,1,373180,373180,Mostrador,Cheque,USD,2023,10
4065,2024-11-25,756,40,4,1189,3,4619080,13857240,Online,Cheque,USD,2024,11
4066,2023-04-23,314,6,4,1209,1,119430,119430,Teléfono,Transferencia,USD,2023,4
4067,2023-05-19,185,4,4,1013,1,74210,74210,Online,Tarjeta débito,USD,2023,5
4068,2024-12-26,805,14,1,1162,5,406090,2030450,Campo,Cheque,USD,2024,12
4069,2024-07-10,247,33,4,1060,5,161230,806150,Teléfono,Cheque,ARS,2024,7
4070,2024-11-20,630,15,1,1005,1,2596360,2596360,Mostrador,Tarjeta débito,ARS,2024,11
4071,2023-11-13,73,45,2,1202,1,339480,339480,Mostrador,Transferencia,USD,2023,11
4072,2024-07-13,69,51,1,1012,1,1798930,1798930,Teléfono,Transferencia,USD,2024,7
4073,2024-04-13,754,15,1,1143,4,135190,540760,Campo,Cheque,USD,2024,4
4074,2024-04-23,152,27,4,1240,2,215990,431980,Teléfono,Tarjeta débito,USD,2024,4
4075,2024-07-19,831,52,1,1225,2,426290,852580,Teléfono,Transferencia,USD,2024,7
4076,2024-03-24,987,42,3,1182,5,3274000,16370000,Mostrador,Cheque,USD,2024,3
4077,2023-12-12,94,60,3,1297,1,373520,373520,Campo,Tarjeta débito,USD,2023,12
4078,2023-10-30,271,47,1,1287,1,4750970,4750970,Teléfono,Cheque,USD,2023,10
4079,2024-10-22,431,35,1,1202,1,334010,334010,Teléfono,Transferencia,ARS,2024,10
4080,2023-09-06,229,17,3,1178,1,244000,244000,Teléfono,Efectivo,ARS,2023,9
4081,2024-07-30,30,43,1,1118,1,25910,25910,Campo,Transferencia,USD,2024,7
4082,2023-09-13,113,4,4,1076,2,171310,342620,Teléfono,Tarjeta débito,ARS,2023,9
4083,2024-05-17,335,38,4,1046,4,195440,781760,Teléfono,Tarjeta crédito,ARS,2024,5
4084,2024-09-28,660,20,1,1227,1,284300,284300,Mostrador,Transferencia,ARS,2024,9
4085,2023-08-28,57,51,1,1294,1,1813660,1813660,Online,Tarjeta débito,ARS,2023,8
4086,2023-03-07,177,55,2,1240,1,1510940,1510940,Campo,Efectivo,ARS,2023,3
4087,2023-05-24,312,38,4,1007,4,24670,98680,Online,Transferencia,USD,2023,5
4088,2024-04-26,568,19,1,1141,5,152950,764750,Teléfono,Tarjeta crédito,USD,2024,4
4089,2024-11-20,409,20,1,1204,1,397630,397630,Campo,Cheque,USD,2024,11
4090,2023-02-19,265,34,2,1150,1,247230,247230,Online,Tarjeta crédito,ARS,2023,2
4091,2024-09-14,237,38,4,1130,4,377020,1508080,Mostrador,Tarjeta crédito,USD,2024,9
4092,2023-11-18,278,2,1,1128,4,86920,347680,Teléfono,Cheque,ARS,2023,11
4093,2023-12-26,77,51,1,1103,1,2246500,2246500,Teléfono,Tarjeta crédito,ARS,2023,12
4094,2024-12-12,933,6,4,1269,2,3504180,7008360,Mostrador,Cheque,ARS,2024,12
4095,2023-11-16,124,38,4,1252,4,280790,1123160,Online,Tarjeta débito,USD,2023,11
4096,2023-12-22,28,4,4,1137,1,1802150,1802150,Teléfono,Tarjeta crédito,USD,2023,12
4097,2023-01-16,142,60,3,1116,1,251740,251740,Mostrador,Tarjeta débito,ARS,2023,1
4098,2023-03-31,158,1,4,1161,3,2305340,6916020,Campo,Transferencia,ARS,2023,3
4099,2023-10-11,167,9,4,1155,1,402470,402470,Teléfono,Efectivo,USD,2023,10
4100,2023-01-31,185,40,4,1173,1,158390,158390,Mostrador,Cheque,ARS,2023,1
4101,2024-05-24,389,1,4,1130,1,396890,396890,Teléfono,Tarjeta crédito,ARS,2024,5
4102,2023-12-11,12,4,4,1079,1,181220,181220,Campo,Tarjeta débito,ARS,2023,12
4103,2024-02-23,931,2,1,1057,5,2924730,14623650,Teléfono,Transferencia,ARS,2024,2
4104,2023-07-11,169,47,1,1057,1,187240,187240,Campo,Efectivo,USD,2023,7
4105,2023-11-06,319,46,4,1226,1,4994370,4994370,Campo,Transferencia,ARS,2023,11
4106,2024-06-29,426,43,1,1134,3,3466070,10398210,Campo,Transferencia,ARS,2024,6
4107,2024-12-22,893,18,3,1014,1,293230,293230,Online,Tarjeta crédito,USD,2024,12
4108,2023-02-25,106,35,1,1283,1,246330,246330,Mostrador,Tarjeta crédito,ARS,2023,2
4109,2024-12-01,766,9,4,1294,1,345580,345580,Online,Cheque,USD,2024,12
4110,2024-03-25,427,21,1,1147,5,325750,1628750,Online,Efectivo,USD,2024,3
4111,2024-03-11,956,40,4,1127,4,4206980,16827920,Mostrador,Efectivo,ARS,2024,3
4112,2024-01-01,916,17,3,1260,1,2753900,2753900,Mostrador,Tarjeta débito,ARS,2024,1
4113,2023-03-18,98,49,1,1084,5,426910,2134550,Online,Tarjeta débito,ARS,2023,3
4114,2023-04-09,119,54,2,1218,2,83850,167700,Campo,Tarjeta débito,ARS,2023,4
4115,2024-04-21,226,16,1,1233,5,87760,438800,Online,Transferencia,USD,2024,4
4116,2023-11-18,375,35,1,1168,2,4805720,9611440,Teléfono,Tarjeta débito,USD,2023,11
4117,2024-12-09,664,35,1,1143,1,47670,47670,Teléfono,Cheque,USD,2024,12
4118,2023-12-06,203,21,1,1260,1,369800,369800,Campo,Cheque,USD,2023,12
4119,2023-06-07,163,40,4,1218,1,116530,116530,Campo,Efectivo,ARS,2023,6
4120,2024-08-24,297,32,1,1249,1,3931800,3931800,Campo,Efectivo,ARS,2024,8
4121,2023-11-05,122,11,3,1146,2,125200,250400,Teléfono,Tarjeta débito,ARS,2023,11
4122,2024-01-29,16,47,1,1099,1,3120730,3120730,Campo,Transferencia,ARS,2024,1
4123,2024-08-05,378,18,3,1182,3,4692530,14077590,Online,Cheque,USD,2024,8
4124,2024-12-04,336,32,1,1169,3,4124580,12373740,Teléfono,Cheque,ARS,2024,12
4125,2024-11-05,618,53,4,1233,3,67070,201210,Teléfono,Tarjeta crédito,ARS,2024,11
4126,2024-07-12,774,27,4,1093,1,31560,31560,Mostrador,Tarjeta débito,ARS,2024,7
4127,2024-07-16,20,4,4,1117,1,3039950,3039950,Online,Transferencia,USD,2024,7
4128,2024-12-17,440,14,1,1004,5,266090,1330450,Campo,Transferencia,ARS,2024,12
4129,2023-11-06,244,18,3,1085,1,182830,182830,Campo,Transferencia,USD,2023,11
4130,2023-01-02,244,32,1,1167,1,4705650,4705650,Mostrador,Efectivo,USD,2023,1
4131,2023-10-26,392,52,1,1007,1,2234930,2234930,Mostrador,Tarjeta crédito,USD,2023,10
4132,2023-08-28,212,30,1,1232,5,160240,801200,Mostrador,Efectivo,USD,2023,8
4133,2024-06-27,736,47,1,1251,2,92570,185140,Teléfono,Tarjeta crédito,USD,2024,6
4134,2024-05-27,865,48,2,1085,1,216200,216200,Teléfono,Efectivo,USD,2024,5
4135,2024-04-13,262,33,4,1155,2,3143570,6287140,Mostrador,Tarjeta crédito,USD,2024,4
4136,2023-01-18,220,21,1,1193,5,4259260,21296300,Online,Cheque,ARS,2023,1
4137,2024-09-08,8,30,1,1123,4,82900,331600,Teléfono,Transferencia,ARS,2024,9
4138,2023-11-13,14,35,1,1089,1,5210100,5210100,Campo,Tarjeta crédito,ARS,2023,11
4139,2024-06-30,387,40,4,1095,4,98940,395760,Campo,Efectivo,ARS,2024,6
4140,2024-03-03,642,29,3,1300,1,3447090,3447090,Online,Efectivo,USD,2024,3
4141,2023-11-18,22,32,1,1045,1,193980,193980,Online,Efectivo,USD,2023,11
4142,2023-05-28,225,40,4,1253,2,2597460,5194920,Online,Tarjeta crédito,USD,2023,5
4143,2023-04-14,235,59,2,1051,1,3382110,3382110,Teléfono,Efectivo,USD,2023,4
4144,2024-11-15,341,48,2,1065,3,3665590,10996770,Campo,Tarjeta débito,ARS,2024,11
4145,2024-12-09,966,28,2,1054,1,6332160,6332160,Teléfono,Tarjeta crédito,ARS,2024,12
4146,2024-06-13,1000,50,3,1222,1,301000,301000,Campo,Efectivo,ARS,2024,6
4147,2023-04-24,199,42,3,1072,5,2251150,11255750,Campo,Efectivo,USD,2023,4
4148,2023-12-05,134,2,1,1168,1,1994040,1994040,Campo,Tarjeta débito,USD,2023,12
4149,2024-09-08,178,15,1,1186,1,1881350,1881350,Campo,Efectivo,USD,2024,9
4150,2024-11-01,556,51,1,1143,3,4456710,13370130,Campo,Tarjeta crédito,ARS,2024,11
4151,2023-05-10,8,37,3,1019,1,3729510,3729510,Teléfono,Tarjeta débito,USD,2023,5
4152,2023-01-01,280,53,4,1010,1,313430,313430,Teléfono,Tarjeta crédito,ARS,2023,1
4153,2024-08-21,539,2,1,1272,1,277720,277720,Online,Cheque,USD,2024,8
4154,2023-11-22,51,43,1,1171,1,2176160,2176160,Teléfono,Tarjeta débito,USD,2023,11
4155,2023-10-07,69,1,4,1016,1,1539840,1539840,Online,Transferencia,USD,2023,10
4156,2023-01-15,281,6,4,1080,1,170580,170580,Mostrador,Tarjeta crédito,ARS,2023,1
4157,2024-02-14,44,27,4,1284,3,1820360,5461080,Campo,Tarjeta crédito,ARS,2024,2
4158,2024-11-21,687,50,3,1190,1,5940940,5940940,Campo,Efectivo,USD,2024,11
4159,2024-12-20,631,1,4,1148,2,5041790,10083580,Mostrador,Tarjeta crédito,USD,2024,12
4160,2024-03-13,365,52,1,1163,2,2753350,5506700,Teléfono,Tarjeta débito,ARS,2024,3
4161,2024-01-17,888,20,1,1265,3,5794590,17383770,Campo,Tarjeta débito,USD,2024,1
4162,2023-04-04,269,32,1,1138,1,145390,145390,Online,Transferencia,ARS,2023,4
4163,2024-02-24,693,57,4,1085,1,426750,426750,Teléfono,Efectivo,ARS,2024,2
4164,2023-11-29,53,32,1,1030,1,141720,141720,Mostrador,Transferencia,ARS,2023,11
4165,2024-04-28,293,59,2,1287,1,1588470,1588470,Campo,Tarjeta crédito,USD,2024,4
4166,2023-12-01,191,7,2,1168,1,6327180,6327180,Online,Tarjeta débito,ARS,2023,12
4167,2023-09-21,194,30,1,1091,3,3138000,9414000,Mostrador,Cheque,USD,2023,9
4168,2023-04-15,371,13,4,1091,1,91950,91950,Teléfono,Efectivo,USD,2023,4
4169,2023-11-11,40,47,1,1211,1,304480,304480,Mostrador,Efectivo,USD,2023,11
4170,2023-04-17,78,51,1,1006,2,44970,89940,Mostrador,Tarjeta débito,USD,2023,4
4171,2023-07-14,189,25,4,1300,2,385710,771420,Campo,Cheque,USD,2023,7
4172,2024-12-28,607,51,1,1174,3,4638090,13914270,Campo,Transferencia,USD,2024,12
4173,2023-12-16,390,46,4,1134,3,4624010,13872030,Online,Transferencia,USD,2023,12
4174,2024-02-05,25,36,4,1024,1,402660,402660,Mostrador,Tarjeta débito,USD,2024,2
4175,2024-11-27,615,40,4,1201,4,3841200,15364800,Online,Efectivo,ARS,2024,11
4176,2024-12-30,302,6,4,1219,3,209970,629910,Campo,Tarjeta débito,ARS,2024,12
4177,2024-04-01,671,14,1,1007,1,367770,367770,Online,Efectivo,USD,2024,4
4178,2024-11-10,358,42,3,1006,1,4070360,4070360,Campo,Tarjeta débito,ARS,2024,11
4179,2023-11-14,208,47,1,1118,1,3603450,3603450,Online,Tarjeta débito,USD,2023,11
4180,2023-11-08,347,20,1,1161,5,3963640,19818200,Campo,Tarjeta crédito,ARS,2023,11
4181,2023-12-05,94,14,1,1085,2,4607330,9214660,Campo,Tarjeta crédito,ARS,2023,12
4182,2024-07-08,836,15,1,1248,2,3540630,7081260,Campo,Transferencia,ARS,2024,7
4183,2024-07-19,551,57,4,1166,1,4365040,4365040,Online,Cheque,ARS,2024,7
4184,2023-11-11,336,5,1,1145,4,437460,1749840,Mostrador,Transferencia,ARS,2023,11
4185,2023-05-27,164,31,3,1031,1,2512630,2512630,Mostrador,Efectivo,USD,2023,5
4186,2024-05-25,903,30,1,1220,5,86360,431800,Online,Tarjeta crédito,USD,2024,5
4187,2023-05-21,341,59,2,1133,1,84700,84700,Teléfono,Efectivo,ARS,2023,5
4188,2024-03-27,834,40,4,1064,1,5079250,5079250,Campo,Transferencia,ARS,2024,3
4189,2024-07-31,567,5,1,1076,1,195750,195750,Mostrador,Cheque,ARS,2024,7
4190,2024-08-08,72,58,3,1131,1,5468810,5468810,Mostrador,Cheque,ARS,2024,8
4191,2024-10-05,42,16,1,1110,1,5018000,5018000,Campo,Efectivo,ARS,2024,10
4192,2024-11-27,411,2,1,1155,1,4421730,4421730,Teléfono,Transferencia,ARS,2024,11
4193,2024-01-01,898,45,2,1038,1,2607250,2607250,Online,Efectivo,USD,2024,1
4194,2024-09-10,838,25,4,1054,5,358240,1791200,Online,Tarjeta crédito,USD,2024,9
4195,2024-05-11,644,52,1,1130,2,3528880,7057760,Online,Transferencia,USD,2024,5
4196,2023-07-24,21,49,1,1218,1,4610210,4610210,Campo,Tarjeta débito,USD,2023,7
4197,2023-01-29,1,32,1,1002,5,3388920,16944600,Online,Tarjeta débito,USD,2023,1
4198,2023-11-03,166,38,4,1246,1,117120,117120,Campo,Cheque,USD,2023,11
4199,2023-12-16,60,4,4,1140,1,293080,293080,Online,Transferencia,USD,2023,12
4200,2024-05-08,76,23,3,1296,1,162140,162140,Online,Transferencia,ARS,2024,5
4201,2024-11-20,603,48,2,1258,1,4143960,4143960,Online,Cheque,ARS,2024,11
4202,2023-08-04,398,36,4,1105,1,3369800,3369800,Teléfono,Tarjeta débito,USD,2023,8
4203,2023-05-18,207,46,4,1285,3,1753250,5259750,Campo,Transferencia,USD,2023,5
4204,2024-12-21,88,40,4,1185,5,325150,1625750,Mostrador,Tarjeta débito,USD,2024,12
4205,2023-04-29,82,25,4,1212,1,4794650,4794650,Campo,Tarjeta débito,USD,2023,4
4206,2023-12-26,17,10,3,1244,3,334200,1002600,Mostrador,Tarjeta crédito,USD,2023,12
4207,2024-04-04,329,34,2,1164,1,2752260,2752260,Campo,Efectivo,ARS,2024,4
4208,2024-02-15,943,1,4,1132,1,272850,272850,Online,Transferencia,ARS,2024,2
4209,2023-04-05,210,40,4,1203,1,5747740,5747740,Online,Transferencia,USD,2023,4
4210,2023-03-04,312,35,1,1210,1,2074180,2074180,Campo,Tarjeta débito,USD,2023,3
4211,2023-04-26,383,47,1,1048,1,371820,371820,Teléfono,Tarjeta crédito,ARS,2023,4
4212,2024-04-04,565,4,4,1101,3,4964440,14893320,Campo,Efectivo,USD,2024,4
4213,2024-02-19,640,43,1,1271,2,30300,60600,Online,Transferencia,USD,2024,2
4214,2023-09-14,146,6,4,1049,3,298730,896190,Online,Efectivo,ARS,2023,9
4215,2024-05-31,453,16,1,1239,1,4680120,4680120,Online,Cheque,ARS,2024,5
4216,2024-11-12,816,32,1,1215,1,3930060,3930060,Teléfono,Efectivo,USD,2024,11
4217,2023-02-15,393,2,1,1291,5,1972200,9861000,Online,Tarjeta crédito,USD,2023,2
4218,2023-12-31,310,52,1,1244,5,38350,191750,Mostrador,Tarjeta crédito,ARS,2023,12
4219,2024-07-27,931,43,1,1280,5,336430,1682150,Teléfono,Tarjeta crédito,ARS,2024,7
4220,2023-10-04,248,54,2,1116,1,247620,247620,Campo,Cheque,ARS,2023,10
4221,2023-11-09,1,53,4,1077,1,205240,205240,Online,Cheque,USD,2023,11
4222,2024-05-05,41,57,4,1287,3,302810,908430,Online,Transferencia,USD,2024,5
4223,2024-12-04,585,47,1,1151,3,299410,898230,Campo,Tarjeta débito,ARS,2024,12
4224,2024-11-09,672,59,2,1297,1,317950,317950,Mostrador,Transferencia,USD,2024,11
4225,2024-04-01,212,28,2,1157,1,238890,238890,Teléfono,Tarjeta crédito,ARS,2024,4
4226,2024-09-10,333,28,2,1198,3,161470,484410,Online,Cheque,ARS,2024,9
4227,2023-11-25,296,26,2,1287,3,2557870,7673610,Online,Tarjeta débito,ARS,2023,11
4228,2024-06-04,651,14,1,1024,1,240780,240780,Campo,Efectivo,USD,2024,6
4229,2023-12-22,304,20,1,1009,1,206550,206550,Online,Tarjeta crédito,USD,2023,12
4230,2023-07-28,43,35,1,1132,1,50820,50820,Mostrador,Cheque,USD,2023,7
4231,2024-08-09,691,20,1,1077,4,2115980,8463920,Mostrador,Tarjeta débito,ARS,2024,8
4232,2024-03-03,701,1,4,1226,5,23930,119650,Mostrador,Cheque,ARS,2024,3
4233,2023-11-23,246,20,1,1131,4,3665590,14662360,Campo,Tarjeta crédito,USD,2023,11
4234,2024-12-07,810,6,4,1090,1,160380,160380,Mostrador,Cheque,ARS,2024,12
4235,2023-01-23,154,53,4,1117,1,329980,329980,Teléfono,Transferencia,ARS,2023,1
4236,2023-11-11,104,6,4,1110,1,2976490,2976490,Campo,Efectivo,ARS,2023,11
4237,2023-03-04,11,25,4,1271,5,3112770,15563850,Campo,Transferencia,USD,2023,3
4238,2024-10-19,25,51,1,1227,4,3446490,13785960,Campo,Tarjeta crédito,USD,2024,10
4239,2024-08-10,808,34,2,1244,1,5005240,5005240,Mostrador,Cheque,USD,2024,8
4240,2023-11-15,25,35,1,1249,1,100070,100070,Campo,Transferencia,USD,2023,11
4241,2024-07-12,596,53,4,1055,3,224070,672210,Campo,Tarjeta crédito,USD,2024,7
4242,2023-12-03,106,9,4,1037,2,381620,763240,Campo,Tarjeta débito,USD,2023,12
4243,2024-10-08,753,13,4,1055,1,191390,191390,Campo,Cheque,USD,2024,10
4244,2023-12-19,119,14,1,1012,1,171330,171330,Teléfono,Transferencia,ARS,2023,12
4245,2023-12-08,108,6,4,1185,3,344540,1033620,Online,Tarjeta débito,USD,2023,12
4246,2024-12-14,330,30,1,1237,4,3519940,14079760,Campo,Transferencia,USD,2024,12
4247,2023-10-03,180,52,1,1293,1,1782860,1782860,Online,Efectivo,USD,2023,10
4248,2023-05-13,369,13,4,1204,1,138990,138990,Online,Tarjeta débito,USD,2023,5
4249,2024-04-03,131,52,1,1211,5,5769630,28848150,Online,Efectivo,USD,2024,4
4250,2024-12-23,807,1,4,1226,3,97130,291390,Online,Transferencia,ARS,2024,12
4251,2023-11-28,91,30,1,1007,1,273690,273690,Online,Cheque,USD,2023,11
4252,2023-03-10,241,38,4,1220,3,2367430,7102290,Mostrador,Tarjeta débito,ARS,2023,3
4253,2023-11-18,247,34,2,1026,1,34410,34410,Teléfono,Tarjeta crédito,USD,2023,11
4254,2024-01-08,168,36,4,1028,2,115820,231640,Campo,Transferencia,ARS,2024,1
4255,2023-06-27,223,57,4,1293,2,424910,849820,Mostrador,Tarjeta débito,ARS,2023,6
4256,2024-06-22,469,40,4,1212,1,426910,426910,Campo,Tarjeta débito,USD,2024,6
4257,2024-12-31,278,20,1,1189,1,5597250,5597250,Mostrador,Cheque,USD,2024,12
4258,2023-12-18,190,40,4,1075,1,6086680,6086680,Online,Cheque,USD,2023,12
4259,2023-11-22,19,32,1,1242,1,246500,246500,Teléfono,Tarjeta crédito,USD,2023,11
4260,2023-12-04,14,32,1,1114,3,5344780,16034340,Teléfono,Transferencia,ARS,2023,12
4261,2023-05-07,243,20,1,1167,1,5046420,5046420,Online,Transferencia,USD,2023,5
4262,2024-11-29,621,13,4,1106,1,344400,344400,Teléfono,Tarjeta crédito,USD,2024,11
4263,2023-12-08,190,39,2,1151,5,2307500,11537500,Mostrador,Tarjeta débito,USD,2023,12
4264,2023-12-01,218,38,4,1084,1,393510,393510,Online,Transferencia,ARS,2023,12
4265,2024-06-24,299,9,4,1212,1,167760,167760,Online,Transferencia,USD,2024,6
4266,2023-12-16,311,35,1,1267,2,3584360,7168720,Mostrador,Efectivo,ARS,2023,12
4267,2024-06-12,236,40,4,1230,3,5149680,15449040,Teléfono,Efectivo,USD,2024,6
4268,2023-03-09,168,19,1,1269,2,6256420,12512840,Mostrador,Efectivo,ARS,2023,3
4269,2024-11-10,780,4,4,1177,5,36660,183300,Mostrador,Cheque,ARS,2024,11
4270,2024-12-15,193,49,1,1271,3,5546870,16640610,Online,Tarjeta débito,ARS,2024,12
4271,2024-06-12,242,54,2,1110,1,2667100,2667100,Teléfono,Cheque,ARS,2024,6
4272,2024-12-19,162,14,1,1182,4,1745350,6981400,Campo,Transferencia,USD,2024,12
4273,2023-06-16,364,5,1,1159,1,53140,53140,Campo,Efectivo,ARS,2023,6
4274,2023-12-25,339,52,1,1189,1,159940,159940,Campo,Transferencia,ARS,2023,12
4275,2024-04-22,791,47,1,1186,3,78070,234210,Online,Tarjeta débito,USD,2024,4
4276,2024-03-31,455,32,1,1017,4,73940,295760,Teléfono,Tarjeta crédito,ARS,2024,3
4277,2023-12-05,135,5,1,1246,1,289110,289110,Teléfono,Efectivo,ARS,2023,12
4278,2023-11-17,193,39,2,1255,1,162620,162620,Mostrador,Tarjeta débito,USD,2023,11
4279,2023-05-20,392,13,4,1042,1,4106610,4106610,Online,Efectivo,ARS,2023,5
4280,2023-12-02,89,42,3,1285,3,127230,381690,Mostrador,Tarjeta débito,ARS,2023,12
4281,2023-06-28,42,53,4,1300,1,290090,290090,Online,Tarjeta débito,USD,2023,6
4282,2024-09-14,93,18,3,1294,2,1900300,3800600,Campo,Efectivo,USD,2024,9
4283,2023-08-18,215,6,4,1181,4,3116580,12466320,Online,Transferencia,USD,2023,8
4284,2023-03-06,349,38,4,1182,1,40140,40140,Teléfono,Transferencia,USD,2023,3
4285,2024-02-27,513,28,2,1127,1,406430,406430,Online,Transferencia,USD,2024,2
4286,2024-04-14,335,13,4,1218,4,4004940,16019760,Online,Tarjeta débito,ARS,2024,4
4287,2024-11-26,399,35,1,1163,1,2554630,2554630,Mostrador,Tarjeta crédito,ARS,2024,11
4288,2024-03-25,924,9,4,1046,1,241620,241620,Online,Cheque,USD,2024,3
4289,2023-11-19,164,38,4,1092,1,4610210,4610210,Mostrador,Transferencia,ARS,2023,11
4290,2024-11-07,106,15,1,1105,5,414900,2074500,Campo,Tarjeta crédito,ARS,2024,11
4291,2024-02-14,232,46,4,1207,1,233580,233580,Campo,Cheque,USD,2024,2
4292,2023-03-28,46,47,1,1104,4,2160580,8642320,Mostrador,Efectivo,ARS,2023,3
4293,2024-03-13,717,21,1,1139,5,199630,998150,Teléfono,Efectivo,ARS,2024,3
4294,2024-12-06,533,19,1,1029,1,97550,97550,Teléfono,Cheque,ARS,2024,12
4295,2023-12-03,177,40,4,1251,1,140270,140270,Mostrador,Transferencia,ARS,2023,12
4296,2023-11-06,167,4,4,1191,3,48890,146670,Mostrador,Tarjeta crédito,ARS,2023,11
4297,2023-06-07,294,4,4,1047,1,199390,199390,Online,Tarjeta débito,ARS,2023,6
4298,2023-06-16,265,5,1,1251,1,334280,334280,Online,Tarjeta débito,USD,2023,6
4299,2023-12-13,276,34,2,1263,1,3845880,3845880,Mostrador,Tarjeta débito,ARS,2023,12
4300,2024-04-15,852,46,4,1064,4,4678220,18712880,Online,Efectivo,ARS,2024,4
4301,2023-03-30,8,2,1,1242,4,81760,327040,Mostrador,Tarjeta débito,ARS,2023,3
4302,2024-12-15,270,60,3,1062,1,4134100,4134100,Teléfono,Cheque,USD,2024,12
4303,2024-10-07,830,15,1,1007,5,133040,665200,Campo,Tarjeta débito,ARS,2024,10
4304,2024-04-05,212,47,1,1268,3,1741020,5223060,Online,Tarjeta débito,ARS,2024,4
4305,2024-11-14,163,7,2,1012,2,146690,293380,Mostrador,Cheque,ARS,2024,11
4306,2023-03-29,311,58,3,1292,3,2997290,8991870,Campo,Cheque,ARS,2023,3
4307,2023-12-25,45,30,1,1029,4,387860,1551440,Teléfono,Transferencia,ARS,2023,12
4308,2024-05-23,917,35,1,1139,3,2357600,7072800,Mostrador,Cheque,USD,2024,5
4309,2024-11-15,745,43,1,1085,4,4132400,16529600,Mostrador,Tarjeta débito,USD,2024,11
4310,2024-11-02,53,35,1,1074,5,175530,877650,Teléfono,Tarjeta débito,ARS,2024,11
4311,2023-10-31,233,47,1,1251,1,167470,167470,Campo,Efectivo,ARS,2023,10
4312,2024-12-15,438,19,1,1224,3,273210,819630,Online,Tarjeta crédito,ARS,2024,12
4313,2023-05-17,342,24,3,1047,3,3405680,10217040,Teléfono,Efectivo,ARS,2023,5
4314,2024-11-27,683,49,1,1081,1,2929270,2929270,Mostrador,Efectivo,USD,2024,11
4315,2024-12-24,518,4,4,1121,3,138350,415050,Campo,Tarjeta crédito,USD,2024,12
4316,2023-07-14,44,57,4,1043,4,5304170,21216680,Mostrador,Cheque,ARS,2023,7
4317,2024-09-01,603,52,1,1146,2,4560120,9120240,Mostrador,Transferencia,USD,2024,9
4318,2023-02-14,196,51,1,1074,1,336880,336880,Mostrador,Tarjeta crédito,ARS,2023,2
4319,2023-12-06,4,25,4,1053,1,3423690,3423690,Online,Transferencia,ARS,2023,12
4320,2024-01-19,633,15,1,1233,3,332500,997500,Campo,Tarjeta débito,USD,2024,1
4321,2024-03-29,575,20,1,1295,2,196980,393960,Campo,Tarjeta débito,USD,2024,3
4322,2024-12-14,92,21,1,1200,1,2506220,2506220,Teléfono,Cheque,USD,2024,12
4323,2024-07-08,759,18,3,1162,1,126830,126830,Mostrador,Tarjeta débito,USD,2024,7
4324,2023-12-26,219,42,3,1037,5,390890,1954450,Campo,Transferencia,USD,2023,12
4325,2024-11-09,954,1,4,1097,4,368470,1473880,Campo,Tarjeta débito,USD,2024,11
4326,2024-12-18,438,33,4,1049,1,118190,118190,Mostrador,Transferencia,ARS,2024,12
4327,2023-01-25,337,35,1,1010,1,2333240,2333240,Campo,Transferencia,USD,2023,1
4328,2024-12-27,743,2,1,1040,1,114750,114750,Mostrador,Transferencia,ARS,2024,12
4329,2023-04-05,294,30,1,1153,1,113780,113780,Campo,Efectivo,USD,2023,4
4330,2024-11-11,700,5,1,1106,4,392510,1570040,Teléfono,Efectivo,USD,2024,11
4331,2023-11-01,308,35,1,1041,1,66390,66390,Online,Efectivo,USD,2023,11
4332,2023-05-26,168,32,1,1164,1,198730,198730,Online,Efectivo,USD,2023,5
4333,2023-12-15,264,19,1,1258,5,205240,1026200,Teléfono,Tarjeta crédito,USD,2023,12
4334,2024-06-07,105,21,1,1211,2,119450,238900,Mostrador,Efectivo,ARS,2024,6
4335,2023-11-29,224,16,1,1202,1,347550,347550,Mostrador,Tarjeta crédito,ARS,2023,11
4336,2023-03-01,115,57,4,1195,5,5471920,27359600,Mostrador,Transferencia,USD,2023,3
4337,2024-04-19,891,10,3,1053,1,41710,41710,Teléfono,Tarjeta crédito,ARS,2024,4
4338,2024-12-05,235,13,4,1147,2,345890,691780,Online,Tarjeta débito,USD,2024,12
4339,2023-11-30,272,2,1,1282,1,160950,160950,Teléfono,Tarjeta crédito,ARS,2023,11
4340,2023-08-26,274,45,2,1178,2,355440,710880,Campo,Tarjeta débito,ARS,2023,8
4341,2023-12-16,230,21,1,1243,4,3623710,14494840,Online,Tarjeta débito,USD,2023,12
4342,2023-02-23,217,49,1,1051,4,315680,1262720,Campo,Tarjeta crédito,USD,2023,2
4343,2024-11-12,34,5,1,1114,2,321740,643480,Mostrador,Efectivo,USD,2024,11
4344,2024-11-14,388,25,4,1273,4,5883920,23535680,Campo,Tarjeta débito,USD,2024,11
4345,2024-04-07,709,40,4,1120,1,354870,354870,Mostrador,Tarjeta crédito,USD,2024,4
4346,2023-11-21,383,21,1,1189,5,301660,1508300,Campo,Cheque,ARS,2023,11
4347,2024-11-07,462,32,1,1046,1,2842030,2842030,Mostrador,Transferencia,ARS,2024,11
4348,2024-03-01,449,47,1,1243,1,130840,130840,Mostrador,Cheque,ARS,2024,3
4349,2024-11-14,829,21,1,1026,2,287390,574780,Teléfono,Transferencia,ARS,2024,11
4350,2024-05-24,214,43,1,1050,5,4503400,22517000,Teléfono,Tarjeta crédito,USD,2024,5
4351,2024-11-02,46,49,1,1258,2,1463970,2927940,Campo,Cheque,USD,2024,11
4352,2024-04-18,405,39,2,1011,1,54350,54350,Teléfono,Tarjeta crédito,ARS,2024,4
4353,2023-12-08,333,14,1,1048,1,204470,204470,Campo,Tarjeta crédito,USD,2023,12
4354,2024-12-20,240,47,1,1056,1,350020,350020,Campo,Cheque,ARS,2024,12
4355,2024-02-15,254,49,1,1008,1,325840,325840,Campo,Transferencia,USD,2024,2
4356,2024-04-25,228,51,1,1014,2,3125440,6250880,Campo,Tarjeta crédito,ARS,2024,4
4357,2023-08-30,221,46,4,1215,4,354790,1419160,Mostrador,Efectivo,USD,2023,8
4358,2024-05-18,891,49,1,1245,5,4900980,24504900,Online,Tarjeta débito,USD,2024,5
4359,2024-03-20,166,40,4,1054,1,138430,138430,Campo,Transferencia,ARS,2024,3
4360,2023-07-22,73,9,4,1273,1,5344780,5344780,Mostrador,Efectivo,ARS,2023,7
4361,2023-03-07,225,1,4,1131,1,424170,424170,Campo,Transferencia,USD,2023,3
4362,2024-04-24,511,36,4,1009,1,5228880,5228880,Teléfono,Efectivo,USD,2024,4
4363,2024-10-16,598,44,3,1212,4,4081560,16326240,Online,Transferencia,ARS,2024,10
4364,2024-01-27,593,38,4,1122,1,169130,169130,Mostrador,Transferencia,USD,2024,1
4365,2023-09-06,215,32,1,1114,1,2393780,2393780,Mostrador,Tarjeta débito,USD,2023,9
4366,2024-07-02,676,8,2,1020,1,2684730,2684730,Online,Cheque,ARS,2024,7
4367,2023-03-29,390,38,4,1167,1,5346610,5346610,Campo,Tarjeta débito,ARS,2023,3
4368,2023-12-16,240,27,4,1021,1,1765000,1765000,Online,Efectivo,USD,2023,12
4369,2023-06-29,69,33,4,1208,1,5559670,5559670,Online,Tarjeta débito,USD,2023,6
4370,2023-07-22,137,57,4,1033,1,2889970,2889970,Campo,Efectivo,ARS,2023,7
4371,2023-08-10,152,9,4,1133,1,29390,29390,Mostrador,Tarjeta débito,ARS,2023,8
4372,2023-12-01,97,40,4,1191,1,364480,364480,Campo,Efectivo,ARS,2023,12
4373,2023-02-26,379,40,4,1026,1,150030,150030,Teléfono,Tarjeta crédito,USD,2023,2
4374,2023-12-04,158,54,2,1089,1,345290,345290,Campo,Tarjeta débito,USD,2023,12
4375,2024-01-14,186,1,4,1092,1,258970,258970,Teléfono,Transferencia,USD,2024,1
4376,2023-12-27,168,13,4,1033,1,3575310,3575310,Online,Cheque,ARS,2023,12
4377,2023-11-29,244,38,4,1238,4,128410,513640,Campo,Transferencia,ARS,2023,11
4378,2024-11-17,631,38,4,1018,1,3507200,3507200,Mostrador,Tarjeta débito,ARS,2024,11
4379,2023-06-09,196,19,1,1274,1,5036990,5036990,Teléfono,Cheque,USD,2023,6
4380,2024-01-07,503,20,1,1289,1,423640,423640,Mostrador,Tarjeta débito,ARS,2024,1
4381,2023-03-10,288,1,4,1027,1,108280,108280,Teléfono,Tarjeta débito,USD,2023,3
4382,2023-03-20,369,41,3,1032,3,60850,182550,Campo,Cheque,USD,2023,3
4383,2024-03-22,65,16,1,1108,1,29530,29530,Teléfono,Efectivo,ARS,2024,3
4384,2024-03-13,162,16,1,1226,3,4744420,14233260,Mostrador,Tarjeta crédito,ARS,2024,3
4385,2024-11-28,597,27,4,1119,1,268610,268610,Teléfono,Tarjeta débito,USD,2024,11
4386,2024-03-04,927,9,4,1019,2,3263130,6526260,Online,Tarjeta crédito,USD,2024,3
4387,2024-12-20,571,38,4,1223,2,179820,359640,Campo,Efectivo,ARS,2024,12
4388,2023-02-23,282,23,3,1281,1,156030,156030,Online,Tarjeta débito,ARS,2023,2
4389,2023-04-18,150,21,1,1104,1,138330,138330,Teléfono,Tarjeta débito,ARS,2023,4
4390,2023-02-18,121,5,1,1201,1,273210,273210,Online,Tarjeta crédito,USD,2023,2
4391,2023-07-23,269,49,1,1201,1,260870,260870,Online,Efectivo,USD,2023,7
4392,2024-02-15,767,1,4,1289,5,166540,832700,Campo,Tarjeta débito,ARS,2024,2
4393,2024-06-09,736,47,1,1037,4,4616920,18467680,Mostrador,Tarjeta débito,USD,2024,6
4394,2023-02-20,55,31,3,1007,2,138990,277980,Teléfono,Efectivo,USD,2023,2
4395,2024-12-17,648,7,2,1244,5,113180,565900,Teléfono,Cheque,ARS,2024,12
4396,2024-11-18,190,59,2,1043,1,80210,80210,Mostrador,Transferencia,USD,2024,11
4397,2023-11-06,253,1,4,1126,3,355400,1066200,Campo,Tarjeta crédito,ARS,2023,11
4398,2023-03-26,312,30,1,1009,1,165870,165870,Mostrador,Tarjeta crédito,ARS,2023,3
4399,2023-07-06,84,9,4,1014,3,317440,952320,Online,Tarjeta crédito,USD,2023,7
4400,2023-05-20,354,30,1,1131,1,4209220,4209220,Mostrador,Tarjeta crédito,ARS,2023,5
4401,2023-05-16,177,20,1,1164,1,321510,321510,Mostrador,Efectivo,ARS,2023,5
4402,2024-01-21,94,51,1,1184,1,78990,78990,Mostrador,Tarjeta crédito,USD,2024,1
4403,2023-09-27,390,20,1,1282,1,396460,396460,Teléfono,Tarjeta crédito,USD,2023,9
4404,2023-11-23,35,53,4,1053,1,2002770,2002770,Teléfono,Transferencia,ARS,2023,11
4405,2024-12-29,411,8,2,1041,2,201300,402600,Mostrador,Efectivo,USD,2024,12
4406,2024-07-21,212,5,1,1242,1,181220,181220,Mostrador,Efectivo,USD,2024,7
4407,2024-12-18,638,43,1,1021,5,327750,1638750,Online,Tarjeta crédito,ARS,2024,12
4408,2023-06-06,369,50,3,1295,3,358510,1075530,Online,Efectivo,ARS,2023,6
4409,2023-11-29,230,38,4,1208,2,85870,171740,Campo,Transferencia,USD,2023,11
4410,2024-03-01,168,2,1,1151,4,122210,488840,Online,Cheque,USD,2024,3
4411,2023-03-26,14,39,2,1069,4,93930,375720,Campo,Tarjeta crédito,ARS,2023,3
4412,2023-01-05,74,40,4,1258,1,279450,279450,Mostrador,Tarjeta débito,USD,2023,1
4413,2024-07-06,564,23,3,1228,1,181490,181490,Online,Tarjeta crédito,ARS,2024,7
4414,2024-06-05,874,35,1,1085,1,2300150,2300150,Teléfono,Efectivo,USD,2024,6
4415,2023-12-07,207,50,3,1027,2,2053490,4106980,Teléfono,Transferencia,ARS,2023,12
4416,2023-12-29,296,31,3,1116,1,102960,102960,Teléfono,Transferencia,ARS,2023,12
4417,2023-12-08,43,9,4,1142,1,6011600,6011600,Mostrador,Tarjeta crédito,ARS,2023,12
4418,2023-01-27,368,24,3,1041,5,352210,1761050,Teléfono,Tarjeta crédito,USD,2023,1
4419,2023-11-16,3,1,4,1106,1,5289960,5289960,Teléfono,Cheque,USD,2023,11
4420,2023-07-14,399,5,1,1074,1,354130,354130,Mostrador,Tarjeta crédito,USD,2023,7
4421,2023-04-18,95,53,4,1060,1,308930,308930,Campo,Tarjeta crédito,ARS,2023,4
4422,2024-12-20,395,54,2,1298,3,5588690,16766070,Teléfono,Tarjeta crédito,ARS,2024,12
4423,2024-04-19,238,38,4,1122,3,2070480,6211440,Campo,Cheque,ARS,2024,4
4424,2024-09-08,679,32,1,1203,1,73280,73280,Mostrador,Tarjeta débito,USD,2024,9
4425,2023-11-11,19,30,1,1011,1,199130,199130,Campo,Cheque,ARS,2023,11
4426,2023-12-02,207,4,4,1147,1,215550,215550,Campo,Tarjeta crédito,USD,2023,12
4427,2023-09-17,230,4,4,1216,1,236680,236680,Teléfono,Efectivo,USD,2023,9
4428,2023-04-17,214,21,1,1066,2,284740,569480,Teléfono,Cheque,USD,2023,4
4429,2023-07-16,56,28,2,1212,4,456740,1826960,Campo,Tarjeta débito,ARS,2023,7
4430,2024-11-06,846,16,1,1014,1,3684720,3684720,Mostrador,Transferencia,USD,2024,11
4431,2024-07-14,374,40,4,1067,3,316030,948090,Online,Tarjeta crédito,USD,2024,7
4432,2024-02-21,132,25,4,1180,5,4673740,23368700,Online,Cheque,ARS,2024,2
4433,2023-12-25,9,21,1,1242,1,136110,136110,Online,Efectivo,ARS,2023,12
4434,2024-12-10,743,33,4,1160,1,316030,316030,Teléfono,Tarjeta crédito,ARS,2024,12
4435,2023-03-21,153,36,4,1010,1,3963640,3963640,Mostrador,Efectivo,ARS,2023,3
4436,2023-11-01,305,32,1,1124,1,423830,423830,Online,Tarjeta crédito,USD,2023,11
4437,2023-11-20,284,40,4,1273,2,145560,291120,Campo,Tarjeta crédito,USD,2023,11
4438,2024-11-02,472,14,1,1241,1,4402230,4402230,Campo,Efectivo,USD,2024,11
4439,2024-12-29,993,44,3,1143,2,379080,758160,Teléfono,Transferencia,USD,2024,12
4440,2023-09-22,190,35,1,1167,3,25720,77160,Mostrador,Cheque,USD,2023,9
4441,2024-11-27,528,14,1,1057,1,3248300,3248300,Online,Tarjeta crédito,USD,2024,11
4442,2024-11-15,512,2,1,1138,1,79760,79760,Mostrador,Cheque,USD,2024,11
4443,2023-09-04,343,43,1,1079,5,320530,1602650,Campo,Cheque,USD,2023,9
4444,2023-12-04,203,40,4,1017,2,83030,166060,Teléfono,Cheque,ARS,2023,12
4445,2023-12-07,174,16,1,1201,1,112250,112250,Mostrador,Efectivo,USD,2023,12
4446,2024-12-26,680,20,1,1273,1,424830,424830,Campo,Tarjeta débito,USD,2024,12
4447,2023-07-18,339,6,4,1039,1,118390,118390,Online,Cheque,USD,2023,7
4448,2024-11-06,34,48,2,1003,1,3615750,3615750,Online,Cheque,USD,2024,11
4449,2023-11-16,394,7,2,1243,1,356570,356570,Online,Efectivo,ARS,2023,11
4450,2024-09-10,741,25,4,1108,2,6180630,12361260,Mostrador,Cheque,ARS,2024,9
4451,2023-12-10,1,46,4,1051,5,2731380,13656900,Teléfono,Tarjeta crédito,ARS,2023,12
4452,2024-03-27,322,43,1,1244,1,2180020,2180020,Mostrador,Tarjeta crédito,USD,2024,3
4453,2024-11-16,115,34,2,1174,1,74160,74160,Campo,Efectivo,USD,2024,11
4454,2024-11-08,214,57,4,1116,1,82270,82270,Mostrador,Cheque,USD,2024,11
4455,2024-11-25,766,47,1,1183,1,207120,207120,Campo,Tarjeta débito,ARS,2024,11
4456,2023-03-07,145,21,1,1154,3,183900,551700,Mostrador,Tarjeta crédito,USD,2023,3
4457,2024-07-30,559,51,1,1247,5,3431440,17157200,Campo,Cheque,USD,2024,7
4458,2023-06-03,280,47,1,1076,4,1756350,7025400,Teléfono,Transferencia,ARS,2023,6
4459,2023-12-09,178,6,4,1244,2,128330,256660,Online,Efectivo,USD,2023,12
4460,2024-02-23,725,46,4,1081,3,5762920,17288760,Mostrador,Efectivo,USD,2024,2
4461,2023-12-05,360,13,4,1229,4,370270,1481080,Mostrador,Tarjeta débito,ARS,2023,12
4462,2024-01-23,285,40,4,1072,1,64060,64060,Teléfono,Efectivo,USD,2024,1
4463,2024-12-31,245,32,1,1218,1,130810,130810,Teléfono,Tarjeta crédito,ARS,2024,12
4464,2023-05-29,253,35,1,1243,5,237130,1185650,Teléfono,Tarjeta débito,ARS,2023,5
4465,2024-07-11,206,13,4,1084,2,252960,505920,Online,Cheque,USD,2024,7
4466,2023-12-03,72,21,1,1078,1,289400,289400,Online,Tarjeta débito,ARS,2023,12
4467,2023-05-26,222,20,1,1158,1,2929270,2929270,Teléfono,Cheque,ARS,2023,5
4468,2023-06-24,342,6,4,1048,5,173800,869000,Campo,Cheque,ARS,2023,6
4469,2024-12-18,727,23,3,1110,1,5882830,5882830,Mostrador,Cheque,ARS,2024,12
4470,2024-11-28,360,32,1,1298,1,297140,297140,Teléfono,Transferencia,ARS,2024,11
4471,2024-12-06,499,33,4,1024,1,123940,123940,Mostrador,Tarjeta crédito,ARS,2024,12
4472,2024-12-29,141,13,4,1110,1,128760,128760,Campo,Transferencia,ARS,2024,12
4473,2023-08-17,156,35,1,1052,5,5394960,26974800,Campo,Tarjeta crédito,ARS,2023,8
4474,2023-11-22,222,13,4,1290,1,149140,149140,Mostrador,Tarjeta débito,ARS,2023,11
4475,2024-07-05,389,49,1,1259,1,2997440,2997440,Online,Efectivo,USD,2024,7
4476,2023-12-27,330,55,2,1119,1,5045770,5045770,Mostrador,Tarjeta débito,USD,2023,12
4477,2023-12-09,231,1,4,1139,3,286340,859020,Teléfono,Efectivo,ARS,2023,12
4478,2023-11-23,393,53,4,1135,1,181130,181130,Mostrador,Tarjeta crédito,USD,2023,11
4479,2024-04-13,654,21,1,1242,1,135440,135440,Campo,Tarjeta débito,ARS,2024,4
4480,2024-03-24,358,47,1,1275,1,4281450,4281450,Online,Efectivo,USD,2024,3
4481,2023-06-27,394,19,1,1044,4,319820,1279280,Teléfono,Efectivo,USD,2023,6
4482,2023-12-24,75,18,3,1259,5,3601310,18006550,Campo,Efectivo,ARS,2023,12
4483,2024-02-29,40,51,1,1113,1,3978610,3978610,Online,Tarjeta débito,USD,2024,2
4484,2024-03-18,902,16,1,1227,1,71710,71710,Campo,Transferencia,USD,2024,3
4485,2023-08-19,273,16,1,1065,3,406430,1219290,Teléfono,Transferencia,USD,2023,8
4486,2024-09-23,420,49,1,1163,1,43940,43940,Campo,Efectivo,ARS,2024,9
4487,2023-01-28,70,14,1,1164,3,3803480,11410440,Campo,Tarjeta crédito,ARS,2023,1
4488,2023-11-22,317,46,4,1166,1,1716520,1716520,Mostrador,Tarjeta débito,ARS,2023,11
4489,2024-11-01,623,51,1,1039,1,5792070,5792070,Mostrador,Cheque,USD,2024,11
4490,2024-03-11,458,14,1,1153,1,81410,81410,Campo,Cheque,ARS,2024,3
4491,2023-10-14,234,4,4,1062,4,3928220,15712880,Teléfono,Cheque,USD,2023,10
4492,2024-08-02,197,36,4,1269,3,27040,81120,Teléfono,Tarjeta débito,USD,2024,8
4493,2024-03-15,851,21,1,1119,2,1422590,2845180,Teléfono,Cheque,USD,2024,3
4494,2024-11-06,711,35,1,1216,3,2262800,6788400,Teléfono,Tarjeta débito,USD,2024,11
4495,2024-09-15,509,6,4,1075,1,2545770,2545770,Campo,Efectivo,ARS,2024,9
4496,2024-05-01,536,16,1,1257,5,194750,973750,Mostrador,Transferencia,ARS,2024,5
4497,2023-12-28,307,38,4,1200,1,264450,264450,Mostrador,Efectivo,ARS,2023,12
4498,2023-05-27,147,28,2,1098,5,2521570,12607850,Online,Cheque,ARS,2023,5
4499,2023-10-14,62,21,1,1104,1,4742560,4742560,Mostrador,Cheque,ARS,2023,10
4500,2023-12-09,67,34,2,1164,1,379080,379080,Online,Tarjeta crédito,USD,2023,12
4501,2024-04-19,30,27,4,1113,4,265010,1060040,Mostrador,Cheque,USD,2024,4
4502,2024-01-16,107,13,4,1103,1,197540,197540,Teléfono,Tarjeta crédito,USD,2024,1
4503,2023-11-04,166,52,1,1037,3,115160,345480,Online,Tarjeta débito,USD,2023,11
4504,2023-01-08,390,56,2,1106,4,5103260,20413040,Online,Tarjeta débito,USD,2023,1
4505,2023-12-31,367,2,1,1187,1,420890,420890,Campo,Cheque,USD,2023,12
4506,2023-11-03,121,45,2,1021,4,6616930,26467720,Campo,Efectivo,ARS,2023,11
4507,2024-09-14,11,9,4,1148,1,275040,275040,Teléfono,Cheque,USD,2024,9
4508,2023-01-27,72,52,1,1129,1,79660,79660,Online,Efectivo,ARS,2023,1
4509,2024-04-03,347,13,4,1187,1,48360,48360,Online,Transferencia,USD,2024,4
4510,2024-12-15,253,60,3,1284,3,5413400,16240200,Teléfono,Transferencia,ARS,2024,12
4511,2023-07-11,285,6,4,1199,1,1698840,1698840,Mostrador,Tarjeta crédito,USD,2023,7
4512,2023-12-24,119,4,4,1235,4,320210,1280840,Mostrador,Tarjeta crédito,USD,2023,12
4513,2023-04-11,375,52,1,1108,2,400080,800160,Campo,Tarjeta crédito,ARS,2023,4
4514,2024-05-18,520,43,1,1009,1,176690,176690,Teléfono,Transferencia,USD,2024,5
4515,2024-02-25,215,5,1,1226,2,52750,105500,Campo,Tarjeta débito,ARS,2024,2
4516,2023-12-06,221,47,1,1209,1,183770,183770,Campo,Efectivo,ARS,2023,12
4517,2024-01-24,80,7,2,1245,1,2017670,2017670,Teléfono,Cheque,USD,2024,1
4518,2024-12-03,419,34,2,1288,1,176170,176170,Online,Tarjeta débito,USD,2024,12
4519,2023-08-04,72,33,4,1066,1,301000,301000,Campo,Tarjeta crédito,ARS,2023,8
4520,2023-01-25,200,14,1,1153,1,278450,278450,Teléfono,Efectivo,USD,2023,1
4521,2024-11-24,685,1,4,1191,1,73170,73170,Teléfono,Cheque,USD,2024,11
4522,2024-03-26,289,57,4,1218,2,2111090,4222180,Online,Tarjeta crédito,ARS,2024,3
4523,2024-12-02,234,38,4,1154,5,321930,1609650,Mostrador,Cheque,ARS,2024,12
4524,2024-04-16,261,5,1,1277,3,4405740,13217220,Campo,Cheque,USD,2024,4
4525,2024-11-09,958,22,2,1082,1,30870,30870,Campo,Efectivo,USD,2024,11
4526,2023-12-12,145,19,1,1221,1,2058910,2058910,Mostrador,Efectivo,USD,2023,12
4527,2024-10-01,22,49,1,1280,2,5470620,10941240,Teléfono,Tarjeta crédito,USD,2024,10
4528,2024-12-08,78,14,1,1111,1,339080,339080,Online,Cheque,USD,2024,12
4529,2024-03-20,742,36,4,1092,4,323130,1292520,Mostrador,Efectivo,ARS,2024,3
4530,2023-07-18,160,56,2,1012,1,98020,98020,Mostrador,Cheque,USD,2023,7
4531,2023-10-22,14,7,2,1139,1,91030,91030,Mostrador,Efectivo,ARS,2023,10
4532,2023-08-06,236,27,4,1155,1,173520,173520,Teléfono,Transferencia,ARS,2023,8
4533,2023-09-28,148,32,1,1023,3,360660,1081980,Mostrador,Transferencia,USD,2023,9
4534,2023-11-09,150,45,2,1220,3,4436590,13309770,Teléfono,Efectivo,ARS,2023,11
4535,2024-03-01,30,36,4,1007,2,2959640,5919280,Campo,Cheque,ARS,2024,3
4536,2024-04-07,438,21,1,1237,3,2811480,8434440,Campo,Transferencia,USD,2024,4
4537,2023-12-11,161,17,3,1253,3,266700,800100,Mostrador,Tarjeta débito,USD,2023,12
4538,2024-05-07,773,2,1,1183,1,145300,145300,Teléfono,Transferencia,ARS,2024,5
4539,2023-03-31,18,1,4,1198,4,4550230,18200920,Online,Transferencia,USD,2023,3
4540,2023-04-07,63,49,1,1170,1,266830,266830,Online,Tarjeta crédito,ARS,2023,4
4541,2023-07-08,135,51,1,1123,5,1838100,9190500,Online,Cheque,ARS,2023,7
4542,2024-01-21,157,24,3,1034,1,4427820,4427820,Teléfono,Tarjeta crédito,ARS,2024,1
4543,2023-08-23,57,20,1,1252,1,1766260,1766260,Campo,Efectivo,USD,2023,8
4544,2023-11-02,265,16,1,1003,3,47340,142020,Online,Efectivo,USD,2023,11
4545,2023-12-04,254,52,1,1006,1,4600360,4600360,Teléfono,Tarjeta crédito,USD,2023,12
4546,2024-11-10,187,32,1,1287,1,49550,49550,Online,Cheque,ARS,2024,11
4547,2023-01-16,368,22,2,1102,1,2758100,2758100,Mostrador,Tarjeta débito,ARS,2023,1
4548,2024-06-13,873,29,3,1192,2,417090,834180,Teléfono,Cheque,USD,2024,6
4549,2024-07-04,379,44,3,1013,5,2997290,14986450,Online,Tarjeta débito,USD,2024,7
4550,2024-11-06,327,18,3,1036,1,3257260,3257260,Campo,Tarjeta débito,ARS,2024,11
4551,2024-12-13,199,35,1,1070,1,334000,334000,Teléfono,Efectivo,USD,2024,12
4552,2023-01-23,369,15,1,1289,4,237580,950320,Campo,Tarjeta crédito,ARS,2023,1
4553,2023-06-18,171,36,4,1105,1,290130,290130,Teléfono,Efectivo,USD,2023,6
4554,2024-11-30,315,9,4,1204,1,118890,118890,Teléfono,Tarjeta crédito,USD,2024,11
4555,2023-12-20,6,49,1,1252,2,52080,104160,Online,Tarjeta débito,USD,2023,12
4556,2024-03-12,878,21,1,1055,1,315680,315680,Mostrador,Tarjeta débito,ARS,2024,3
4557,2024-06-28,256,55,2,1107,4,5351480,21405920,Mostrador,Cheque,USD,2024,6
4558,2024-07-15,879,56,2,1141,5,295930,1479650,Teléfono,Tarjeta crédito,ARS,2024,7
4559,2024-12-13,821,11,3,1225,1,3517730,3517730,Teléfono,Tarjeta crédito,ARS,2024,12
4560,2024-12-31,320,21,1,1202,5,5794590,28972950,Campo,Transferencia,ARS,2024,12
4561,2024-08-30,1000,40,4,1007,4,4028400,16113600,Mostrador,Tarjeta crédito,ARS,2024,8
4562,2023-11-03,248,14,1,1017,1,104830,104830,Online,Tarjeta débito,ARS,2023,11
4563,2024-11-29,731,55,2,1036,5,261650,1308250,Mostrador,Tarjeta débito,ARS,2024,11
4564,2023-02-23,4,13,4,1133,1,384060,384060,Online,Transferencia,ARS,2023,2
4565,2023-09-11,1,7,2,1025,1,4833650,4833650,Mostrador,Tarjeta débito,ARS,2023,9
4566,2024-12-03,838,19,1,1181,2,78220,156440,Teléfono,Cheque,ARS,2024,12
4567,2023-10-09,31,40,4,1037,5,2929560,14647800,Online,Cheque,ARS,2023,10
4568,2023-08-31,321,4,4,1019,3,67470,202410,Campo,Tarjeta crédito,USD,2023,8
4569,2023-06-01,117,46,4,1035,2,6212670,12425340,Campo,Efectivo,USD,2023,6
4570,2024-11-23,965,14,1,1178,1,4638090,4638090,Campo,Tarjeta débito,USD,2024,11
4571,2024-01-01,275,35,1,1006,1,148390,148390,Online,Tarjeta crédito,USD,2024,1
4572,2024-07-11,709,1,4,1199,3,160380,481140,Campo,Cheque,USD,2024,7
4573,2023-09-20,374,55,2,1034,2,331180,662360,Mostrador,Tarjeta crédito,USD,2023,9
4574,2024-10-10,325,25,4,1056,1,392340,392340,Teléfono,Efectivo,ARS,2024,10
4575,2024-10-12,177,16,1,1256,3,2753490,8260470,Mostrador,Tarjeta crédito,ARS,2024,10
4576,2023-11-10,287,32,1,1211,3,6445280,19335840,Campo,Efectivo,USD,2023,11
4577,2023-12-07,236,4,4,1097,3,4085060,12255180,Campo,Tarjeta crédito,USD,2023,12
4578,2023-08-19,79,55,2,1282,1,2012510,2012510,Campo,Efectivo,USD,2023,8
4579,2024-12-25,243,21,1,1241,1,416480,416480,Teléfono,Transferencia,ARS,2024,12
4580,2024-06-09,823,30,1,1170,3,327650,982950,Online,Tarjeta crédito,ARS,2024,6
4581,2024-12-14,501,22,2,1048,1,265330,265330,Teléfono,Cheque,ARS,2024,12
4582,2023-11-08,205,43,1,1294,1,5511660,5511660,Campo,Efectivo,USD,2023,11
4583,2024-11-02,460,34,2,1227,1,282140,282140,Mostrador,Transferencia,ARS,2024,11
4584,2024-10-19,383,19,1,1068,1,6038530,6038530,Campo,Transferencia,USD,2024,10
4585,2024-07-29,723,57,4,1127,4,116170,464680,Teléfono,Tarjeta crédito,USD,2024,7
4586,2024-12-22,333,32,1,1280,2,85420,170840,Online,Tarjeta débito,ARS,2024,12
4587,2023-12-02,91,25,4,1021,3,417090,1251270,Teléfono,Cheque,ARS,2023,12
4588,2023-05-24,166,21,1,1116,3,1777030,5331090,Campo,Tarjeta débito,ARS,2023,5
4589,2024-07-07,161,41,3,1246,4,108240,432960,Online,Cheque,USD,2024,7
4590,2024-09-09,6,16,1,1090,1,4750970,4750970,Teléfono,Tarjeta débito,ARS,2024,9
4591,2024-03-23,653,38,4,1006,1,3100750,3100750,Teléfono,Efectivo,USD,2024,3
4592,2023-08-15,205,38,4,1266,1,391530,391530,Online,Tarjeta débito,ARS,2023,8
4593,2024-01-06,973,53,4,1097,5,2849770,14248850,Mostrador,Efectivo,ARS,2024,1
4594,2023-11-10,20,41,3,1150,3,165880,497640,Campo,Efectivo,USD,2023,11
4595,2023-12-12,100,22,2,1080,5,5219570,26097850,Campo,Cheque,ARS,2023,12
4596,2024-06-08,677,27,4,1017,4,284840,1139360,Teléfono,Tarjeta débito,USD,2024,6
4597,2024-09-26,45,1,4,1138,5,3665590,18327950,Mostrador,Tarjeta crédito,ARS,2024,9
4598,2023-09-12,337,9,4,1140,1,302700,302700,Online,Cheque,ARS,2023,9
4599,2023-12-06,227,16,1,1167,1,3558130,3558130,Mostrador,Tarjeta crédito,USD,2023,12
4600,2023-10-23,315,27,4,1040,4,2296590,9186360,Teléfono,Efectivo,ARS,2023,10
4601,2023-08-06,52,49,1,1168,1,399990,399990,Teléfono,Tarjeta crédito,ARS,2023,8
4602,2024-11-02,146,19,1,1074,4,38110,152440,Mostrador,Cheque,USD,2024,11
4603,2024-12-07,281,47,1,1074,1,265360,265360,Teléfono,Efectivo,ARS,2024,12
4604,2023-11-26,123,19,1,1050,1,387260,387260,Teléfono,Efectivo,USD,2023,11
4605,2024-10-03,719,53,4,1010,1,364930,364930,Teléfono,Transferencia,ARS,2024,10
4606,2024-12-03,471,4,4,1103,1,83140,83140,Campo,Tarjeta débito,USD,2024,12
4607,2024-11-19,897,40,4,1244,5,425240,2126200,Online,Efectivo,USD,2024,11
4608,2023-07-20,297,58,3,1299,2,5573300,11146600,Mostrador,Cheque,ARS,2023,7
4609,2024-12-20,614,8,2,1167,1,189590,189590,Mostrador,Tarjeta crédito,USD,2024,12
4610,2023-11-28,274,4,4,1104,4,334000,1336000,Teléfono,Tarjeta crédito,ARS,2023,11
4611,2023-11-18,129,32,1,1290,5,399990,1999950,Mostrador,Tarjeta crédito,USD,2023,11
4612,2023-03-10,167,53,4,1280,5,3454410,17272050,Online,Tarjeta crédito,ARS,2023,3
4613,2023-12-28,202,46,4,1142,1,1463970,1463970,Online,Efectivo,USD,2023,12
4614,2023-04-30,102,33,4,1297,1,1739920,1739920,Online,Tarjeta débito,ARS,2023,4
4615,2023-09-30,71,39,2,1170,4,1948990,7795960,Mostrador,Cheque,USD,2023,9
4616,2023-11-11,8,1,4,1013,1,2827290,2827290,Mostrador,Transferencia,USD,2023,11
4617,2024-11-09,674,30,1,1157,3,206800,620400,Mostrador,Cheque,USD,2024,11
4618,2024-11-27,73,35,1,1174,2,3617500,7235000,Online,Transferencia,USD,2024,11
4619,2023-11-07,345,40,4,1162,1,5286090,5286090,Mostrador,Cheque,USD,2023,11
4620,2024-11-23,27,45,2,1132,1,4291050,4291050,Online,Tarjeta crédito,ARS,2024,11
4621,2024-11-22,169,53,4,1028,2,313970,627940,Campo,Efectivo,ARS,2024,11
4622,2024-10-17,775,30,1,1083,4,416320,1665280,Mostrador,Tarjeta crédito,ARS,2024,10
4623,2023-06-10,288,15,1,1269,1,313490,313490,Mostrador,Transferencia,ARS,2023,6
4624,2024-07-28,585,13,4,1251,3,2946600,8839800,Teléfono,Efectivo,ARS,2024,7
4625,2024-12-16,209,55,2,1106,1,280230,280230,Campo,Transferencia,USD,2024,12
4626,2024-07-19,611,28,2,1261,1,290780,290780,Teléfono,Efectivo,USD,2024,7
4627,2023-11-15,368,52,1,1014,4,357040,1428160,Mostrador,Efectivo,USD,2023,11
4628,2024-01-02,912,35,1,1080,1,4089840,4089840,Teléfono,Transferencia,ARS,2024,1
4629,2024-06-09,898,42,3,1160,1,156030,156030,Teléfono,Tarjeta débito,ARS,2024,6
4630,2024-01-13,939,52,1,1178,5,120250,601250,Teléfono,Transferencia,ARS,2024,1
4631,2023-05-12,31,38,4,1155,3,84510,253530,Mostrador,Tarjeta crédito,ARS,2023,5
4632,2023-11-10,336,25,4,1035,1,327660,327660,Teléfono,Cheque,ARS,2023,11
4633,2024-11-07,943,51,1,1259,1,3917760,3917760,Mostrador,Tarjeta crédito,USD,2024,11
4634,2024-11-23,545,40,4,1260,3,2260380,6781140,Campo,Cheque,USD,2024,11
4635,2023-05-31,213,37,3,1135,1,6336860,6336860,Campo,Tarjeta débito,ARS,2023,5
4636,2024-12-18,657,51,1,1131,4,2129970,8519880,Mostrador,Tarjeta débito,USD,2024,12
4637,2023-11-15,99,52,1,1081,3,424900,1274700,Campo,Tarjeta débito,ARS,2023,11
4638,2024-06-27,822,32,1,1059,4,1726630,6906520,Mostrador,Efectivo,USD,2024,6
4639,2024-10-03,310,1,4,1074,2,3854370,7708740,Campo,Tarjeta crédito,ARS,2024,10
4640,2024-11-10,947,50,3,1239,1,225410,225410,Mostrador,Tarjeta crédito,ARS,2024,11
4641,2024-12-17,180,39,2,1129,1,365680,365680,Teléfono,Cheque,USD,2024,12
4642,2023-11-10,135,36,4,1068,1,2160580,2160580,Online,Tarjeta débito,USD,2023,11
4643,2024-11-23,438,46,4,1138,3,1878090,5634270,Teléfono,Tarjeta crédito,USD,2024,11
4644,2023-05-25,395,12,3,1103,1,291720,291720,Teléfono,Tarjeta débito,ARS,2023,5
4645,2024-08-13,702,9,4,1009,1,69430,69430,Teléfono,Cheque,USD,2024,8
4646,2024-09-22,542,16,1,1232,3,2962820,8888460,Teléfono,Tarjeta crédito,USD,2024,9
4647,2024-07-14,594,33,4,1099,4,183470,733880,Teléfono,Cheque,USD,2024,7
4648,2023-10-04,57,24,3,1218,4,77940,311760,Teléfono,Efectivo,ARS,2023,10
4649,2024-11-27,174,40,4,1237,1,2986850,2986850,Mostrador,Tarjeta crédito,ARS,2024,11
4650,2023-07-05,208,28,2,1222,4,3697940,14791760,Campo,Transferencia,ARS,2023,7
4651,2023-02-28,326,21,1,1168,3,405380,1216140,Teléfono,Tarjeta crédito,USD,2023,2
4652,2024-08-27,322,7,2,1062,3,1865830,5597490,Campo,Transferencia,USD,2024,8
4653,2023-12-25,183,14,1,1228,1,43340,43340,Campo,Tarjeta débito,ARS,2023,12
4654,2024-11-20,235,27,4,1010,1,5240750,5240750,Online,Efectivo,USD,2024,11
4655,2023-11-30,107,56,2,1234,1,83310,83310,Teléfono,Efectivo,USD,2023,11
4656,2023-07-04,186,1,4,1087,1,392350,392350,Teléfono,Efectivo,ARS,2023,7
4657,2024-11-17,266,40,4,1267,1,171900,171900,Teléfono,Transferencia,USD,2024,11
4658,2024-02-24,644,13,4,1204,4,5830020,23320080,Campo,Efectivo,ARS,2024,2
4659,2023-07-27,330,19,1,1228,1,179820,179820,Teléfono,Transferencia,USD,2023,7
4660,2024-08-30,329,57,4,1103,1,2238120,2238120,Teléfono,Cheque,ARS,2024,8
4661,2024-01-13,830,46,4,1241,1,264450,264450,Campo,Cheque,USD,2024,1
4662,2024-04-24,365,53,4,1056,1,41170,41170,Teléfono,Tarjeta débito,ARS,2024,4
4663,2023-12-21,171,2,1,1110,1,78220,78220,Online,Cheque,ARS,2023,12
4664,2024-11-15,810,39,2,1049,3,293690,881070,Online,Tarjeta débito,ARS,2024,11
4665,2024-11-15,24,30,1,1243,1,130030,130030,Online,Tarjeta crédito,USD,2024,11
4666,2024-08-18,261,48,2,1016,1,161670,161670,Online,Tarjeta crédito,ARS,2024,8
4667,2023-04-26,355,14,1,1073,3,2686700,8060100,Mostrador,Cheque,ARS,2023,4
4668,2024-11-17,196,26,2,1202,1,323750,323750,Teléfono,Cheque,ARS,2024,11
4669,2024-07-07,611,3,3,1093,1,6566210,6566210,Online,Transferencia,USD,2024,7
4670,2024-08-04,490,47,1,1137,1,260250,260250,Mostrador,Tarjeta crédito,ARS,2024,8
4671,2023-11-24,376,26,2,1033,1,3595800,3595800,Mostrador,Transferencia,USD,2023,11
4672,2024-11-28,333,57,4,1088,1,2781780,2781780,Mostrador,Transferencia,USD,2024,11
4673,2024-09-04,613,16,1,1203,1,203960,203960,Campo,Efectivo,ARS,2024,9
4674,2023-05-04,352,27,4,1039,3,2748610,8245830,Campo,Efectivo,USD,2023,5
4675,2023-12-06,120,16,1,1114,1,4417920,4417920,Teléfono,Transferencia,ARS,2023,12
4676,2024-11-30,321,21,1,1103,4,4992080,19968320,Mostrador,Efectivo,ARS,2024,11
4677,2023-02-21,377,20,1,1247,1,5289960,5289960,Teléfono,Tarjeta crédito,ARS,2023,2
4678,2024-12-21,203,1,4,1298,1,3668050,3668050,Online,Tarjeta crédito,USD,2024,12
4679,2024-07-16,90,43,1,1208,1,2975590,2975590,Mostrador,Tarjeta crédito,ARS,2024,7
4680,2024-05-24,707,4,4,1110,4,2382730,9530920,Campo,Efectivo,USD,2024,5
4681,2023-10-24,177,39,2,1297,1,265180,265180,Campo,Transferencia,USD,2023,10
4682,2023-09-30,115,14,1,1211,1,5865940,5865940,Campo,Transferencia,USD,2023,9
4683,2024-12-16,845,4,4,1059,1,87120,87120,Teléfono,Tarjeta crédito,USD,2024,12
4684,2023-11-06,32,35,1,1156,1,296070,296070,Online,Efectivo,ARS,2023,11
4685,2024-10-29,880,46,4,1122,3,150180,450540,Online,Efectivo,USD,2024,10
4686,2023-12-02,215,49,1,1120,1,46450,46450,Online,Cheque,ARS,2023,12
4687,2023-06-02,308,30,1,1297,1,268420,268420,Online,Tarjeta crédito,ARS,2023,6
4688,2023-01-12,279,46,4,1230,5,4009960,20049800,Campo,Tarjeta débito,USD,2023,1
4689,2024-02-19,243,38,4,1062,2,2362580,4725160,Online,Transferencia,USD,2024,2
4690,2024-12-25,798,47,1,1158,1,284840,284840,Mostrador,Efectivo,ARS,2024,12
4691,2023-11-26,70,33,4,1040,2,5559670,11119340,Online,Efectivo,USD,2023,11
4692,2023-11-22,71,21,1,1242,1,6465950,6465950,Online,Transferencia,USD,2023,11
4693,2023-11-19,111,6,4,1040,1,1762690,1762690,Campo,Tarjeta débito,ARS,2023,11
4694,2024-01-24,158,29,3,1190,2,4900980,9801960,Online,Cheque,USD,2024,1
4695,2023-12-15,37,21,1,1234,4,95510,382040,Online,Tarjeta débito,ARS,2023,12
4696,2024-11-29,816,43,1,1015,1,246080,246080,Online,Efectivo,USD,2024,11
4697,2024-01-07,928,5,1,1124,1,165880,165880,Mostrador,Efectivo,USD,2024,1
4698,2024-01-10,326,20,1,1228,1,2920440,2920440,Campo,Tarjeta crédito,USD,2024,1
4699,2023-06-01,35,21,1,1280,4,336250,1345000,Online,Tarjeta débito,ARS,2023,6
4700,2024-12-27,480,23,3,1048,3,3751130,11253390,Online,Tarjeta débito,USD,2024,12
4701,2023-10-02,324,36,4,1189,5,3100750,15503750,Online,Tarjeta débito,USD,2023,10
4702,2023-03-22,59,47,1,1287,1,445150,445150,Teléfono,Tarjeta débito,ARS,2023,3
4703,2024-06-28,886,39,2,1047,1,201300,201300,Online,Cheque,USD,2024,6
4704,2024-04-15,419,23,3,1184,1,3086010,3086010,Teléfono,Transferencia,ARS,2024,4
4705,2023-12-08,368,1,4,1105,1,3206430,3206430,Mostrador,Efectivo,ARS,2023,12
4706,2023-12-10,400,8,2,1247,1,444300,444300,Mostrador,Efectivo,USD,2023,12
4707,2024-11-03,887,28,2,1264,3,3155580,9466740,Campo,Efectivo,ARS,2024,11
4708,2023-08-03,371,59,2,1206,5,5134290,25671450,Campo,Cheque,ARS,2023,8
4709,2024-11-12,207,47,1,1018,5,115260,576300,Online,Cheque,USD,2024,11
4710,2024-06-12,361,35,1,1251,2,3950500,7901000,Teléfono,Efectivo,ARS,2024,6
4711,2023-12-09,66,49,1,1238,3,25940,77820,Teléfono,Tarjeta crédito,ARS,2023,12
4712,2023-12-20,262,2,1,1127,1,223530,223530,Campo,Cheque,ARS,2023,12
4713,2023-10-09,270,56,2,1066,1,25810,25810,Mostrador,Cheque,ARS,2023,10
4714,2024-10-04,233,32,1,1218,1,262980,262980,Mostrador,Tarjeta crédito,ARS,2024,10
4715,2024-01-15,669,39,2,1066,1,4206980,4206980,Online,Efectivo,ARS,2024,1
4716,2023-11-12,106,16,1,1285,3,5573300,16719900,Campo,Tarjeta débito,ARS,2023,11
4717,2024-04-15,666,53,4,1150,1,5621470,5621470,Online,Transferencia,ARS,2024,4
4718,2024-12-30,18,13,4,1193,5,4446520,22232600,Online,Cheque,ARS,2024,12
4719,2023-12-14,260,21,1,1147,3,80360,241080,Teléfono,Tarjeta crédito,ARS,2023,12
4720,2024-12-10,485,30,1,1183,1,2440210,2440210,Online,Tarjeta crédito,ARS,2024,12
4721,2023-11-19,313,3,3,1106,1,181960,181960,Online,Transferencia,ARS,2023,11
4722,2023-03-02,119,32,1,1236,1,159880,159880,Campo,Cheque,USD,2023,3
4723,2023-08-13,309,15,1,1126,2,52290,104580,Teléfono,Tarjeta débito,USD,2023,8
4724,2023-12-09,102,51,1,1179,1,368470,368470,Online,Cheque,USD,2023,12
4725,2023-08-29,25,40,4,1013,2,2914450,5828900,Online,Efectivo,ARS,2023,8
4726,2023-01-01,180,4,4,1231,1,181940,181940,Mostrador,Tarjeta crédito,ARS,2023,1
4727,2024-12-08,510,3,3,1028,1,3200680,3200680,Mostrador,Cheque,USD,2024,12
4728,2024-11-19,477,22,2,1197,1,445750,445750,Mostrador,Tarjeta débito,ARS,2024,11
4729,2024-09-23,674,38,4,1261,1,299770,299770,Mostrador,Efectivo,ARS,2024,9
4730,2023-07-04,400,33,4,1100,3,159660,478980,Mostrador,Tarjeta débito,ARS,2023,7
4731,2023-05-13,350,4,4,1188,4,242200,968800,Teléfono,Cheque,USD,2023,5
4732,2023-03-16,215,5,1,1181,1,169460,169460,Teléfono,Transferencia,USD,2023,3
4733,2024-09-03,383,5,1,1300,1,144020,144020,Teléfono,Tarjeta crédito,USD,2024,9
4734,2024-12-12,124,53,4,1119,4,351970,1407880,Online,Transferencia,USD,2024,12
4735,2023-12-13,292,28,2,1046,1,198050,198050,Mostrador,Cheque,ARS,2023,12
4736,2023-05-11,156,49,1,1068,1,296400,296400,Campo,Tarjeta crédito,USD,2023,5
4737,2024-01-15,705,30,1,1032,1,358570,358570,Teléfono,Tarjeta crédito,USD,2024,1
4738,2023-11-20,328,27,4,1171,2,20400,40800,Teléfono,Tarjeta débito,USD,2023,11
4739,2023-11-27,53,53,4,1196,4,334520,1338080,Mostrador,Tarjeta crédito,USD,2023,11
4740,2024-05-13,682,20,1,1103,5,38450,192250,Mostrador,Tarjeta crédito,ARS,2024,5
4741,2024-08-28,847,4,4,1020,1,2283570,2283570,Online,Efectivo,ARS,2024,8
4742,2023-05-02,98,10,3,1111,1,5322080,5322080,Mostrador,Tarjeta débito,USD,2023,5
4743,2023-02-09,147,13,4,1146,4,2047260,8189040,Online,Tarjeta débito,USD,2023,2
4744,2024-12-30,300,43,1,1192,5,46910,234550,Mostrador,Efectivo,ARS,2024,12
4745,2023-09-13,30,49,1,1229,3,5016480,15049440,Campo,Tarjeta débito,ARS,2023,9
4746,2023-03-01,74,20,1,1012,5,131270,656350,Teléfono,Tarjeta crédito,ARS,2023,3
4747,2023-07-28,172,39,2,1217,1,1772580,1772580,Online,Cheque,ARS,2023,7
4748,2023-02-12,373,48,2,1079,4,2506220,10024880,Online,Cheque,USD,2023,2
4749,2023-12-02,84,14,1,1036,1,26970,26970,Teléfono,Cheque,ARS,2023,12
4750,2024-11-07,985,57,4,1264,4,5447010,21788040,Teléfono,Transferencia,USD,2024,11
4751,2023-11-18,73,2,1,1028,1,305330,305330,Mostrador,Transferencia,ARS,2023,11
4752,2023-12-16,232,30,1,1086,1,313370,313370,Teléfono,Transferencia,USD,2023,12
4753,2024-07-12,290,7,2,1188,4,2458460,9833840,Mostrador,Cheque,USD,2024,7
4754,2024-01-11,639,45,2,1032,1,161670,161670,Mostrador,Transferencia,USD,2024,1
4755,2024-11-24,85,49,1,1254,1,220240,220240,Campo,Tarjeta crédito,USD,2024,11
4756,2024-11-25,254,57,4,1080,1,3729510,3729510,Campo,Tarjeta crédito,USD,2024,11
4757,2023-01-11,152,28,2,1186,5,4058380,20291900,Campo,Tarjeta crédito,USD,2023,1
4758,2024-11-01,824,24,3,1005,2,3227880,6455760,Mostrador,Efectivo,USD,2024,11
4759,2023-12-21,7,27,4,1046,1,5863250,5863250,Online,Cheque,USD,2023,12
4760,2024-12-28,452,30,1,1102,1,282380,282380,Online,Transferencia,USD,2024,12
4761,2023-12-27,307,10,3,1002,3,71900,215700,Teléfono,Efectivo,USD,2023,12
4762,2024-12-28,648,36,4,1217,4,5166500,20666000,Teléfono,Efectivo,USD,2024,12
4763,2024-10-06,184,52,1,1025,1,174210,174210,Online,Transferencia,USD,2024,10
4764,2023-09-30,314,32,1,1257,1,241100,241100,Teléfono,Efectivo,USD,2023,9
4765,2024-02-12,341,13,4,1223,3,128760,386280,Teléfono,Tarjeta débito,USD,2024,2
4766,2024-12-29,227,52,1,1119,1,4658770,4658770,Mostrador,Tarjeta débito,ARS,2024,12
4767,2024-11-22,837,28,2,1069,1,4035630,4035630,Mostrador,Transferencia,ARS,2024,11
4768,2023-04-17,244,1,4,1197,1,3333900,3333900,Campo,Efectivo,ARS,2023,4
4769,2024-08-14,264,19,1,1272,1,46230,46230,Campo,Tarjeta crédito,USD,2024,8
4770,2023-11-19,251,32,1,1182,1,1741120,1741120,Campo,Tarjeta débito,ARS,2023,11
4771,2023-01-08,170,38,4,1018,1,74620,74620,Mostrador,Tarjeta débito,USD,2023,1
4772,2023-12-05,54,38,4,1107,1,141860,141860,Campo,Tarjeta débito,ARS,2023,12
4773,2023-09-15,400,54,2,1017,1,4889810,4889810,Teléfono,Efectivo,USD,2023,9
4774,2024-11-12,132,22,2,1125,4,198050,792200,Online,Efectivo,ARS,2024,11
4775,2023-11-17,315,53,4,1082,1,2623850,2623850,Mostrador,Efectivo,ARS,2023,11
4776,2024-11-14,606,38,4,1004,3,357290,1071870,Mostrador,Tarjeta débito,ARS,2024,11
4777,2023-01-01,46,14,1,1115,1,27040,27040,Campo,Cheque,USD,2023,1
4778,2023-11-09,350,14,1,1137,1,301670,301670,Mostrador,Cheque,USD,2023,11
4779,2023-09-22,99,59,2,1287,1,169130,169130,Mostrador,Efectivo,USD,2023,9
4780,2023-09-14,234,9,4,1228,1,4955600,4955600,Mostrador,Transferencia,USD,2023,9
4781,2023-03-16,269,36,4,1016,1,4551940,4551940,Teléfono,Tarjeta crédito,ARS,2023,3
4782,2023-07-25,37,53,4,1298,1,90700,90700,Online,Transferencia,ARS,2023,7
4783,2024-03-02,438,33,4,1212,2,289350,578700,Mostrador,Tarjeta crédito,ARS,2024,3
4784,2023-11-04,75,41,3,1246,1,3725200,3725200,Online,Efectivo,ARS,2023,11
4785,2023-12-09,58,34,2,1286,5,145330,726650,Campo,Tarjeta crédito,USD,2023,12
4786,2023-11-28,19,33,4,1282,4,358240,1432960,Teléfono,Tarjeta débito,USD,2023,11
4787,2024-11-27,402,33,4,1177,5,227260,1136300,Campo,Efectivo,ARS,2024,11
4788,2024-12-06,188,7,2,1031,1,282140,282140,Mostrador,Tarjeta crédito,ARS,2024,12
4789,2023-12-30,139,30,1,1050,1,288620,288620,Teléfono,Cheque,USD,2023,12
4790,2023-11-15,143,1,4,1143,1,356280,356280,Teléfono,Transferencia,ARS,2023,11
4791,2023-04-28,108,55,2,1052,4,200270,801080,Online,Tarjeta crédito,USD,2023,4
4792,2024-12-19,221,5,1,1233,1,333460,333460,Online,Tarjeta débito,USD,2024,12
4793,2023-03-08,145,29,3,1166,1,29390,29390,Online,Cheque,ARS,2023,3
4794,2023-11-06,346,27,4,1038,1,358510,358510,Teléfono,Tarjeta crédito,USD,2023,11
4795,2023-11-06,376,32,1,1020,1,234990,234990,Mostrador,Efectivo,ARS,2023,11
4796,2023-11-12,5,1,4,1099,1,4975200,4975200,Online,Cheque,USD,2023,11
4797,2023-06-30,388,14,1,1215,5,4744420,23722100,Teléfono,Cheque,USD,2023,6
4798,2024-11-02,568,49,1,1044,3,242600,727800,Mostrador,Tarjeta débito,USD,2024,11
4799,2023-05-15,255,2,1,1111,1,126190,126190,Teléfono,Transferencia,USD,2023,5
4800,2024-05-28,984,13,4,1089,5,253040,1265200,Mostrador,Tarjeta débito,USD,2024,5
4801,2023-05-16,222,9,4,1155,2,157350,314700,Online,Tarjeta débito,USD,2023,5
4802,2023-03-19,360,33,4,1118,1,3597380,3597380,Online,Cheque,ARS,2023,3
4803,2024-12-07,560,36,4,1239,5,4943150,24715750,Campo,Tarjeta crédito,USD,2024,12
4804,2023-07-28,304,51,1,1072,1,258120,258120,Campo,Tarjeta débito,USD,2023,7
4805,2024-11-12,163,43,1,1178,1,3200560,3200560,Campo,Tarjeta crédito,ARS,2024,11
4806,2024-02-19,748,12,3,1287,1,416790,416790,Campo,Cheque,USD,2024,2
4807,2023-03-27,248,52,1,1163,1,82760,82760,Campo,Tarjeta crédito,ARS,2023,3
4808,2024-12-19,365,6,4,1251,4,146900,587600,Online,Transferencia,USD,2024,12
4809,2023-09-28,100,57,4,1195,1,166110,166110,Teléfono,Tarjeta débito,USD,2023,9
4810,2024-11-23,21,9,4,1060,4,420210,1680840,Campo,Tarjeta débito,ARS,2024,11
4811,2023-07-05,102,14,1,1098,1,196860,196860,Mostrador,Tarjeta débito,ARS,2023,7
4812,2024-11-21,517,34,2,1073,1,130280,130280,Campo,Tarjeta crédito,USD,2024,11
4813,2023-01-15,197,7,2,1222,5,5782300,28911500,Campo,Tarjeta crédito,USD,2023,1
4814,2024-01-14,661,5,1,1119,4,4298950,17195800,Mostrador,Transferencia,USD,2024,1
4815,2024-10-23,345,24,3,1182,3,158110,474330,Online,Transferencia,ARS,2024,10
4816,2024-12-14,330,14,1,1218,5,5955810,29779050,Teléfono,Tarjeta débito,ARS,2024,12
4817,2024-12-07,378,26,2,1256,1,2773330,2773330,Online,Efectivo,USD,2024,12
4818,2024-11-12,211,43,1,1088,1,173520,173520,Teléfono,Tarjeta débito,USD,2024,11
4819,2024-12-01,160,2,1,1275,5,352640,1763200,Online,Cheque,USD,2024,12
4820,2023-08-07,146,22,2,1285,1,286730,286730,Teléfono,Cheque,USD,2023,8
4821,2023-11-02,58,2,1,1026,2,263010,526020,Campo,Efectivo,USD,2023,11
4822,2023-11-04,354,35,1,1121,2,366010,732020,Online,Tarjeta crédito,USD,2023,11
4823,2023-11-28,240,32,1,1289,2,295800,591600,Campo,Tarjeta débito,USD,2023,11
4824,2023-12-02,79,52,1,1030,3,424170,1272510,Teléfono,Transferencia,ARS,2023,12
4825,2024-02-19,152,16,1,1202,1,2716330,2716330,Campo,Tarjeta débito,ARS,2024,2
4826,2023-06-25,5,2,1,1036,2,2201290,4402580,Campo,Tarjeta crédito,ARS,2023,6
4827,2024-07-29,383,56,2,1125,1,286730,286730,Teléfono,Cheque,ARS,2024,7
4828,2023-07-03,181,36,4,1223,1,181130,181130,Mostrador,Transferencia,USD,2023,7
4829,2023-11-10,352,24,3,1235,1,5540450,5540450,Teléfono,Cheque,USD,2023,11
4830,2024-01-05,201,36,4,1124,1,3876090,3876090,Teléfono,Cheque,USD,2024,1
4831,2024-11-06,951,54,2,1171,2,152280,304560,Mostrador,Cheque,ARS,2024,11
4832,2024-09-20,133,45,2,1181,3,3628370,10885110,Campo,Tarjeta crédito,USD,2024,9
4833,2024-06-09,965,6,4,1215,2,1928200,3856400,Campo,Tarjeta débito,ARS,2024,6
4834,2023-06-20,122,20,1,1118,4,135340,541360,Online,Cheque,USD,2023,6
4835,2024-02-22,169,27,4,1227,2,258800,517600,Teléfono,Tarjeta débito,USD,2024,2
4836,2023-04-06,354,49,1,1037,1,260850,260850,Online,Tarjeta crédito,USD,2023,4
4837,2023-11-28,391,20,1,1255,2,1545240,3090480,Teléfono,Tarjeta crédito,USD,2023,11
4838,2023-12-08,346,46,4,1096,4,3270750,13083000,Online,Efectivo,ARS,2023,12
4839,2023-02-13,385,21,1,1120,1,91910,91910,Mostrador,Transferencia,ARS,2023,2
4840,2023-10-28,308,15,1,1012,1,46230,46230,Online,Tarjeta crédito,USD,2023,10
4841,2024-12-19,98,35,1,1122,1,3002160,3002160,Campo,Tarjeta crédito,ARS,2024,12
4842,2024-12-19,794,19,1,1035,3,159550,478650,Mostrador,Tarjeta débito,ARS,2024,12
4843,2023-11-21,377,5,1,1251,1,280140,280140,Teléfono,Tarjeta crédito,USD,2023,11
4844,2023-02-17,268,29,3,1067,5,116190,580950,Online,Efectivo,USD,2023,2
4845,2023-07-16,326,13,4,1038,4,434940,1739760,Mostrador,Tarjeta crédito,USD,2023,7
4846,2023-12-02,340,9,4,1280,1,4731070,4731070,Campo,Efectivo,ARS,2023,12
4847,2024-12-17,531,5,1,1230,3,354110,1062330,Campo,Tarjeta débito,USD,2024,12
4848,2023-06-04,132,27,4,1181,2,212750,425500,Mostrador,Cheque,USD,2023,6
4849,2024-10-16,608,10,3,1168,1,356720,356720,Mostrador,Tarjeta crédito,USD,2024,10
4850,2023-04-30,210,30,1,1104,1,347480,347480,Teléfono,Cheque,ARS,2023,4
4851,2024-12-26,5,4,4,1246,4,262860,1051440,Online,Efectivo,ARS,2024,12
4852,2023-11-29,377,38,4,1079,1,137540,137540,Teléfono,Transferencia,USD,2023,11
4853,2024-10-29,640,6,4,1114,1,140670,140670,Teléfono,Efectivo,USD,2024,10
4854,2023-11-18,54,14,1,1085,1,378200,378200,Mostrador,Transferencia,ARS,2023,11
4855,2024-05-20,498,8,2,1217,1,4083120,4083120,Teléfono,Tarjeta débito,USD,2024,5
4856,2023-07-30,198,38,4,1200,1,75470,75470,Online,Transferencia,ARS,2023,7
4857,2023-06-10,206,22,2,1242,1,181490,181490,Online,Efectivo,USD,2023,6
4858,2024-12-15,180,36,4,1013,2,202210,404420,Teléfono,Transferencia,USD,2024,12
4859,2024-12-09,241,37,3,1207,4,339550,1358200,Campo,Transferencia,ARS,2024,12
4860,2024-12-01,786,40,4,1262,4,81450,325800,Mostrador,Tarjeta crédito,USD,2024,12
4861,2024-05-18,320,35,1,1097,1,252380,252380,Mostrador,Transferencia,USD,2024,5
4862,2024-11-09,501,11,3,1071,3,220740,662220,Mostrador,Cheque,USD,2024,11
4863,2023-03-17,138,16,1,1212,5,35040,175200,Online,Tarjeta débito,USD,2023,3
4864,2023-11-16,23,46,4,1128,5,241230,1206150,Online,Tarjeta crédito,ARS,2023,11
4865,2023-11-11,120,27,4,1230,3,1660050,4980150,Online,Tarjeta débito,ARS,2023,11
4866,2024-05-29,627,2,1,1300,1,5756200,5756200,Teléfono,Tarjeta débito,USD,2024,5
4867,2023-11-22,82,57,4,1032,1,2143710,2143710,Mostrador,Tarjeta débito,USD,2023,11
4868,2023-06-12,196,2,1,1250,1,2641300,2641300,Online,Cheque,USD,2023,6
4869,2024-04-16,180,51,1,1254,1,152940,152940,Online,Tarjeta débito,ARS,2024,4
4870,2024-11-11,864,32,1,1259,2,291720,583440,Mostrador,Efectivo,USD,2024,11
4871,2023-11-29,175,47,1,1182,1,54290,54290,Mostrador,Tarjeta crédito,USD,2023,11
4872,2023-05-26,198,5,1,1127,1,5077890,5077890,Teléfono,Cheque,USD,2023,5
4873,2023-08-04,26,2,1,1166,1,2765870,2765870,Mostrador,Tarjeta crédito,ARS,2023,8
4874,2023-09-18,99,1,4,1004,5,113520,567600,Mostrador,Tarjeta débito,USD,2023,9
4875,2023-11-07,233,57,4,1145,4,2156500,8626000,Campo,Tarjeta crédito,ARS,2023,11
4876,2024-06-06,427,31,3,1165,2,3248300,6496600,Campo,Transferencia,ARS,2024,6
4877,2024-04-21,453,15,1,1204,1,2842030,2842030,Mostrador,Tarjeta crédito,USD,2024,4
4878,2024-08-03,191,38,4,1105,2,85760,171520,Online,Transferencia,ARS,2024,8
4879,2023-11-24,66,46,4,1036,1,288780,288780,Mostrador,Tarjeta crédito,ARS,2023,11
4880,2024-11-13,758,52,1,1084,4,356610,1426440,Mostrador,Tarjeta débito,USD,2024,11
4881,2023-08-12,104,46,4,1169,1,77420,77420,Online,Efectivo,USD,2023,8
4882,2023-12-23,191,14,1,1008,1,2029400,2029400,Online,Efectivo,ARS,2023,12
4883,2024-11-07,141,3,3,1086,2,176170,352340,Mostrador,Transferencia,ARS,2024,11
4884,2023-07-17,179,22,2,1097,4,4955600,19822400,Mostrador,Tarjeta débito,ARS,2023,7
4885,2023-05-01,261,2,1,1068,1,3921540,3921540,Campo,Tarjeta crédito,ARS,2023,5
4886,2024-11-30,175,6,4,1030,3,301000,903000,Teléfono,Cheque,USD,2024,11
4887,2023-11-19,164,15,1,1101,1,189370,189370,Mostrador,Efectivo,ARS,2023,11
4888,2024-07-21,434,35,1,1067,5,2281170,11405850,Mostrador,Tarjeta crédito,USD,2024,7
4889,2023-01-28,19,53,4,1128,1,288780,288780,Mostrador,Tarjeta débito,ARS,2023,1
4890,2024-07-27,532,40,4,1063,5,294100,1470500,Online,Tarjeta débito,USD,2024,7
4891,2023-11-11,287,57,4,1032,1,3992950,3992950,Campo,Transferencia,USD,2023,11
4892,2023-03-03,361,45,2,1087,1,4646020,4646020,Campo,Cheque,USD,2023,3
4893,2024-04-30,751,14,1,1211,5,323700,1618500,Online,Transferencia,ARS,2024,4
4894,2023-09-22,44,6,4,1051,5,1784490,8922450,Mostrador,Tarjeta débito,USD,2023,9
4895,2023-12-01,196,47,1,1063,4,212520,850080,Mostrador,Tarjeta débito,ARS,2023,12
4896,2023-03-30,195,30,1,1080,1,367620,367620,Online,Transferencia,USD,2023,3
4897,2023-06-11,357,55,2,1298,4,194130,776520,Campo,Cheque,USD,2023,6
4898,2023-11-06,345,30,1,1232,1,5103260,5103260,Mostrador,Efectivo,USD,2023,11
4899,2023-04-09,49,19,1,1101,1,230110,230110,Campo,Tarjeta crédito,ARS,2023,4
4900,2024-12-07,997,32,1,1129,3,355310,1065930,Online,Tarjeta débito,USD,2024,12
4901,2023-01-07,59,15,1,1019,2,134290,268580,Campo,Tarjeta crédito,ARS,2023,1
4902,2023-12-27,132,32,1,1094,1,236860,236860,Teléfono,Efectivo,USD,2023,12
4903,2023-05-16,373,16,1,1081,3,331710,995130,Online,Tarjeta débito,ARS,2023,5
4904,2023-11-09,167,47,1,1103,3,1990980,5972940,Teléfono,Tarjeta débito,ARS,2023,11
4905,2024-12-11,647,36,4,1154,3,4292750,12878250,Campo,Efectivo,USD,2024,12
4906,2023-06-27,89,1,4,1269,1,2124230,2124230,Mostrador,Transferencia,USD,2023,6
4907,2024-12-22,783,39,2,1118,3,84960,254880,Mostrador,Tarjeta crédito,USD,2024,12
4908,2023-08-14,263,55,2,1109,5,346950,1734750,Teléfono,Tarjeta crédito,USD,2023,8
4909,2024-09-22,431,20,1,1279,1,232840,232840,Teléfono,Transferencia,USD,2024,9
4910,2024-02-21,628,32,1,1225,5,286080,1430400,Campo,Tarjeta crédito,ARS,2024,2
4911,2024-11-30,196,2,1,1268,1,3978610,3978610,Teléfono,Tarjeta débito,USD,2024,11
4912,2024-02-29,354,7,2,1137,4,1865830,7463320,Online,Tarjeta débito,USD,2024,2
4913,2024-02-08,886,57,4,1226,3,396210,1188630,Mostrador,Cheque,ARS,2024,2
4914,2023-08-03,108,29,3,1039,1,324190,324190,Online,Tarjeta crédito,USD,2023,8
4915,2023-07-02,362,20,1,1229,1,1544190,1544190,Mostrador,Tarjeta crédito,ARS,2023,7
4916,2024-12-09,915,15,1,1197,1,5471920,5471920,Campo,Efectivo,USD,2024,12
4917,2023-11-14,47,36,4,1108,1,3342810,3342810,Mostrador,Transferencia,ARS,2023,11
4918,2023-11-27,241,43,1,1300,5,4558020,22790100,Online,Tarjeta crédito,USD,2023,11
4919,2024-10-12,309,13,4,1007,3,300520,901560,Mostrador,Efectivo,USD,2024,10
4920,2023-11-17,230,22,2,1128,1,371380,371380,Mostrador,Efectivo,USD,2023,11
4921,2024-12-18,411,4,4,1267,1,138090,138090,Campo,Transferencia,ARS,2024,12
4922,2024-09-18,901,36,4,1173,1,152300,152300,Teléfono,Cheque,ARS,2024,9
4923,2024-04-17,757,9,4,1214,4,28550,114200,Online,Cheque,ARS,2024,4
4924,2024-11-29,316,39,2,1247,3,2660270,7980810,Teléfono,Tarjeta débito,USD,2024,11
4925,2023-02-24,250,7,2,1106,1,326430,326430,Online,Tarjeta débito,ARS,2023,2
4926,2023-10-09,77,52,1,1083,1,375950,375950,Mostrador,Transferencia,ARS,2023,10
4927,2023-12-22,62,36,4,1292,4,384100,1536400,Teléfono,Cheque,ARS,2023,12
4928,2023-09-06,59,56,2,1203,1,320400,320400,Mostrador,Transferencia,USD,2023,9
4929,2024-09-25,238,30,1,1041,1,182110,182110,Online,Transferencia,USD,2024,9
4930,2024-12-09,701,32,1,1205,3,407560,1222680,Online,Efectivo,USD,2024,12
4931,2023-12-11,56,19,1,1007,3,137590,412770,Mostrador,Tarjeta débito,USD,2023,12
4932,2023-11-18,78,34,2,1049,3,3454340,10363020,Online,Transferencia,ARS,2023,11
4933,2024-12-21,734,44,3,1143,1,426910,426910,Mostrador,Cheque,USD,2024,12
4934,2023-12-17,47,51,1,1141,1,283870,283870,Campo,Tarjeta débito,ARS,2023,12
4935,2023-12-29,138,19,1,1053,5,305300,1526500,Campo,Transferencia,USD,2023,12
4936,2023-11-21,24,13,4,1107,2,234990,469980,Campo,Efectivo,ARS,2023,11
4937,2024-12-07,29,40,4,1033,3,4495770,13487310,Campo,Tarjeta débito,ARS,2024,12
4938,2024-03-17,491,1,4,1200,1,6068050,6068050,Mostrador,Tarjeta débito,ARS,2024,3
4939,2024-10-15,135,15,1,1119,1,120870,120870,Teléfono,Transferencia,ARS,2024,10
4940,2024-11-10,351,38,4,1288,1,337740,337740,Mostrador,Cheque,ARS,2024,11
4941,2023-11-18,350,7,2,1229,4,5472290,21889160,Mostrador,Transferencia,USD,2023,11
4942,2023-12-13,281,16,1,1118,1,27260,27260,Online,Transferencia,USD,2023,12
4943,2024-11-20,476,47,1,1176,1,30170,30170,Teléfono,Efectivo,ARS,2024,11
4944,2023-11-24,292,15,1,1185,5,121950,609750,Teléfono,Cheque,USD,2023,11
4945,2024-11-05,189,21,1,1228,2,218110,436220,Teléfono,Tarjeta crédito,ARS,2024,11
4946,2024-12-15,583,1,4,1242,1,2920780,2920780,Teléfono,Cheque,USD,2024,12
4947,2024-05-15,419,21,1,1215,1,361130,361130,Teléfono,Transferencia,ARS,2024,5
4948,2024-09-22,888,49,1,1221,1,72970,72970,Campo,Transferencia,USD,2024,9
4949,2024-11-08,468,45,2,1130,1,354300,354300,Teléfono,Transferencia,ARS,2024,11
4950,2024-11-19,206,52,1,1103,1,5958540,5958540,Campo,Cheque,ARS,2024,11
4951,2023-12-03,242,60,3,1272,1,2748610,2748610,Teléfono,Efectivo,USD,2023,12
4952,2023-02-26,306,30,1,1246,1,2897720,2897720,Campo,Cheque,ARS,2023,2
4953,2023-12-05,184,53,4,1123,2,110860,221720,Teléfono,Efectivo,ARS,2023,12
4954,2024-07-10,478,30,1,1008,2,6346530,12693060,Mostrador,Efectivo,USD,2024,7
4955,2023-12-18,128,18,3,1067,2,3668050,7336100,Online,Tarjeta crédito,USD,2023,12
4956,2024-09-30,449,1,4,1115,1,310410,310410,Online,Efectivo,ARS,2024,9
4957,2023-11-22,230,27,4,1288,1,5120120,5120120,Campo,Efectivo,USD,2023,11
4958,2024-05-28,41,27,4,1105,4,4827710,19310840,Mostrador,Transferencia,ARS,2024,5
4959,2023-07-24,281,29,3,1025,1,158850,158850,Teléfono,Efectivo,USD,2023,7
4960,2024-10-01,674,2,1,1053,2,58550,117100,Campo,Transferencia,ARS,2024,10
4961,2024-02-20,392,45,2,1247,1,266090,266090,Teléfono,Transferencia,ARS,2024,2
4962,2023-08-12,312,57,4,1181,1,387040,387040,Campo,Efectivo,USD,2023,8
4963,2023-11-05,340,46,4,1281,5,298120,1490600,Mostrador,Transferencia,ARS,2023,11
4964,2024-09-30,670,47,1,1033,5,2628980,13144900,Campo,Efectivo,USD,2024,9
4965,2023-12-27,324,35,1,1287,1,113650,113650,Campo,Cheque,ARS,2023,12
4966,2023-08-25,21,33,4,1036,1,154470,154470,Mostrador,Tarjeta crédito,USD,2023,8
4967,2024-12-23,347,20,1,1298,5,42740,213700,Online,Tarjeta crédito,ARS,2024,12
4968,2024-08-24,10,43,1,1239,1,4417920,4417920,Teléfono,Efectivo,USD,2024,8
4969,2024-12-20,87,19,1,1217,1,4987160,4987160,Online,Transferencia,ARS,2024,12
4970,2023-12-12,33,60,3,1177,1,85940,85940,Mostrador,Tarjeta crédito,ARS,2023,12
4971,2023-12-25,361,40,4,1044,4,153730,614920,Teléfono,Efectivo,USD,2023,12
4972,2024-12-04,339,54,2,1287,3,3803480,11410440,Online,Tarjeta débito,USD,2024,12
4973,2024-01-28,715,35,1,1158,4,3279690,13118760,Teléfono,Transferencia,USD,2024,1
4974,2024-08-15,4,21,1,1269,2,183230,366460,Mostrador,Tarjeta débito,USD,2024,8
4975,2023-10-04,23,43,1,1171,4,3460390,13841560,Online,Cheque,USD,2023,10
4976,2023-12-17,197,12,3,1221,5,214180,1070900,Campo,Tarjeta crédito,USD,2023,12
4977,2023-05-16,309,28,2,1230,1,320530,320530,Online,Tarjeta débito,USD,2023,5
4978,2023-08-14,369,16,1,1091,1,358440,358440,Teléfono,Tarjeta crédito,ARS,2023,8
4979,2023-01-02,389,57,4,1131,3,29570,88710,Mostrador,Transferencia,ARS,2023,1
4980,2023-02-13,274,53,4,1226,4,222130,888520,Online,Tarjeta débito,ARS,2023,2
4981,2024-12-25,273,32,1,1225,1,137710,137710,Campo,Cheque,USD,2024,12
4982,2023-09-23,107,14,1,1143,4,87260,349040,Teléfono,Efectivo,USD,2023,9
4983,2024-06-28,881,9,4,1066,1,3534760,3534760,Online,Transferencia,USD,2024,6
4984,2024-11-17,378,15,1,1028,3,181060,543180,Online,Cheque,USD,2024,11
4985,2024-02-26,200,33,4,1125,2,260420,520840,Teléfono,Efectivo,ARS,2024,2
4986,2023-06-17,343,28,2,1212,3,3511680,10535040,Mostrador,Tarjeta débito,USD,2023,6
4987,2024-09-07,727,25,4,1080,2,266090,532180,Online,Tarjeta débito,ARS,2024,9
4988,2024-04-20,2,38,4,1238,1,4922750,4922750,Mostrador,Tarjeta débito,USD,2024,4
4989,2024-09-11,121,4,4,1132,2,426750,853500,Teléfono,Tarjeta crédito,USD,2024,9
4990,2024-10-23,615,36,4,1104,4,3273600,13094400,Mostrador,Transferencia,USD,2024,10
4991,2024-12-25,149,33,4,1300,1,115110,115110,Online,Tarjeta débito,ARS,2024,12
4992,2024-03-22,948,17,3,1119,1,296990,296990,Campo,Tarjeta crédito,USD,2024,3
4993,2023-11-18,152,52,1,1046,3,4418170,13254510,Mostrador,Efectivo,USD,2023,11
4994,2024-06-12,565,16,1,1084,1,100310,100310,Teléfono,Transferencia,USD,2024,6
4995,2023-03-17,166,6,4,1282,5,2748610,13743050,Online,Efectivo,USD,2023,3
4996,2024-12-03,916,42,3,1013,2,152300,304600,Teléfono,Tarjeta crédito,USD,2024,12
4997,2023-05-11,306,35,1,1125,2,297170,594340,Online,Efectivo,USD,2023,5
4998,2023-11-14,167,52,1,1164,1,303380,303380,Mostrador,Tarjeta débito,USD,2023,11
4999,2024-11-11,828,4,4,1172,1,216200,216200,Online,Efectivo,USD,2024,11
5000,2024-04-17,882,30,1,1234,1,379480,379480,Campo,Tarjeta crédito,USD,2024,4
5001,2023-12-02,364,34,2,1181,5,353530,1767650,Campo,Efectivo,USD,2023,12
5002,2023-12-24,295,33,4,1051,3,338260,1014780,Mostrador,Cheque,USD,2023,12
5003,2024-11-22,71,12,3,1269,3,1732710,5198130,Online,Tarjeta crédito,ARS,2024,11
5004,2023-11-18,128,16,1,1169,3,6402050,19206150,Campo,Tarjeta crédito,ARS,2023,11
5005,2024-11-26,33,32,1,1116,4,171330,685320,Campo,Tarjeta crédito,ARS,2024,11
5006,2023-04-07,157,52,1,1288,5,56990,284950,Teléfono,Efectivo,USD,2023,4
5007,2024-10-31,330,16,1,1274,5,127100,635500,Teléfono,Tarjeta débito,ARS,2024,10
5008,2024-11-20,778,37,3,1128,5,140340,701700,Teléfono,Tarjeta débito,USD,2024,11
5009,2023-07-19,204,54,2,1207,1,122520,122520,Campo,Cheque,ARS,2023,7
5010,2023-12-13,195,15,1,1148,1,355770,355770,Online,Cheque,ARS,2023,12
5011,2023-07-01,387,35,1,1300,5,3506910,17534550,Online,Efectivo,ARS,2023,7
5012,2024-08-15,973,5,1,1037,1,195830,195830,Campo,Transferencia,ARS,2024,8
5013,2024-02-09,621,57,4,1161,1,340410,340410,Online,Tarjeta débito,ARS,2024,2
5014,2024-05-28,159,34,2,1275,1,353730,353730,Teléfono,Tarjeta crédito,ARS,2024,5
5015,2023-08-04,283,9,4,1288,1,397630,397630,Campo,Tarjeta crédito,USD,2023,8
5016,2023-08-21,27,57,4,1106,1,2997440,2997440,Teléfono,Tarjeta débito,USD,2023,8
5017,2023-02-15,227,55,2,1022,3,363150,1089450,Teléfono,Cheque,USD,2023,2
5018,2023-11-13,252,9,4,1233,1,5491730,5491730,Campo,Efectivo,USD,2023,11
5019,2024-03-07,367,32,1,1122,3,276530,829590,Mostrador,Efectivo,ARS,2024,3
5020,2024-11-23,777,6,4,1129,2,4418170,8836340,Teléfono,Tarjeta débito,USD,2024,11
5021,2024-07-02,262,21,1,1178,1,299740,299740,Online,Tarjeta crédito,USD,2024,7
5022,2023-12-14,134,25,4,1217,1,4147250,4147250,Online,Tarjeta débito,USD,2023,12
5023,2024-12-19,1000,30,1,1148,4,3584360,14337440,Teléfono,Tarjeta crédito,ARS,2024,12
5024,2024-08-29,538,13,4,1058,1,5739370,5739370,Campo,Cheque,ARS,2024,8
5025,2024-12-12,43,19,1,1237,1,339050,339050,Campo,Transferencia,ARS,2024,12
5026,2024-01-31,531,36,4,1070,1,260940,260940,Campo,Tarjeta crédito,USD,2024,1
5027,2023-10-12,16,15,1,1189,4,170930,683720,Campo,Tarjeta débito,USD,2023,10
5028,2023-02-27,105,23,3,1242,2,271070,542140,Campo,Tarjeta crédito,USD,2023,2
5029,2024-09-05,791,59,2,1063,5,441540,2207700,Teléfono,Efectivo,USD,2024,9
5030,2023-05-14,203,32,1,1241,1,247490,247490,Teléfono,Tarjeta débito,USD,2023,5
5031,2023-11-08,208,41,3,1185,4,152070,608280,Online,Cheque,USD,2023,11
5032,2024-02-06,925,38,4,1259,1,53110,53110,Teléfono,Tarjeta débito,USD,2024,2
5033,2024-03-12,678,35,1,1229,1,5663510,5663510,Online,Efectivo,ARS,2024,3
5034,2024-04-20,59,40,4,1223,2,357700,715400,Mostrador,Cheque,USD,2024,4
5035,2023-07-02,48,18,3,1099,1,280350,280350,Teléfono,Tarjeta débito,USD,2023,7
5036,2023-11-29,148,25,4,1247,1,81760,81760,Campo,Cheque,USD,2023,11
5037,2024-05-09,277,49,1,1045,5,5176230,25881150,Online,Tarjeta crédito,USD,2024,5
5038,2024-12-23,412,26,2,1273,1,336230,336230,Teléfono,Tarjeta crédito,ARS,2024,12
5039,2024-09-07,178,38,4,1005,4,384840,1539360,Campo,Tarjeta débito,USD,2024,9
5040,2024-12-10,801,52,1,1011,1,6276450,6276450,Mostrador,Tarjeta débito,USD,2024,12
5041,2024-10-15,114,34,2,1007,1,2902860,2902860,Online,Transferencia,USD,2024,10
5042,2024-04-11,296,43,1,1039,1,123460,123460,Online,Transferencia,USD,2024,4
5043,2023-07-30,218,20,1,1042,1,52080,52080,Mostrador,Efectivo,ARS,2023,7
5044,2024-07-02,438,44,3,1203,2,327440,654880,Online,Cheque,USD,2024,7
5045,2024-05-15,266,4,4,1094,1,1730000,1730000,Mostrador,Cheque,ARS,2024,5
5046,2024-04-22,162,31,3,1005,3,3686740,11060220,Mostrador,Tarjeta débito,ARS,2024,4
5047,2023-12-29,329,32,1,1052,1,45870,45870,Campo,Cheque,USD,2023,12
5048,2024-02-01,504,39,2,1150,2,340300,680600,Campo,Tarjeta crédito,USD,2024,2
5049,2023-11-16,36,32,1,1205,3,95510,286530,Campo,Transferencia,ARS,2023,11
5050,2024-01-22,587,54,2,1300,4,89500,358000,Mostrador,Transferencia,USD,2024,1
5051,2023-08-05,135,57,4,1187,4,293140,1172560,Teléfono,Tarjeta crédito,USD,2023,8
5052,2024-11-08,371,13,4,1153,1,2577120,2577120,Teléfono,Efectivo,ARS,2024,11
5053,2023-07-23,272,30,1,1116,2,224950,449900,Campo,Tarjeta débito,USD,2023,7
5054,2023-04-04,179,25,4,1149,5,2151750,10758750,Online,Transferencia,ARS,2023,4
5055,2023-12-14,159,55,2,1220,3,2889750,8669250,Teléfono,Tarjeta crédito,ARS,2023,12
5056,2024-06-23,755,53,4,1192,1,181960,181960,Mostrador,Cheque,ARS,2024,6
5057,2023-12-15,301,20,1,1233,1,2869790,2869790,Mostrador,Cheque,ARS,2023,12
5058,2023-10-31,204,9,4,1119,2,1890070,3780140,Mostrador,Tarjeta crédito,ARS,2023,10
5059,2024-03-05,795,52,1,1221,3,3902360,11707080,Mostrador,Tarjeta crédito,ARS,2024,3
5060,2023-11-20,278,5,1,1047,1,5958540,5958540,Teléfono,Transferencia,USD,2023,11
5061,2024-12-13,143,51,1,1127,4,47550,190200,Online,Tarjeta crédito,ARS,2024,12
5062,2024-12-10,520,35,1,1291,3,2105670,6317010,Teléfono,Transferencia,ARS,2024,12
5063,2024-01-04,512,15,1,1215,1,3849550,3849550,Mostrador,Cheque,USD,2024,1
5064,2023-11-14,116,30,1,1007,1,240780,240780,Campo,Efectivo,USD,2023,11
5065,2024-09-17,392,14,1,1184,1,1974750,1974750,Campo,Tarjeta crédito,USD,2024,9
5066,2023-02-10,343,27,4,1116,4,172550,690200,Teléfono,Transferencia,ARS,2023,2
5067,2023-12-25,373,47,1,1052,5,26810,134050,Online,Efectivo,USD,2023,12
5068,2023-11-17,272,12,3,1046,2,382030,764060,Campo,Tarjeta débito,USD,2023,11
5069,2024-12-10,688,14,1,1023,1,3376460,3376460,Mostrador,Tarjeta débito,ARS,2024,12
5070,2023-01-14,214,57,4,1131,1,98020,98020,Mostrador,Cheque,ARS,2023,1
5071,2024-02-28,369,57,4,1127,5,2530850,12654250,Mostrador,Efectivo,USD,2024,2
5072,2024-09-21,215,49,1,1265,2,401530,803060,Online,Tarjeta débito,USD,2024,9
5073,2023-12-28,57,37,3,1017,4,359220,1436880,Campo,Cheque,USD,2023,12
5074,2023-04-04,389,49,1,1196,1,383780,383780,Mostrador,Transferencia,USD,2023,4
5075,2024-12-24,741,38,4,1048,1,130750,130750,Online,Efectivo,USD,2024,12
5076,2024-01-21,812,26,2,1082,1,327080,327080,Teléfono,Cheque,ARS,2024,1
5077,2024-05-05,327,20,1,1109,5,317850,1589250,Online,Tarjeta crédito,USD,2024,5
5078,2023-09-17,37,43,1,1263,2,4464170,8928340,Campo,Efectivo,ARS,2023,9
5079,2023-12-27,380,43,1,1031,5,4205590,21027950,Campo,Tarjeta débito,ARS,2023,12
5080,2023-12-12,284,5,1,1056,3,35070,105210,Campo,Transferencia,USD,2023,12
5081,2023-03-24,324,38,4,1189,2,5078210,10156420,Online,Tarjeta crédito,ARS,2023,3
5082,2023-04-27,369,34,2,1005,1,162620,162620,Mostrador,Tarjeta crédito,ARS,2023,4
5083,2024-11-17,224,16,1,1286,1,6325750,6325750,Teléfono,Tarjeta crédito,ARS,2024,11
5084,2023-09-21,302,14,1,1278,1,36800,36800,Campo,Efectivo,USD,2023,9
5085,2023-08-02,201,16,1,1145,1,136110,136110,Teléfono,Cheque,USD,2023,8
5086,2024-01-06,100,51,1,1196,1,268610,268610,Mostrador,Efectivo,USD,2024,1
5087,2024-10-22,794,38,4,1027,2,4071720,8143440,Campo,Transferencia,ARS,2024,10
5088,2023-03-09,75,20,1,1127,5,4493880,22469400,Campo,Efectivo,USD,2023,3
5089,2024-03-25,724,24,3,1135,1,69430,69430,Campo,Transferencia,ARS,2024,3
5090,2023-05-11,191,51,1,1023,5,75720,378600,Mostrador,Tarjeta crédito,ARS,2023,5
5091,2023-02-09,368,20,1,1258,1,5410590,5410590,Online,Efectivo,ARS,2023,2
5092,2023-02-27,63,12,3,1117,5,3231070,16155350,Teléfono,Cheque,USD,2023,2
5093,2024-11-16,624,59,2,1008,3,172130,516390,Teléfono,Efectivo,ARS,2024,11
5094,2023-05-10,143,51,1,1101,1,204700,204700,Mostrador,Cheque,USD,2023,5
5095,2023-02-19,99,17,3,1261,5,5393600,26968000,Mostrador,Tarjeta crédito,ARS,2023,2
5096,2023-12-15,265,54,2,1199,1,250750,250750,Campo,Tarjeta crédito,USD,2023,12
5097,2024-11-19,225,35,1,1086,1,165570,165570,Campo,Tarjeta débito,ARS,2024,11
5098,2023-10-15,75,58,3,1228,5,412410,2062050,Campo,Tarjeta crédito,ARS,2023,10
5099,2023-12-10,278,9,4,1179,1,2997290,2997290,Online,Tarjeta crédito,ARS,2023,12
5100,2023-02-13,198,5,1,1240,1,388740,388740,Online,Tarjeta débito,ARS,2023,2
5101,2023-12-18,184,56,2,1012,3,156620,469860,Teléfono,Efectivo,ARS,2023,12
5102,2024-03-26,293,51,1,1212,3,48760,146280,Campo,Cheque,USD,2024,3
5103,2024-03-19,57,30,1,1234,1,124450,124450,Mostrador,Cheque,ARS,2024,3
5104,2023-11-16,249,3,3,1183,5,161990,809950,Mostrador,Efectivo,ARS,2023,11
5105,2023-11-11,114,33,4,1282,2,4618440,9236880,Mostrador,Cheque,USD,2023,11
5106,2023-04-27,140,9,4,1190,1,2111090,2111090,Online,Efectivo,USD,2023,4
5107,2023-11-25,391,30,1,1216,3,379580,1138740,Online,Tarjeta crédito,USD,2023,11
5108,2023-04-20,359,14,1,1215,1,4056350,4056350,Online,Cheque,USD,2023,4
5109,2024-10-19,553,23,3,1258,1,110530,110530,Campo,Transferencia,ARS,2024,10
5110,2024-12-22,408,51,1,1026,4,65910,263640,Teléfono,Cheque,ARS,2024,12
5111,2024-12-23,474,6,4,1270,1,2826380,2826380,Mostrador,Cheque,ARS,2024,12
5112,2024-11-24,665,38,4,1082,1,272980,272980,Campo,Cheque,ARS,2024,11
5113,2024-04-21,446,46,4,1185,1,3474620,3474620,Campo,Tarjeta crédito,USD,2024,4
5114,2024-08-08,980,20,1,1288,5,1830650,9153250,Online,Efectivo,USD,2024,8
5115,2023-11-03,232,5,1,1062,2,2342400,4684800,Teléfono,Tarjeta débito,ARS,2023,11
5116,2024-05-23,617,6,4,1030,1,318720,318720,Online,Tarjeta crédito,USD,2024,5
5117,2023-12-19,106,33,4,1031,1,3241420,3241420,Campo,Efectivo,USD,2023,12
5118,2023-12-27,300,27,4,1293,3,368600,1105800,Online,Tarjeta débito,ARS,2023,12
5119,2024-10-10,642,35,1,1173,1,4411710,4411710,Campo,Cheque,USD,2024,10
5120,2023-11-02,161,24,3,1102,1,4977610,4977610,Teléfono,Tarjeta débito,USD,2023,11
5121,2023-11-12,378,42,3,1128,5,5379820,26899100,Teléfono,Tarjeta crédito,USD,2023,11
5122,2024-12-11,959,52,1,1086,3,4291050,12873150,Campo,Transferencia,ARS,2024,12
5123,2023-03-03,257,48,2,1068,1,312460,312460,Mostrador,Transferencia,USD,2023,3
5124,2023-12-28,229,10,3,1028,5,2740630,13703150,Online,Cheque,USD,2023,12
5125,2024-12-08,862,5,1,1122,5,133140,665700,Teléfono,Efectivo,ARS,2024,12
5126,2024-05-01,494,51,1,1251,3,53170,159510,Teléfono,Efectivo,ARS,2024,5
5127,2024-02-21,966,37,3,1061,5,4161630,20808150,Mostrador,Tarjeta débito,USD,2024,2
5128,2023-10-01,182,45,2,1171,3,109020,327060,Mostrador,Tarjeta crédito,ARS,2023,10
5129,2023-11-19,14,13,4,1272,3,4988660,14965980,Online,Transferencia,USD,2023,11
5130,2024-11-21,100,5,1,1164,5,1725420,8627100,Campo,Transferencia,ARS,2024,11
5131,2024-03-06,737,49,1,1300,1,344520,344520,Mostrador,Efectivo,ARS,2024,3
5132,2024-01-17,358,38,4,1113,1,60070,60070,Campo,Tarjeta débito,ARS,2024,1
5133,2023-04-20,231,13,4,1194,2,141780,283560,Mostrador,Tarjeta débito,USD,2023,4
5134,2023-01-18,53,14,1,1019,1,77940,77940,Online,Transferencia,ARS,2023,1
5135,2024-12-22,6,53,4,1127,4,4758470,19033880,Online,Efectivo,ARS,2024,12
5136,2023-11-28,90,30,1,1093,1,272610,272610,Mostrador,Transferencia,USD,2023,11
5137,2024-04-23,64,52,1,1217,4,281810,1127240,Campo,Efectivo,ARS,2024,4
5138,2023-03-29,88,52,1,1179,1,2412080,2412080,Campo,Transferencia,ARS,2023,3
5139,2024-07-20,33,5,1,1191,1,41990,41990,Mostrador,Efectivo,USD,2024,7
5140,2024-12-13,72,36,4,1163,2,169410,338820,Teléfono,Cheque,USD,2024,12
5141,2024-03-24,556,4,4,1100,3,3523250,10569750,Mostrador,Cheque,USD,2024,3
5142,2023-05-19,253,1,4,1187,2,2980180,5960360,Mostrador,Tarjeta débito,USD,2023,5
5143,2024-03-31,107,38,4,1295,1,5156140,5156140,Online,Efectivo,USD,2024,3
5144,2024-10-19,802,19,1,1067,1,4132400,4132400,Online,Tarjeta crédito,USD,2024,10
5145,2023-12-06,2,40,4,1073,1,122210,122210,Mostrador,Tarjeta débito,USD,2023,12
5146,2024-11-29,136,25,4,1232,1,40140,40140,Online,Transferencia,ARS,2024,11
5147,2024-06-12,629,9,4,1189,2,42710,85420,Online,Efectivo,ARS,2024,6
5148,2024-12-04,409,53,4,1050,4,348550,1394200,Online,Transferencia,ARS,2024,12
5149,2024-05-15,121,4,4,1017,4,2660270,10641080,Mostrador,Cheque,ARS,2024,5
5150,2023-05-25,288,47,1,1218,1,4902750,4902750,Campo,Transferencia,ARS,2023,5
5151,2023-11-09,312,38,4,1249,4,392350,1569400,Mostrador,Efectivo,USD,2023,11
5152,2023-08-10,94,46,4,1124,4,199950,799800,Online,Tarjeta crédito,ARS,2023,8
5153,2024-12-06,505,40,4,1157,1,32090,32090,Online,Cheque,ARS,2024,12
5154,2024-10-13,7,14,1,1261,1,2949470,2949470,Mostrador,Cheque,USD,2024,10
5155,2024-07-13,944,59,2,1195,1,54590,54590,Campo,Cheque,ARS,2024,7
5156,2023-11-07,88,25,4,1006,5,271910,1359550,Mostrador,Transferencia,ARS,2023,11
5157,2023-07-21,182,15,1,1258,3,184170,552510,Mostrador,Tarjeta crédito,ARS,2023,7
5158,2024-10-08,191,17,3,1256,5,82270,411350,Online,Transferencia,USD,2024,10
5159,2023-12-25,208,35,1,1200,1,41220,41220,Teléfono,Tarjeta crédito,USD,2023,12
5160,2023-09-05,386,30,1,1068,4,1464820,5859280,Mostrador,Tarjeta débito,ARS,2023,9
5161,2024-05-08,803,16,1,1080,2,3116580,6233160,Campo,Cheque,USD,2024,5
5162,2023-02-14,354,54,2,1233,1,305300,305300,Online,Efectivo,USD,2023,2
5163,2023-11-14,278,55,2,1186,5,53140,265700,Mostrador,Tarjeta débito,ARS,2023,11
5164,2023-12-23,315,45,2,1105,1,3620570,3620570,Online,Efectivo,USD,2023,12
5165,2023-06-12,52,5,1,1164,1,362200,362200,Mostrador,Transferencia,USD,2023,6
5166,2024-12-27,405,52,1,1142,4,221220,884880,Campo,Cheque,ARS,2024,12
5167,2023-08-18,396,43,1,1272,5,203960,1019800,Mostrador,Transferencia,ARS,2023,8
5168,2023-05-23,267,49,1,1298,1,327750,327750,Online,Tarjeta crédito,ARS,2023,5
5169,2023-08-12,244,18,3,1124,1,24650,24650,Campo,Efectivo,ARS,2023,8
5170,2024-10-22,694,40,4,1223,5,296400,1482000,Online,Efectivo,ARS,2024,10
5171,2023-12-11,211,35,1,1174,1,223530,223530,Online,Efectivo,USD,2023,12
5172,2024-03-13,890,19,1,1191,5,393080,1965400,Campo,Efectivo,USD,2024,3
5173,2023-01-24,198,13,4,1140,3,2568600,7705800,Campo,Transferencia,ARS,2023,1
5174,2023-02-07,270,51,1,1297,1,47550,47550,Online,Tarjeta crédito,USD,2023,2
5175,2023-12-17,33,25,4,1119,5,334010,1670050,Mostrador,Efectivo,USD,2023,12
5176,2024-11-11,614,57,4,1275,2,76160,152320,Campo,Efectivo,USD,2024,11
5177,2024-11-30,845,16,1,1076,1,126190,126190,Online,Cheque,ARS,2024,11
5178,2023-04-06,282,52,1,1109,4,84520,338080,Online,Transferencia,USD,2023,4
5179,2024-02-12,398,8,2,1119,4,310640,1242560,Online,Tarjeta débito,USD,2024,2
5180,2024-12-08,749,16,1,1258,1,85740,85740,Mostrador,Efectivo,ARS,2024,12
5181,2023-12-01,216,2,1,1020,4,338920,1355680,Mostrador,Tarjeta débito,ARS,2023,12
5182,2024-11-15,432,14,1,1119,1,3353150,3353150,Campo,Efectivo,ARS,2024,11
5183,2023-05-27,321,57,4,1137,1,4871020,4871020,Mostrador,Transferencia,ARS,2023,5
5184,2024-12-14,814,39,2,1277,1,446560,446560,Mostrador,Transferencia,USD,2024,12
5185,2024-10-03,639,15,1,1255,1,428670,428670,Mostrador,Cheque,ARS,2024,10
5186,2024-12-15,493,33,4,1264,3,162960,488880,Teléfono,Cheque,ARS,2024,12
5187,2024-07-13,951,14,1,1167,4,322550,1290200,Mostrador,Transferencia,USD,2024,7
5188,2023-11-24,94,39,2,1165,4,5287870,21151480,Campo,Tarjeta crédito,ARS,2023,11
5189,2024-12-15,586,49,1,1029,1,108850,108850,Online,Tarjeta débito,USD,2024,12
5190,2023-10-30,128,8,2,1035,3,327440,982320,Online,Cheque,ARS,2023,10
5191,2023-11-16,74,57,4,1237,2,2887170,5774340,Teléfono,Transferencia,ARS,2023,11
5192,2024-08-08,476,21,1,1294,1,257760,257760,Mostrador,Efectivo,ARS,2024,8
5193,2024-10-18,452,51,1,1090,1,248730,248730,Mostrador,Tarjeta débito,USD,2024,10
5194,2024-12-12,462,47,1,1203,1,31560,31560,Teléfono,Tarjeta débito,USD,2024,12
5195,2023-08-13,396,14,1,1228,1,2218520,2218520,Campo,Efectivo,ARS,2023,8
5196,2024-11-06,438,47,1,1068,1,4265880,4265880,Teléfono,Tarjeta crédito,USD,2024,11
5197,2024-09-19,256,25,4,1131,3,420210,1260630,Mostrador,Efectivo,ARS,2024,9
5198,2023-03-11,102,4,4,1111,1,1798640,1798640,Campo,Transferencia,ARS,2023,3
5199,2023-12-01,47,20,1,1012,2,5472560,10945120,Teléfono,Efectivo,ARS,2023,12
5200,2023-11-02,165,59,2,1288,1,258970,258970,Campo,Efectivo,USD,2023,11
5201,2023-11-08,256,12,3,1175,1,71090,71090,Teléfono,Transferencia,USD,2023,11
5202,2024-12-27,937,34,2,1155,5,1741020,8705100,Campo,Tarjeta débito,USD,2024,12
5203,2024-06-06,283,5,1,1154,1,320260,320260,Mostrador,Tarjeta crédito,ARS,2024,6
5204,2024-08-27,938,14,1,1043,1,25720,25720,Campo,Transferencia,USD,2024,8
5205,2024-12-25,760,22,2,1205,1,44230,44230,Online,Efectivo,USD,2024,12
5206,2023-11-28,204,15,1,1172,5,178860,894300,Mostrador,Cheque,ARS,2023,11
5207,2024-11-07,86,1,4,1294,1,136120,136120,Campo,Transferencia,ARS,2024,11
5208,2023-12-14,324,53,4,1285,1,176250,176250,Mostrador,Cheque,ARS,2023,12
5209,2024-11-26,925,19,1,1026,1,5046420,5046420,Mostrador,Tarjeta débito,ARS,2024,11
5210,2023-07-18,164,35,1,1052,1,3612850,3612850,Mostrador,Cheque,USD,2023,7
5211,2024-12-17,877,25,4,1115,1,81760,81760,Teléfono,Transferencia,USD,2024,12
5212,2023-08-28,57,26,2,1019,5,304930,1524650,Online,Cheque,ARS,2023,8
5213,2023-11-14,206,33,4,1035,1,258190,258190,Campo,Tarjeta crédito,ARS,2023,11
5214,2024-10-08,908,52,1,1048,5,319030,1595150,Online,Tarjeta crédito,USD,2024,10
5215,2023-12-02,148,28,2,1233,5,127150,635750,Online,Efectivo,USD,2023,12
5216,2024-04-29,301,54,2,1219,5,5504830,27524150,Mostrador,Transferencia,ARS,2024,4
5217,2023-12-16,279,57,4,1110,4,1879200,7516800,Mostrador,Transferencia,USD,2023,12
5218,2024-09-23,958,15,1,1254,1,370790,370790,Mostrador,Cheque,USD,2024,9
5219,2023-09-08,290,20,1,1188,1,3501280,3501280,Mostrador,Cheque,USD,2023,9
5220,2023-03-06,21,32,1,1031,1,340020,340020,Online,Tarjeta débito,ARS,2023,3
5221,2023-11-07,137,38,4,1259,5,283870,1419350,Campo,Efectivo,ARS,2023,11
5222,2023-12-25,369,33,4,1163,5,5467910,27339550,Campo,Transferencia,ARS,2023,12
5223,2023-07-04,10,4,4,1204,2,138990,277980,Campo,Transferencia,ARS,2023,7
5224,2023-11-22,308,53,4,1249,4,2973380,11893520,Campo,Transferencia,USD,2023,11
5225,2023-12-04,45,2,1,1071,1,275950,275950,Campo,Cheque,ARS,2023,12
5226,2023-03-04,249,19,1,1202,1,74620,74620,Online,Tarjeta crédito,USD,2023,3
5227,2024-04-01,30,52,1,1056,1,2053490,2053490,Online,Tarjeta débito,ARS,2024,4
5228,2024-11-30,448,5,1,1099,1,162660,162660,Campo,Tarjeta débito,USD,2024,11
5229,2023-06-16,225,40,4,1021,4,337600,1350400,Campo,Efectivo,ARS,2023,6
5230,2024-04-17,386,33,4,1108,1,2903690,2903690,Mostrador,Cheque,USD,2024,4
5231,2024-06-30,689,47,1,1053,4,430210,1720840,Online,Tarjeta crédito,USD,2024,6
5232,2023-12-10,96,37,3,1006,1,300180,300180,Teléfono,Transferencia,USD,2023,12
5233,2024-08-09,429,46,4,1231,1,310290,310290,Online,Transferencia,ARS,2024,8
5234,2023-12-07,17,28,2,1082,3,3257260,9771780,Teléfono,Tarjeta débito,USD,2023,12
5235,2024-01-06,28,5,1,1217,1,4889810,4889810,Mostrador,Tarjeta débito,ARS,2024,1
5236,2023-01-09,126,34,2,1226,3,5942690,17828070,Campo,Efectivo,USD,2023,1
5237,2024-07-29,813,21,1,1047,5,387720,1938600,Online,Cheque,USD,2024,7
5238,2024-06-26,785,18,3,1241,1,4385430,4385430,Mostrador,Efectivo,ARS,2024,6
5239,2023-02-12,187,2,1,1178,1,246330,246330,Teléfono,Efectivo,ARS,2023,2
5240,2023-11-25,142,30,1,1082,1,2367430,2367430,Campo,Transferencia,USD,2023,11
5241,2024-12-26,372,46,4,1287,1,40360,40360,Campo,Efectivo,USD,2024,12
5242,2023-12-10,138,45,2,1192,1,36800,36800,Teléfono,Tarjeta crédito,ARS,2023,12
5243,2024-01-03,994,56,2,1143,2,2644150,5288300,Mostrador,Tarjeta crédito,ARS,2024,1
5244,2024-12-07,974,57,4,1084,1,261650,261650,Campo,Transferencia,ARS,2024,12
5245,2024-08-26,337,15,1,1279,4,1957460,7829840,Campo,Transferencia,USD,2024,8
5246,2024-03-31,741,20,1,1041,1,3032400,3032400,Teléfono,Efectivo,USD,2024,3
5247,2024-11-06,214,9,4,1271,5,1979820,9899100,Campo,Tarjeta débito,ARS,2024,11
5248,2024-11-24,786,21,1,1087,4,120870,483480,Teléfono,Transferencia,ARS,2024,11
5249,2023-12-20,291,38,4,1003,1,2322200,2322200,Teléfono,Transferencia,USD,2023,12
5250,2023-12-25,58,5,1,1211,1,28550,28550,Online,Transferencia,ARS,2023,12
5251,2023-11-30,371,5,1,1001,1,114180,114180,Online,Transferencia,USD,2023,11
5252,2024-12-22,530,22,2,1075,1,53420,53420,Campo,Cheque,USD,2024,12
5253,2024-08-04,692,49,1,1231,1,1718530,1718530,Mostrador,Transferencia,USD,2024,8
5254,2023-04-02,158,9,4,1076,2,30790,61580,Online,Tarjeta débito,USD,2023,4
5255,2024-11-24,768,42,3,1260,1,285910,285910,Campo,Efectivo,ARS,2024,11
5256,2023-12-26,37,25,4,1025,5,2770170,13850850,Mostrador,Tarjeta crédito,USD,2023,12
5257,2023-03-17,296,13,4,1200,4,4920710,19682840,Campo,Tarjeta débito,USD,2023,3
5258,2024-02-25,774,32,1,1094,3,4028400,12085200,Mostrador,Cheque,ARS,2024,2
5259,2023-12-09,79,53,4,1108,3,6147910,18443730,Mostrador,Cheque,ARS,2023,12
5260,2024-11-28,419,58,3,1095,1,167230,167230,Campo,Cheque,ARS,2024,11
5261,2023-08-12,154,9,4,1091,4,6459780,25839120,Online,Cheque,ARS,2023,8
5262,2024-11-14,361,40,4,1044,5,148760,743800,Teléfono,Cheque,ARS,2024,11
5263,2024-03-04,859,31,3,1023,2,146010,292020,Teléfono,Transferencia,USD,2024,3
5264,2023-03-01,158,48,2,1190,4,1673060,6692240,Campo,Transferencia,ARS,2023,3
5265,2024-12-24,75,23,3,1023,3,339080,1017240,Campo,Tarjeta crédito,ARS,2024,12
5266,2024-01-15,372,2,1,1234,5,248890,1244450,Online,Cheque,ARS,2024,1
5267,2023-11-04,378,21,1,1186,4,36050,144200,Mostrador,Efectivo,ARS,2023,11
5268,2023-12-23,55,23,3,1026,3,5830020,17490060,Online,Transferencia,USD,2023,12
5269,2024-11-23,718,35,1,1103,1,85870,85870,Mostrador,Cheque,USD,2024,11
5270,2023-11-08,215,5,1,1063,1,159110,159110,Online,Transferencia,USD,2023,11
5271,2023-07-31,9,52,1,1103,3,1812630,5437890,Campo,Tarjeta crédito,USD,2023,7
5272,2023-05-22,106,3,3,1116,5,333400,1667000,Teléfono,Tarjeta débito,ARS,2023,5
5273,2023-11-06,318,5,1,1189,5,4821390,24106950,Mostrador,Efectivo,USD,2023,11
5274,2024-11-01,367,40,4,1285,3,246690,740070,Online,Tarjeta crédito,ARS,2024,11
5275,2023-12-24,245,16,1,1189,5,3048290,15241450,Mostrador,Cheque,USD,2023,12
5276,2023-09-07,307,8,2,1069,1,2716330,2716330,Teléfono,Tarjeta crédito,USD,2023,9
5277,2023-07-02,103,47,1,1114,4,4930570,19722280,Campo,Efectivo,ARS,2023,7
5278,2023-11-16,275,18,3,1104,4,365680,1462720,Mostrador,Tarjeta débito,ARS,2023,11
5279,2024-12-15,325,19,1,1108,1,3808950,3808950,Mostrador,Cheque,ARS,2024,12
5280,2023-11-19,373,25,4,1133,4,299400,1197600,Teléfono,Cheque,USD,2023,11
5281,2024-12-28,338,46,4,1021,1,2898170,2898170,Teléfono,Cheque,USD,2024,12
5282,2023-12-28,379,40,4,1266,4,72450,289800,Online,Tarjeta crédito,USD,2023,12
5283,2023-07-16,33,57,4,1298,2,2449060,4898120,Teléfono,Tarjeta crédito,USD,2023,7
5284,2024-12-02,108,22,2,1209,5,201300,1006500,Teléfono,Efectivo,ARS,2024,12
5285,2023-12-21,269,55,2,1170,5,1727420,8637100,Online,Transferencia,ARS,2023,12
5286,2024-08-18,945,6,4,1194,1,93930,93930,Campo,Efectivo,ARS,2024,8
5287,2024-12-27,73,38,4,1048,1,290920,290920,Mostrador,Efectivo,USD,2024,12
5288,2023-02-25,346,27,4,1123,1,238990,238990,Mostrador,Cheque,USD,2023,2
5289,2023-04-17,181,53,4,1177,5,63390,316950,Mostrador,Transferencia,ARS,2023,4
5290,2024-08-30,897,53,4,1004,3,2056980,6170940,Online,Tarjeta débito,ARS,2024,8
5291,2023-11-02,268,15,1,1188,1,44130,44130,Teléfono,Cheque,ARS,2023,11
5292,2023-07-22,152,25,4,1131,1,4983780,4983780,Online,Tarjeta crédito,ARS,2023,7
5293,2023-02-13,385,46,4,1029,4,399540,1598160,Online,Efectivo,USD,2023,2
5294,2023-01-24,68,33,4,1086,3,203960,611880,Mostrador,Efectivo,USD,2023,1
5295,2024-10-28,903,14,1,1047,1,231190,231190,Online,Tarjeta crédito,ARS,2024,10
5296,2023-05-28,372,36,4,1077,1,2415270,2415270,Teléfono,Tarjeta débito,ARS,2023,5
5297,2023-12-23,348,36,4,1298,1,6222550,6222550,Campo,Tarjeta crédito,USD,2023,12
5298,2024-04-26,997,51,1,1191,5,22300,111500,Online,Tarjeta crédito,ARS,2024,4
5299,2023-12-12,197,11,3,1031,1,2084230,2084230,Teléfono,Tarjeta débito,ARS,2023,12
5300,2023-01-30,295,19,1,1202,3,165200,495600,Online,Tarjeta débito,ARS,2023,1
5301,2024-11-02,32,13,4,1169,3,5087420,15262260,Online,Cheque,USD,2024,11
5302,2023-01-12,108,26,2,1036,1,297600,297600,Mostrador,Tarjeta débito,USD,2023,1
5303,2024-10-14,79,21,1,1245,4,434170,1736680,Campo,Transferencia,ARS,2024,10
5304,2024-12-02,259,32,1,1188,4,246690,986760,Campo,Efectivo,USD,2024,12
5305,2023-12-13,366,29,3,1015,2,1750880,3501760,Teléfono,Efectivo,ARS,2023,12
5306,2024-02-09,175,51,1,1039,1,119040,119040,Teléfono,Transferencia,USD,2024,2
5307,2023-12-25,367,29,3,1216,3,201300,603900,Online,Tarjeta débito,ARS,2023,12
5308,2023-12-01,15,13,4,1158,1,5168520,5168520,Mostrador,Tarjeta débito,USD,2023,12
5309,2024-12-01,51,13,4,1155,1,118890,118890,Mostrador,Tarjeta débito,ARS,2024,12
5310,2024-12-02,107,35,1,1241,1,6094420,6094420,Mostrador,Transferencia,ARS,2024,12
5311,2023-11-17,210,6,4,1296,2,3808950,7617900,Teléfono,Cheque,ARS,2023,11
5312,2024-05-06,469,36,4,1045,1,3628370,3628370,Teléfono,Efectivo,USD,2024,5
5313,2024-12-11,202,2,1,1175,4,41130,164520,Online,Cheque,USD,2024,12
5314,2024-12-21,789,43,1,1131,4,4467880,17871520,Online,Tarjeta débito,ARS,2024,12
5315,2024-01-11,218,52,1,1056,1,339050,339050,Mostrador,Efectivo,USD,2024,1
5316,2023-12-19,41,6,4,1054,1,2502420,2502420,Campo,Cheque,USD,2023,12
5317,2023-11-01,376,20,1,1143,1,2673760,2673760,Online,Tarjeta crédito,ARS,2023,11
5318,2024-12-20,771,20,1,1265,1,249020,249020,Campo,Tarjeta débito,ARS,2024,12
5319,2023-06-06,385,13,4,1239,1,20150,20150,Teléfono,Tarjeta débito,USD,2023,6
5320,2024-03-29,917,18,3,1066,5,3838540,19192700,Mostrador,Efectivo,USD,2024,3
5321,2023-11-02,203,9,4,1108,5,136720,683600,Campo,Tarjeta débito,ARS,2023,11
5322,2023-11-01,336,33,4,1198,1,200490,200490,Online,Transferencia,ARS,2023,11
5323,2023-12-06,99,15,1,1214,2,296350,592700,Online,Efectivo,USD,2023,12
5324,2024-12-31,661,38,4,1246,3,27040,81120,Online,Tarjeta crédito,ARS,2024,12
5325,2023-03-02,105,51,1,1038,4,317990,1271960,Teléfono,Efectivo,ARS,2023,3
5326,2024-03-27,203,34,2,1173,1,3274000,3274000,Online,Transferencia,ARS,2024,3
5327,2023-04-01,95,58,3,1105,1,5725930,5725930,Campo,Transferencia,USD,2023,4
5328,2023-06-19,177,52,1,1040,1,3175540,3175540,Campo,Cheque,ARS,2023,6
5329,2023-12-15,65,13,4,1130,1,2374780,2374780,Mostrador,Tarjeta crédito,ARS,2023,12
5330,2024-01-12,553,56,2,1181,1,2145390,2145390,Mostrador,Efectivo,USD,2024,1
5331,2023-10-11,224,49,1,1194,3,285200,855600,Campo,Tarjeta crédito,ARS,2023,10
5332,2023-11-11,67,38,4,1258,1,150180,150180,Teléfono,Efectivo,USD,2023,11
5333,2023-04-06,380,18,3,1289,1,399540,399540,Teléfono,Tarjeta débito,ARS,2023,4
5334,2023-11-08,255,6,4,1143,3,194390,583170,Mostrador,Tarjeta débito,USD,2023,11
5335,2024-12-22,992,59,2,1059,1,2782140,2782140,Mostrador,Transferencia,ARS,2024,12
5336,2024-12-16,298,6,4,1026,1,223710,223710,Mostrador,Tarjeta crédito,ARS,2024,12
5337,2023-11-16,69,32,1,1103,5,48710,243550,Mostrador,Tarjeta débito,USD,2023,11
5338,2024-03-19,953,20,1,1021,1,148810,148810,Online,Transferencia,ARS,2024,3
5339,2024-12-07,171,59,2,1080,4,125220,500880,Teléfono,Cheque,USD,2024,12
5340,2023-01-07,101,2,1,1079,5,5402830,27014150,Teléfono,Tarjeta crédito,ARS,2023,1
5341,2024-11-10,652,1,4,1199,3,128930,386790,Mostrador,Efectivo,ARS,2024,11
5342,2024-12-17,718,2,1,1230,2,2419730,4839460,Mostrador,Tarjeta crédito,ARS,2024,12
5343,2023-04-11,320,19,1,1037,1,357540,357540,Mostrador,Transferencia,ARS,2023,4
5344,2023-06-27,364,15,1,1014,1,456740,456740,Online,Transferencia,ARS,2023,6
5345,2024-12-21,819,57,4,1221,1,1589130,1589130,Online,Tarjeta crédito,USD,2024,12
5346,2024-02-11,73,25,4,1166,5,2228320,11141600,Teléfono,Transferencia,USD,2024,2
5347,2023-01-16,60,49,1,1173,1,209970,209970,Campo,Transferencia,USD,2023,1
5348,2023-10-10,336,44,3,1150,1,5588690,5588690,Mostrador,Tarjeta débito,USD,2023,10
5349,2023-12-18,156,51,1,1172,5,4436780,22183900,Teléfono,Tarjeta crédito,USD,2023,12
5350,2024-07-31,124,3,3,1081,4,269110,1076440,Online,Tarjeta débito,ARS,2024,7
5351,2024-09-13,455,15,1,1285,1,3977430,3977430,Teléfono,Tarjeta crédito,ARS,2024,9
5352,2024-12-30,14,26,2,1225,3,317500,952500,Online,Cheque,ARS,2024,12
5353,2023-11-03,264,10,3,1035,2,312460,624920,Teléfono,Cheque,USD,2023,11
5354,2024-02-12,27,1,4,1188,3,405880,1217640,Online,Transferencia,ARS,2024,2
5355,2024-02-07,757,47,1,1224,1,25950,25950,Teléfono,Tarjeta crédito,ARS,2024,2
5356,2023-12-06,50,33,4,1131,1,5167810,5167810,Online,Efectivo,USD,2023,12
5357,2023-07-05,187,12,3,1026,1,4731070,4731070,Online,Efectivo,ARS,2023,7
5358,2024-12-25,57,4,4,1009,4,2302660,9210640,Teléfono,Transferencia,ARS,2024,12
5359,2024-11-21,771,43,1,1069,4,139710,558840,Online,Tarjeta crédito,USD,2024,11
5360,2023-12-31,155,47,1,1028,5,76430,382150,Campo,Transferencia,USD,2023,12
5361,2024-04-23,990,13,4,1234,1,1589130,1589130,Teléfono,Efectivo,ARS,2024,4
5362,2023-09-07,34,30,1,1031,1,4988600,4988600,Online,Efectivo,USD,2023,9
5363,2024-02-18,538,20,1,1068,4,2392200,9568800,Teléfono,Tarjeta crédito,ARS,2024,2
5364,2024-08-02,762,15,1,1232,1,344400,344400,Mostrador,Tarjeta débito,USD,2024,8
5365,2024-01-18,997,13,4,1242,4,293230,1172920,Campo,Cheque,ARS,2024,1
5366,2024-12-29,936,21,1,1054,1,258800,258800,Campo,Transferencia,USD,2024,12
5367,2024-05-02,371,40,4,1175,1,261010,261010,Campo,Cheque,USD,2024,5
5368,2023-11-26,86,59,2,1298,1,6566210,6566210,Mostrador,Tarjeta crédito,USD,2023,11
5369,2024-10-26,160,16,1,1279,1,291340,291340,Teléfono,Cheque,USD,2024,10
5370,2023-07-06,386,52,1,1086,5,4470750,22353750,Campo,Transferencia,USD,2023,7
5371,2023-11-30,367,43,1,1065,2,63170,126340,Mostrador,Transferencia,ARS,2023,11
5372,2023-11-20,200,18,3,1089,3,55340,166020,Mostrador,Cheque,USD,2023,11
5373,2023-12-13,106,53,4,1054,1,5128140,5128140,Teléfono,Tarjeta crédito,USD,2023,12
5374,2024-11-02,391,54,2,1118,1,6339270,6339270,Mostrador,Tarjeta crédito,ARS,2024,11
5375,2023-12-27,275,19,1,1229,1,383280,383280,Mostrador,Tarjeta crédito,ARS,2023,12
5376,2024-11-05,289,42,3,1267,2,35120,70240,Teléfono,Tarjeta débito,ARS,2024,11
5377,2024-03-25,258,40,4,1155,1,1809960,1809960,Mostrador,Tarjeta crédito,ARS,2024,3
5378,2023-11-18,220,13,4,1022,3,1523540,4570620,Campo,Tarjeta crédito,USD,2023,11
5379,2024-11-09,974,1,4,1247,1,2713560,2713560,Campo,Cheque,USD,2024,11
5380,2023-09-19,15,15,1,1084,1,3562170,3562170,Campo,Transferencia,USD,2023,9
5381,2023-09-04,21,6,4,1020,5,3334810,16674050,Online,Cheque,USD,2023,9
5382,2024-01-06,846,5,1,1184,5,35120,175600,Online,Efectivo,ARS,2024,1
5383,2023-10-14,59,20,1,1128,5,4239600,21198000,Campo,Tarjeta débito,USD,2023,10
5384,2023-01-10,360,53,4,1050,2,3344030,6688060,Online,Efectivo,USD,2023,1
5385,2024-06-12,594,53,4,1090,1,318200,318200,Campo,Tarjeta débito,USD,2024,6
5386,2024-01-13,630,23,3,1104,1,276720,276720,Teléfono,Tarjeta crédito,ARS,2024,1
5387,2023-12-17,113,51,1,1194,3,67070,201210,Teléfono,Cheque,ARS,2023,12
5388,2024-12-22,807,21,1,1074,1,78070,78070,Teléfono,Tarjeta débito,USD,2024,12
5389,2024-03-19,276,54,2,1269,1,37810,37810,Mostrador,Transferencia,USD,2024,3
5390,2024-11-24,257,13,4,1015,2,279620,559240,Teléfono,Cheque,ARS,2024,11
5391,2023-06-02,329,51,1,1214,4,423290,1693160,Campo,Tarjeta débito,USD,2023,6
5392,2024-03-17,777,1,4,1283,1,3454340,3454340,Teléfono,Cheque,ARS,2024,3
5393,2024-11-25,235,19,1,1198,1,3402730,3402730,Campo,Tarjeta crédito,USD,2024,11
5394,2024-04-01,51,25,4,1204,4,2221380,8885520,Campo,Tarjeta crédito,USD,2024,4
5395,2024-08-27,678,40,4,1195,4,118390,473560,Campo,Tarjeta crédito,USD,2024,8
5396,2023-11-27,231,21,1,1036,1,20400,20400,Teléfono,Transferencia,USD,2023,11
5397,2023-04-12,221,47,1,1205,1,182110,182110,Campo,Cheque,ARS,2023,4
5398,2023-12-20,271,38,4,1249,3,48710,146130,Online,Efectivo,USD,2023,12
5399,2023-12-03,84,8,2,1139,4,200480,801920,Campo,Efectivo,USD,2023,12
5400,2024-11-25,230,40,4,1264,3,64190,192570,Mostrador,Efectivo,USD,2024,11
5401,2023-09-25,297,37,3,1057,2,1931650,3863300,Teléfono,Cheque,USD,2023,9
5402,2024-12-22,222,47,1,1110,1,148140,148140,Mostrador,Tarjeta crédito,USD,2024,12
5403,2024-12-20,943,25,4,1174,1,4454760,4454760,Campo,Efectivo,ARS,2024,12
5404,2023-09-29,154,2,1,1206,1,2869790,2869790,Campo,Tarjeta débito,ARS,2023,9
5405,2023-11-20,54,36,4,1225,5,72820,364100,Teléfono,Cheque,ARS,2023,11
5406,2024-12-03,631,21,1,1064,1,2903690,2903690,Mostrador,Efectivo,ARS,2024,12
5407,2024-12-22,710,38,4,1252,1,4891480,4891480,Teléfono,Transferencia,ARS,2024,12
5408,2023-12-16,273,2,1,1267,3,241230,723690,Mostrador,Efectivo,USD,2023,12
5409,2023-11-13,198,52,1,1201,1,291720,291720,Teléfono,Tarjeta crédito,ARS,2023,11
5410,2024-01-30,128,21,1,1062,1,4889810,4889810,Mostrador,Tarjeta débito,ARS,2024,1
5411,2024-07-25,604,53,4,1093,5,4285250,21426250,Mostrador,Efectivo,ARS,2024,7
5412,2023-10-28,9,17,3,1183,4,4084250,16337000,Mostrador,Tarjeta crédito,USD,2023,10
5413,2024-09-16,987,53,4,1300,1,6203960,6203960,Mostrador,Cheque,ARS,2024,9
5414,2023-02-26,227,19,1,1214,1,4788250,4788250,Online,Efectivo,USD,2023,2
5415,2023-02-24,46,9,4,1142,1,3838160,3838160,Campo,Transferencia,ARS,2023,2
5416,2023-11-30,134,36,4,1083,1,2336880,2336880,Mostrador,Tarjeta crédito,USD,2023,11
5417,2023-11-21,16,30,1,1099,5,424580,2122900,Teléfono,Tarjeta crédito,ARS,2023,11
5418,2023-11-11,215,47,1,1281,5,36670,183350,Mostrador,Tarjeta débito,ARS,2023,11
5419,2023-12-29,112,54,2,1102,1,3105520,3105520,Campo,Tarjeta débito,USD,2023,12
5420,2023-11-12,343,49,1,1214,1,27260,27260,Campo,Tarjeta débito,ARS,2023,11
5421,2023-07-30,157,2,1,1071,4,3950810,15803240,Online,Cheque,ARS,2023,7
5422,2023-11-09,318,46,4,1242,1,323610,323610,Campo,Efectivo,USD,2023,11
5423,2024-12-25,360,30,1,1266,2,4166150,8332300,Mostrador,Transferencia,ARS,2024,12
5424,2023-12-07,376,6,4,1130,4,152140,608560,Campo,Efectivo,ARS,2023,12
5425,2023-12-16,390,46,4,1060,4,3920930,15683720,Online,Cheque,USD,2023,12
5426,2024-03-25,296,10,3,1085,4,248740,994960,Online,Transferencia,USD,2024,3
5427,2024-12-27,198,12,3,1119,3,360930,1082790,Campo,Cheque,USD,2024,12
5428,2023-09-23,58,15,1,1263,1,334000,334000,Teléfono,Cheque,USD,2023,9
5429,2024-07-18,398,36,4,1104,2,82900,165800,Teléfono,Cheque,ARS,2024,7
5430,2024-08-25,590,15,1,1021,1,5402830,5402830,Teléfono,Cheque,ARS,2024,8
5431,2024-04-28,242,17,3,1097,1,243690,243690,Online,Transferencia,USD,2024,4
5432,2023-04-08,367,25,4,1212,1,5447010,5447010,Online,Efectivo,ARS,2023,4
5433,2024-07-13,611,3,3,1001,4,5614770,22459080,Online,Tarjeta débito,ARS,2024,7
5434,2023-03-12,6,53,4,1203,1,422700,422700,Teléfono,Efectivo,USD,2023,3
5435,2024-04-15,791,8,2,1128,1,6088190,6088190,Online,Efectivo,USD,2024,4
5436,2024-09-20,318,52,1,1244,2,2301260,4602520,Campo,Efectivo,USD,2024,9
5437,2023-08-20,212,6,4,1132,2,6191670,12383340,Campo,Tarjeta crédito,USD,2023,8
5438,2024-11-18,273,15,1,1034,2,160240,320480,Online,Transferencia,ARS,2024,11
5439,2023-02-03,84,13,4,1087,3,2062360,6187080,Teléfono,Efectivo,ARS,2023,2
5440,2024-11-19,624,47,1,1032,4,29570,118280,Mostrador,Cheque,ARS,2024,11
5441,2023-12-21,198,38,4,1259,3,2757560,8272680,Teléfono,Transferencia,ARS,2023,12
5442,2023-08-27,360,32,1,1119,4,426000,1704000,Mostrador,Efectivo,ARS,2023,8
5443,2023-05-27,381,22,2,1252,5,1798930,8994650,Teléfono,Efectivo,ARS,2023,5
5444,2024-12-19,540,37,3,1033,1,2449060,2449060,Teléfono,Tarjeta débito,USD,2024,12
5445,2023-03-21,141,7,2,1286,4,201210,804840,Campo,Cheque,USD,2023,3
5446,2023-08-07,173,35,1,1216,3,324190,972570,Campo,Cheque,USD,2023,8
5447,2023-11-20,20,55,2,1049,3,221820,665460,Campo,Transferencia,USD,2023,11
5448,2024-05-12,954,51,1,1286,1,2684080,2684080,Campo,Tarjeta crédito,USD,2024,5
5449,2024-02-19,977,21,1,1082,4,5120190,20480760,Teléfono,Tarjeta crédito,ARS,2024,2
5450,2023-05-18,117,21,1,1144,2,132020,264040,Online,Cheque,ARS,2023,5
5451,2023-11-04,54,12,3,1280,1,4170040,4170040,Mostrador,Tarjeta crédito,USD,2023,11
5452,2023-09-19,227,51,1,1092,1,72250,72250,Online,Transferencia,ARS,2023,9
5453,2023-08-23,109,27,4,1224,2,4983780,9967560,Campo,Cheque,ARS,2023,8
5454,2023-12-07,231,26,2,1217,1,394400,394400,Mostrador,Tarjeta débito,ARS,2023,12
5455,2024-08-12,320,49,1,1156,2,3949520,7899040,Campo,Tarjeta crédito,USD,2024,8
5456,2023-08-27,308,22,2,1277,4,4161680,16646720,Online,Transferencia,ARS,2023,8
5457,2023-11-25,229,27,4,1008,1,301000,301000,Campo,Efectivo,ARS,2023,11
5458,2023-12-02,299,49,1,1036,1,259380,259380,Campo,Tarjeta débito,USD,2023,12
5459,2024-12-25,87,25,4,1124,1,349140,349140,Online,Tarjeta débito,ARS,2024,12
5460,2024-12-19,786,7,2,1009,1,1809960,1809960,Online,Transferencia,ARS,2024,12
5461,2024-11-07,228,30,1,1040,3,324830,974490,Campo,Transferencia,USD,2024,11
5462,2023-09-23,340,46,4,1179,1,5307400,5307400,Mostrador,Transferencia,USD,2023,9
5463,2023-03-16,310,5,1,1129,2,45950,91900,Campo,Efectivo,USD,2023,3
5464,2023-11-11,316,47,1,1068,5,202450,1012250,Online,Efectivo,USD,2023,11
5465,2023-10-20,379,6,4,1154,1,3640940,3640940,Campo,Tarjeta crédito,USD,2023,10
5466,2024-01-08,583,11,3,1003,1,4291050,4291050,Online,Transferencia,USD,2024,1
5467,2024-11-01,740,33,4,1265,2,51650,103300,Teléfono,Tarjeta crédito,USD,2024,11
5468,2024-11-23,385,44,3,1004,5,123820,619100,Mostrador,Tarjeta débito,USD,2024,11
5469,2024-11-19,113,9,4,1262,3,3248300,9744900,Online,Efectivo,ARS,2024,11
5470,2023-11-23,293,53,4,1214,1,250270,250270,Online,Tarjeta débito,ARS,2023,11
5471,2024-07-24,305,47,1,1282,5,39490,197450,Online,Transferencia,USD,2024,7
5472,2023-11-10,291,38,4,1085,3,265230,795690,Teléfono,Cheque,USD,2023,11
5473,2023-03-08,105,10,3,1109,4,3601050,14404200,Online,Transferencia,USD,2023,3
5474,2024-08-09,963,16,1,1035,2,124570,249140,Teléfono,Tarjeta débito,ARS,2024,8
5475,2023-01-11,291,8,2,1114,1,4551250,4551250,Campo,Efectivo,USD,2023,1
5476,2023-12-07,9,32,1,1059,4,150010,600040,Campo,Tarjeta crédito,ARS,2023,12
5477,2023-11-15,165,40,4,1038,3,266860,800580,Mostrador,Tarjeta débito,ARS,2023,11
5478,2024-07-31,60,56,2,1033,2,311010,622020,Online,Tarjeta débito,ARS,2024,7
5479,2024-10-19,312,33,4,1203,5,38860,194300,Online,Transferencia,ARS,2024,10
5480,2023-11-08,106,51,1,1202,2,154560,309120,Mostrador,Cheque,USD,2023,11
5481,2024-11-10,623,11,3,1100,3,157380,472140,Campo,Efectivo,USD,2024,11
5482,2023-11-05,89,49,1,1085,1,387260,387260,Online,Tarjeta débito,ARS,2023,11
5483,2023-12-17,268,3,3,1287,1,202300,202300,Campo,Efectivo,ARS,2023,12
5484,2024-09-06,742,6,4,1118,3,3944840,11834520,Teléfono,Cheque,USD,2024,9
5485,2024-07-31,839,6,4,1243,1,1852020,1852020,Campo,Transferencia,USD,2024,7
5486,2024-12-28,583,9,4,1029,1,318240,318240,Teléfono,Transferencia,USD,2024,12
5487,2023-09-05,119,53,4,1227,1,3539110,3539110,Campo,Transferencia,USD,2023,9
5488,2024-06-27,900,52,1,1127,1,2107630,2107630,Mostrador,Tarjeta débito,ARS,2024,6
5489,2024-04-30,445,21,1,1213,2,283320,566640,Mostrador,Tarjeta débito,USD,2024,4
5490,2024-12-08,429,36,4,1187,1,116310,116310,Online,Cheque,USD,2024,12
5491,2023-06-21,351,7,2,1113,5,314110,1570550,Teléfono,Tarjeta débito,USD,2023,6
5492,2024-10-03,946,2,1,1299,5,429580,2147900,Campo,Cheque,ARS,2024,10
5493,2024-03-16,306,34,2,1161,3,310190,930570,Teléfono,Tarjeta crédito,USD,2024,3
5494,2023-10-29,103,2,1,1019,1,375800,375800,Mostrador,Tarjeta crédito,USD,2023,10
5495,2023-12-25,202,43,1,1264,5,443410,2217050,Mostrador,Efectivo,USD,2023,12
5496,2023-11-16,23,13,4,1159,1,136600,136600,Campo,Transferencia,ARS,2023,11
5497,2024-03-28,90,49,1,1011,5,349440,1747200,Online,Efectivo,USD,2024,3
5498,2024-12-01,471,43,1,1008,1,143310,143310,Teléfono,Cheque,ARS,2024,12
5499,2024-03-17,93,2,1,1153,1,148480,148480,Campo,Cheque,ARS,2024,3
5500,2024-05-24,776,53,4,1113,1,3226370,3226370,Online,Tarjeta crédito,ARS,2024,5
5501,2024-01-22,979,33,4,1148,4,247230,988920,Campo,Cheque,ARS,2024,1
5502,2023-02-26,285,46,4,1038,3,4161610,12484830,Campo,Efectivo,ARS,2023,2
5503,2023-09-13,171,16,1,1135,2,156330,312660,Campo,Efectivo,ARS,2023,9
5504,2023-12-29,309,25,4,1235,4,275230,1100920,Teléfono,Transferencia,ARS,2023,12
5505,2023-11-10,390,42,3,1255,3,327350,982050,Online,Efectivo,ARS,2023,11
5506,2023-07-19,221,33,4,1074,1,86180,86180,Mostrador,Tarjeta crédito,USD,2023,7
5507,2024-01-06,536,46,4,1104,1,4018720,4018720,Teléfono,Tarjeta crédito,ARS,2024,1
5508,2023-11-13,376,30,1,1276,5,278530,1392650,Teléfono,Cheque,USD,2023,11
5509,2023-10-11,202,48,2,1209,1,209200,209200,Campo,Tarjeta débito,USD,2023,10
5510,2023-12-22,124,2,1,1267,1,342690,342690,Campo,Tarjeta débito,USD,2023,12
5511,2023-05-27,142,49,1,1144,1,83140,83140,Campo,Tarjeta débito,ARS,2023,5
5512,2024-12-12,52,27,4,1042,4,206390,825560,Teléfono,Efectivo,USD,2024,12
5513,2024-11-25,70,9,4,1224,1,199250,199250,Campo,Tarjeta débito,ARS,2024,11
5514,2024-08-16,260,53,4,1131,1,275540,275540,Teléfono,Cheque,ARS,2024,8
5515,2023-04-27,186,59,2,1052,5,414900,2074500,Campo,Tarjeta crédito,ARS,2023,4
5516,2024-10-30,884,32,1,1249,1,84580,84580,Online,Cheque,ARS,2024,10
5517,2024-11-09,719,35,1,1137,5,42710,213550,Teléfono,Tarjeta débito,USD,2024,11
5518,2024-10-21,293,21,1,1195,1,147370,147370,Teléfono,Efectivo,USD,2024,10
5519,2023-05-06,304,39,2,1095,4,43340,173360,Campo,Efectivo,USD,2023,5
5520,2024-06-07,378,60,3,1258,3,2221380,6664140,Campo,Tarjeta crédito,USD,2024,6
5521,2024-11-16,39,2,1,1025,2,53320,106640,Mostrador,Cheque,ARS,2024,11
5522,2024-03-26,348,1,4,1232,1,2740630,2740630,Mostrador,Efectivo,ARS,2024,3
5523,2024-06-10,578,5,1,1201,5,332030,1660150,Mostrador,Efectivo,ARS,2024,6
5524,2023-12-20,13,38,4,1094,1,4041670,4041670,Mostrador,Tarjeta crédito,ARS,2023,12
5525,2024-02-01,706,8,2,1244,3,399490,1198470,Campo,Efectivo,USD,2024,2
5526,2023-02-07,316,30,1,1221,1,2949470,2949470,Teléfono,Cheque,USD,2023,2
5527,2024-06-01,506,13,4,1297,1,444610,444610,Campo,Tarjeta crédito,USD,2024,6
5528,2023-03-31,382,1,4,1203,1,3705580,3705580,Campo,Tarjeta crédito,ARS,2023,3
5529,2023-12-14,288,39,2,1298,1,29790,29790,Campo,Tarjeta débito,USD,2023,12
5530,2023-11-05,133,54,2,1081,3,401560,1204680,Online,Tarjeta débito,ARS,2023,11
5531,2024-02-20,707,5,1,1205,1,382730,382730,Teléfono,Tarjeta débito,USD,2024,2
5532,2023-05-27,322,11,3,1077,1,295410,295410,Mostrador,Efectivo,USD,2023,5
5533,2024-07-29,590,9,4,1038,1,199640,199640,Campo,Efectivo,USD,2024,7
5534,2024-11-05,250,14,1,1195,1,4805720,4805720,Online,Transferencia,USD,2024,11
5535,2023-06-29,232,14,1,1042,1,262860,262860,Online,Cheque,USD,2023,6
5536,2023-04-25,180,36,4,1182,1,4977610,4977610,Campo,Tarjeta crédito,USD,2023,4
5537,2023-06-09,382,43,1,1245,4,3977070,15908280,Online,Cheque,ARS,2023,6
5538,2024-11-28,689,50,3,1195,1,173680,173680,Online,Cheque,USD,2024,11
5539,2024-02-01,29,26,2,1078,1,2539510,2539510,Campo,Tarjeta crédito,ARS,2024,2
5540,2023-12-23,166,3,3,1062,1,5762920,5762920,Online,Cheque,USD,2023,12
5541,2023-04-28,326,52,1,1125,2,138230,276460,Campo,Tarjeta crédito,ARS,2023,4
5542,2024-06-13,738,47,1,1141,1,141250,141250,Online,Tarjeta crédito,ARS,2024,6
5543,2024-11-25,648,19,1,1027,1,138090,138090,Online,Tarjeta crédito,ARS,2024,11
5544,2024-11-14,187,1,4,1068,3,338100,1014300,Mostrador,Efectivo,USD,2024,11
5545,2024-05-18,55,13,4,1066,5,25450,127250,Campo,Efectivo,ARS,2024,5
5546,2023-03-24,366,27,4,1281,3,167630,502890,Mostrador,Transferencia,USD,2023,3
5547,2023-05-04,2,42,3,1293,1,3954960,3954960,Campo,Efectivo,ARS,2023,5
5548,2023-02-24,319,43,1,1242,1,258040,258040,Campo,Cheque,ARS,2023,2
5549,2023-10-10,17,2,1,1236,1,116270,116270,Mostrador,Tarjeta crédito,ARS,2023,10
5550,2023-05-29,59,36,4,1203,1,195650,195650,Teléfono,Transferencia,USD,2023,5
5551,2023-10-13,88,56,2,1079,1,2428260,2428260,Online,Efectivo,ARS,2023,10
5552,2023-11-30,223,35,1,1142,1,89390,89390,Online,Transferencia,USD,2023,11
5553,2024-12-16,784,30,1,1094,5,181440,907200,Campo,Cheque,USD,2024,12
5554,2024-05-01,58,19,1,1152,1,4109120,4109120,Teléfono,Efectivo,ARS,2024,5
5555,2024-11-16,704,51,1,1253,1,6525800,6525800,Campo,Tarjeta débito,USD,2024,11
5556,2024-08-19,562,57,4,1067,4,1740480,6961920,Campo,Tarjeta débito,USD,2024,8
5557,2023-05-04,213,4,4,1176,1,53290,53290,Online,Transferencia,ARS,2023,5
5558,2024-09-16,230,4,4,1103,1,207540,207540,Mostrador,Tarjeta débito,USD,2024,9
5559,2023-10-29,154,36,4,1091,2,2559500,5119000,Online,Efectivo,USD,2023,10
5560,2024-06-02,273,53,4,1193,3,4749510,14248530,Campo,Tarjeta crédito,USD,2024,6
5561,2023-11-18,370,26,2,1166,5,5035050,25175250,Campo,Cheque,USD,2023,11
5562,2024-12-31,46,51,1,1090,2,212270,424540,Mostrador,Transferencia,USD,2024,12
5563,2023-10-17,362,25,4,1216,4,242270,969080,Online,Efectivo,USD,2023,10
5564,2023-11-01,383,47,1,1068,4,4853650,19414600,Online,Transferencia,ARS,2023,11
5565,2024-12-12,452,32,1,1268,1,52750,52750,Mostrador,Tarjeta crédito,ARS,2024,12
5566,2023-01-28,306,5,1,1051,3,381670,1145010,Campo,Tarjeta débito,ARS,2023,1
5567,2024-08-04,427,26,2,1166,2,348070,696140,Campo,Tarjeta débito,ARS,2024,8
5568,2024-09-04,118,5,1,1174,1,5468810,5468810,Online,Tarjeta crédito,USD,2024,9
5569,2024-11-17,688,51,1,1227,1,190640,190640,Mostrador,Cheque,ARS,2024,11
5570,2024-12-24,580,22,2,1266,5,326090,1630450,Online,Tarjeta crédito,ARS,2024,12
5571,2024-12-25,251,4,4,1009,1,5411390,5411390,Online,Tarjeta crédito,ARS,2024,12
5572,2023-03-13,230,44,3,1087,1,164950,164950,Campo,Cheque,USD,2023,3
5573,2024-11-13,921,33,4,1094,4,349160,1396640,Mostrador,Transferencia,USD,2024,11
5574,2024-06-10,200,16,1,1052,4,253280,1013120,Mostrador,Tarjeta crédito,USD,2024,6
5575,2024-06-11,146,16,1,1179,2,4731700,9463400,Online,Cheque,USD,2024,6
5576,2023-05-21,51,24,3,1278,3,2899500,8698500,Campo,Transferencia,ARS,2023,5
5577,2024-06-14,914,55,2,1239,5,3455580,17277900,Teléfono,Efectivo,ARS,2024,6
5578,2024-12-27,368,23,3,1073,1,316030,316030,Mostrador,Transferencia,USD,2024,12
5579,2024-12-07,698,53,4,1167,3,6459780,19379340,Teléfono,Tarjeta débito,USD,2024,12
5580,2023-12-15,320,1,4,1072,1,2818610,2818610,Online,Efectivo,USD,2023,12
5581,2023-02-13,199,6,4,1068,5,162230,811150,Mostrador,Efectivo,ARS,2023,2
5582,2023-11-24,145,51,1,1005,1,166140,166140,Mostrador,Cheque,USD,2023,11
5583,2024-11-14,59,14,1,1167,3,2109870,6329610,Mostrador,Cheque,USD,2024,11
5584,2024-08-09,707,8,2,1238,1,3554140,3554140,Teléfono,Cheque,USD,2024,8
5585,2023-12-20,143,19,1,1121,1,196860,196860,Campo,Tarjeta crédito,USD,2023,12
5586,2023-03-02,223,14,1,1211,2,290900,581800,Mostrador,Efectivo,USD,2023,3
5587,2023-12-12,100,52,1,1262,1,189760,189760,Mostrador,Tarjeta crédito,USD,2023,12
5588,2023-12-23,26,51,1,1164,3,4753160,14259480,Teléfono,Efectivo,USD,2023,12
5589,2024-12-12,432,15,1,1058,3,162230,486690,Mostrador,Cheque,ARS,2024,12
5590,2024-06-04,526,14,1,1043,1,383660,383660,Mostrador,Transferencia,ARS,2024,6
5591,2023-11-10,122,23,3,1197,4,2770170,11080680,Campo,Transferencia,ARS,2023,11
5592,2024-01-29,465,44,3,1072,2,150400,300800,Online,Efectivo,USD,2024,1
5593,2023-03-14,265,27,4,1091,5,169460,847300,Teléfono,Tarjeta crédito,ARS,2023,3
5594,2024-12-24,7,44,3,1037,2,162220,324440,Teléfono,Cheque,ARS,2024,12
5595,2023-11-23,219,19,1,1084,1,192310,192310,Teléfono,Transferencia,USD,2023,11
5596,2023-12-26,220,30,1,1237,1,3642100,3642100,Campo,Efectivo,USD,2023,12
5597,2023-11-22,183,51,1,1293,3,3200680,9602040,Online,Tarjeta crédito,USD,2023,11
5598,2024-07-19,396,25,4,1154,1,3996950,3996950,Mostrador,Tarjeta crédito,ARS,2024,7
5599,2024-06-27,913,13,4,1170,1,230140,230140,Teléfono,Tarjeta crédito,USD,2024,6
5600,2024-08-24,457,51,1,1272,1,139710,139710,Online,Efectivo,USD,2024,8
5601,2023-10-22,108,51,1,1110,2,4205320,8410640,Campo,Tarjeta crédito,ARS,2023,10
5602,2023-11-11,392,46,4,1151,4,233230,932920,Campo,Tarjeta crédito,USD,2023,11
5603,2023-05-18,347,60,3,1131,2,4169450,8338900,Mostrador,Transferencia,USD,2023,5
5604,2024-06-20,636,33,4,1268,5,1994270,9971350,Online,Tarjeta débito,ARS,2024,6
5605,2023-02-13,170,16,1,1023,4,1757550,7030200,Teléfono,Efectivo,USD,2023,2
5606,2024-04-17,460,16,1,1139,1,181940,181940,Teléfono,Transferencia,ARS,2024,4
5607,2024-11-26,933,6,4,1249,2,2305340,4610680,Teléfono,Transferencia,USD,2024,11
5608,2024-12-02,916,38,4,1239,3,429400,1288200,Mostrador,Tarjeta crédito,USD,2024,12
5609,2023-12-18,257,46,4,1192,3,4632730,13898190,Online,Tarjeta crédito,USD,2023,12
5610,2023-12-20,9,8,2,1127,1,80120,80120,Online,Tarjeta débito,ARS,2023,12
5611,2023-03-26,367,60,3,1029,4,2408170,9632680,Campo,Tarjeta crédito,USD,2023,3
5612,2024-07-06,792,36,4,1121,1,4802090,4802090,Online,Efectivo,USD,2024,7
5613,2024-11-12,125,16,1,1198,1,102790,102790,Campo,Efectivo,USD,2024,11
5614,2023-09-26,162,32,1,1174,2,2250980,4501960,Mostrador,Cheque,USD,2023,9
5615,2023-12-10,36,46,4,1144,1,2399330,2399330,Online,Tarjeta débito,ARS,2023,12
5616,2024-11-17,4,52,1,1179,1,148260,148260,Online,Efectivo,USD,2024,11
5617,2024-11-28,413,26,2,1011,1,4298950,4298950,Teléfono,Tarjeta débito,ARS,2024,11
5618,2023-09-24,87,27,4,1139,1,5604800,5604800,Campo,Cheque,USD,2023,9
5619,2024-02-25,483,53,4,1253,1,370790,370790,Online,Tarjeta débito,USD,2024,2
5620,2023-07-31,400,15,1,1133,2,54350,108700,Online,Tarjeta débito,USD,2023,7
5621,2023-04-22,264,35,1,1084,1,2280750,2280750,Online,Cheque,USD,2023,4
5622,2024-12-07,603,4,4,1019,5,125220,626100,Mostrador,Efectivo,ARS,2024,12
5623,2024-11-12,807,36,4,1160,3,305950,917850,Mostrador,Tarjeta crédito,ARS,2024,11
5624,2024-10-12,58,33,4,1135,1,334200,334200,Online,Tarjeta crédito,USD,2024,10
5625,2023-02-23,140,56,2,1122,2,3423690,6847380,Campo,Cheque,USD,2023,2
5626,2024-11-19,172,51,1,1072,1,3023650,3023650,Teléfono,Transferencia,USD,2024,11
5627,2023-12-15,260,12,3,1055,1,290720,290720,Campo,Efectivo,USD,2023,12
5628,2023-11-18,25,33,4,1169,1,43040,43040,Online,Cheque,ARS,2023,11
5629,2024-02-21,198,46,4,1099,1,5379820,5379820,Online,Tarjeta débito,USD,2024,2
5630,2023-04-11,67,47,1,1070,4,286730,1146920,Teléfono,Cheque,USD,2023,4
5631,2024-10-09,423,30,1,1149,3,153710,461130,Mostrador,Efectivo,USD,2024,10
5632,2024-03-31,118,8,2,1117,4,2401670,9606680,Teléfono,Tarjeta débito,ARS,2024,3
5633,2023-07-24,280,9,4,1026,5,4365800,21829000,Online,Cheque,USD,2023,7
5634,2023-07-26,6,40,4,1248,1,29420,29420,Online,Tarjeta crédito,USD,2023,7
5635,2023-07-22,97,52,1,1209,2,193950,387900,Teléfono,Tarjeta débito,USD,2023,7
5636,2023-03-04,72,19,1,1227,4,167440,669760,Mostrador,Tarjeta crédito,ARS,2023,3
5637,2024-04-06,929,23,3,1114,2,50980,101960,Mostrador,Transferencia,ARS,2024,4
5638,2024-11-18,432,16,1,1194,4,48760,195040,Online,Transferencia,USD,2024,11
5639,2023-01-20,380,38,4,1066,4,3172280,12689120,Teléfono,Transferencia,ARS,2023,1
5640,2023-02-23,258,46,4,1010,1,1890070,1890070,Online,Efectivo,USD,2023,2
5641,2024-03-21,550,54,2,1095,3,3517730,10553190,Teléfono,Tarjeta débito,USD,2024,3
5642,2024-11-12,808,47,1,1121,1,160030,160030,Mostrador,Tarjeta débito,ARS,2024,11
5643,2023-11-14,56,27,4,1126,3,113330,339990,Teléfono,Efectivo,USD,2023,11
5644,2023-11-20,103,49,1,1037,5,3898040,19490200,Online,Tarjeta crédito,ARS,2023,11
5645,2024-04-16,103,35,1,1069,5,1838100,9190500,Teléfono,Tarjeta débito,USD,2024,4
5646,2023-10-28,216,9,4,1297,1,1689500,1689500,Teléfono,Transferencia,ARS,2023,10
5647,2023-01-30,21,33,4,1174,1,284070,284070,Teléfono,Efectivo,ARS,2023,1
5648,2024-09-15,627,6,4,1045,1,251480,251480,Mostrador,Efectivo,ARS,2024,9
5649,2024-05-18,210,47,1,1123,1,2456120,2456120,Teléfono,Tarjeta débito,ARS,2024,5
5650,2024-03-30,291,14,1,1027,3,116400,349200,Mostrador,Efectivo,USD,2024,3
5651,2024-09-22,715,16,1,1193,3,2577120,7731360,Online,Tarjeta crédito,ARS,2024,9
5652,2024-07-11,971,19,1,1127,1,341300,341300,Teléfono,Efectivo,USD,2024,7
5653,2023-08-14,323,6,4,1136,1,223340,223340,Teléfono,Tarjeta débito,ARS,2023,8
5654,2023-11-21,188,32,1,1195,4,249240,996960,Teléfono,Tarjeta crédito,USD,2023,11
5655,2023-05-19,151,4,4,1049,1,178060,178060,Mostrador,Tarjeta crédito,ARS,2023,5
5656,2023-05-23,191,16,1,1096,5,351250,1756250,Mostrador,Efectivo,USD,2023,5
5657,2024-07-12,407,32,1,1121,1,183230,183230,Mostrador,Tarjeta crédito,ARS,2024,7
5658,2024-11-23,214,25,4,1249,2,5864510,11729020,Mostrador,Tarjeta débito,USD,2024,11
5659,2024-12-21,891,52,1,1217,1,138470,138470,Online,Cheque,USD,2024,12
5660,2024-05-21,554,14,1,1114,5,3615750,18078750,Campo,Cheque,ARS,2024,5
5661,2023-07-21,194,20,1,1014,1,113690,113690,Mostrador,Tarjeta débito,ARS,2023,7
5662,2023-04-26,250,14,1,1062,1,3841200,3841200,Teléfono,Tarjeta crédito,ARS,2023,4
5663,2024-11-10,593,56,2,1043,1,1684720,1684720,Teléfono,Transferencia,ARS,2024,11
5664,2024-03-27,41,47,1,1240,2,305420,610840,Mostrador,Tarjeta débito,USD,2024,3
5665,2024-05-10,370,4,4,1096,1,159880,159880,Teléfono,Tarjeta débito,USD,2024,5
5666,2024-11-02,20,57,4,1027,1,4405740,4405740,Online,Efectivo,USD,2024,11
5667,2024-08-11,9,59,2,1119,5,1581900,7909500,Mostrador,Tarjeta crédito,USD,2024,8
5668,2024-11-16,825,32,1,1242,2,2488850,4977700,Teléfono,Tarjeta débito,ARS,2024,11
5669,2023-03-03,124,23,3,1240,2,209460,418920,Online,Transferencia,ARS,2023,3
5670,2024-09-29,203,21,1,1287,1,405380,405380,Mostrador,Cheque,USD,2024,9
5671,2024-11-21,913,11,3,1067,5,3988360,19941800,Teléfono,Tarjeta crédito,ARS,2024,11
5672,2023-11-03,78,25,4,1281,1,140530,140530,Online,Tarjeta crédito,ARS,2023,11
5673,2024-06-03,722,2,1,1192,2,65630,131260,Campo,Efectivo,USD,2024,6
5674,2023-11-11,18,13,4,1119,1,123620,123620,Campo,Transferencia,USD,2023,11
5675,2024-12-20,748,4,4,1152,2,2991730,5983460,Campo,Transferencia,USD,2024,12
5676,2023-02-06,319,1,4,1265,2,57940,115880,Online,Tarjeta débito,ARS,2023,2
5677,2024-03-29,712,47,1,1231,1,46050,46050,Campo,Cheque,USD,2024,3
5678,2023-07-02,349,12,3,1249,1,1605100,1605100,Mostrador,Efectivo,USD,2023,7
5679,2024-08-21,968,13,4,1059,1,321120,321120,Online,Transferencia,USD,2024,8
5680,2023-07-12,282,5,1,1017,5,49870,249350,Campo,Tarjeta débito,USD,2023,7
5681,2023-09-16,252,33,4,1171,5,3248300,16241500,Campo,Tarjeta débito,USD,2023,9
5682,2023-12-30,340,51,1,1132,5,3506910,17534550,Online,Tarjeta crédito,USD,2023,12
5683,2024-12-08,751,35,1,1136,1,4332880,4332880,Online,Cheque,ARS,2024,12
5684,2023-08-21,269,53,4,1042,1,30850,30850,Teléfono,Cheque,ARS,2023,8
5685,2023-06-08,119,38,4,1032,1,5166500,5166500,Online,Cheque,USD,2023,6
5686,2024-10-11,1000,57,4,1006,4,443410,1773640,Mostrador,Tarjeta débito,ARS,2024,10
5687,2024-01-02,401,6,4,1214,1,162660,162660,Campo,Efectivo,ARS,2024,1
5688,2024-12-07,371,20,1,1170,1,171060,171060,Teléfono,Cheque,ARS,2024,12
5689,2023-06-10,282,35,1,1288,1,2366900,2366900,Online,Tarjeta crédito,USD,2023,6
5690,2024-06-09,390,1,4,1242,1,280350,280350,Online,Cheque,ARS,2024,6
5691,2023-09-13,337,32,1,1215,5,428830,2144150,Mostrador,Transferencia,ARS,2023,9
5692,2023-06-21,388,1,4,1069,1,338920,338920,Online,Transferencia,USD,2023,6
5693,2024-07-20,345,39,2,1027,1,1901320,1901320,Teléfono,Efectivo,ARS,2024,7
5694,2024-04-13,519,2,1,1225,3,3344030,10032090,Campo,Tarjeta crédito,ARS,2024,4
5695,2024-10-07,273,43,1,1230,1,430440,430440,Campo,Transferencia,USD,2024,10
5696,2023-11-09,253,48,2,1234,1,6545060,6545060,Campo,Transferencia,USD,2023,11
5697,2023-12-17,342,36,4,1051,4,318340,1273360,Campo,Transferencia,USD,2023,12
5698,2023-12-06,128,33,4,1149,5,49920,249600,Teléfono,Efectivo,USD,2023,12
5699,2024-12-27,374,50,3,1075,1,84960,84960,Teléfono,Tarjeta crédito,USD,2024,12
5700,2023-11-05,92,26,2,1135,1,127020,127020,Online,Cheque,ARS,2023,11
5701,2023-11-05,306,15,1,1092,1,240810,240810,Mostrador,Tarjeta crédito,ARS,2023,11
5702,2023-11-22,384,16,1,1068,2,3924120,7848240,Teléfono,Transferencia,USD,2023,11
5703,2024-03-12,6,30,1,1235,1,335160,335160,Mostrador,Cheque,USD,2024,3
5704,2023-10-04,74,14,1,1144,3,2296590,6889770,Campo,Efectivo,ARS,2023,10
5705,2024-12-08,498,15,1,1076,1,81410,81410,Mostrador,Cheque,ARS,2024,12
5706,2023-10-19,56,32,1,1086,4,2570660,10282640,Online,Efectivo,USD,2023,10
5707,2024-12-03,807,16,1,1227,5,1813660,9068300,Online,Tarjeta débito,USD,2024,12
5708,2023-04-24,398,20,1,1056,1,345580,345580,Teléfono,Transferencia,ARS,2023,4
5709,2024-06-21,822,11,3,1080,1,3712550,3712550,Teléfono,Efectivo,ARS,2024,6
5710,2024-12-06,238,34,2,1024,1,183770,183770,Mostrador,Tarjeta débito,ARS,2024,12
5711,2023-07-05,22,19,1,1227,1,206390,206390,Teléfono,Tarjeta débito,USD,2023,7
5712,2024-12-23,441,46,4,1028,1,233070,233070,Online,Efectivo,ARS,2024,12
5713,2023-12-19,41,32,1,1121,4,281070,1124280,Online,Efectivo,ARS,2023,12
5714,2024-12-17,858,1,4,1093,1,307460,307460,Mostrador,Cheque,USD,2024,12
5715,2024-07-13,778,20,1,1143,3,110060,330180,Mostrador,Tarjeta débito,USD,2024,7
5716,2023-11-07,258,6,4,1112,2,201300,402600,Online,Cheque,ARS,2023,11
5717,2023-07-26,48,2,1,1133,1,4750800,4750800,Online,Efectivo,USD,2023,7
5718,2023-11-08,298,1,4,1031,1,250730,250730,Online,Transferencia,ARS,2023,11
5719,2023-04-13,139,16,1,1143,1,2887170,2887170,Teléfono,Efectivo,ARS,2023,4
5720,2023-06-07,202,57,4,1298,1,47610,47610,Mostrador,Transferencia,ARS,2023,6
5721,2023-04-25,140,32,1,1227,1,5393600,5393600,Mostrador,Efectivo,USD,2023,4
5722,2023-12-10,142,32,1,1250,1,202370,202370,Online,Cheque,ARS,2023,12
5723,2024-11-05,286,4,4,1050,2,5384280,10768560,Mostrador,Transferencia,ARS,2024,11
5724,2023-06-05,233,5,1,1214,5,138990,694950,Online,Cheque,ARS,2023,6
5725,2023-05-23,316,46,4,1269,1,5408820,5408820,Mostrador,Tarjeta crédito,USD,2023,5
5726,2024-06-06,461,15,1,1288,1,4041210,4041210,Teléfono,Transferencia,ARS,2024,6
5727,2023-08-05,158,54,2,1195,3,84700,254100,Online,Cheque,USD,2023,8
5728,2023-04-18,38,40,4,1254,1,108240,108240,Teléfono,Transferencia,USD,2023,4
5729,2023-07-03,75,43,1,1079,5,2124230,10621150,Teléfono,Tarjeta débito,USD,2023,7
5730,2024-12-11,321,43,1,1244,2,259940,519880,Teléfono,Efectivo,USD,2024,12
5731,2024-11-13,987,27,4,1091,3,4161680,12485040,Teléfono,Efectivo,ARS,2024,11
5732,2023-11-22,175,33,4,1006,1,3574570,3574570,Online,Transferencia,ARS,2023,11
5733,2024-06-20,39,40,4,1281,1,189510,189510,Campo,Transferencia,ARS,2024,6
5734,2024-02-11,433,52,1,1150,1,2752680,2752680,Campo,Transferencia,ARS,2024,2
5735,2024-07-13,485,54,2,1119,1,187590,187590,Teléfono,Efectivo,USD,2024,7
5736,2024-07-19,585,20,1,1282,1,5241800,5241800,Online,Efectivo,ARS,2024,7
5737,2024-05-21,58,30,1,1191,1,297600,297600,Campo,Transferencia,USD,2024,5
5738,2023-10-19,363,27,4,1274,1,2060570,2060570,Teléfono,Tarjeta débito,USD,2023,10
5739,2023-02-12,89,15,1,1073,1,3900420,3900420,Campo,Efectivo,ARS,2023,2
5740,2023-12-19,273,30,1,1228,3,296700,890100,Campo,Efectivo,USD,2023,12
5741,2024-12-02,134,30,1,1068,1,439420,439420,Campo,Transferencia,USD,2024,12
5742,2024-03-17,655,6,4,1287,1,298120,298120,Campo,Efectivo,ARS,2024,3
5743,2024-11-16,509,38,4,1063,1,177040,177040,Online,Cheque,ARS,2024,11
5744,2024-12-29,963,57,4,1134,1,1688270,1688270,Teléfono,Cheque,USD,2024,12
5745,2023-06-29,95,45,2,1202,1,120150,120150,Mostrador,Efectivo,ARS,2023,6
5746,2024-07-29,156,1,4,1268,5,102440,512200,Teléfono,Tarjeta crédito,ARS,2024,7
5747,2024-07-10,201,24,3,1223,1,92820,92820,Online,Efectivo,USD,2024,7
5748,2024-12-26,940,47,1,1126,4,65630,262520,Teléfono,Cheque,ARS,2024,12
5749,2024-12-28,499,21,1,1265,4,334520,1338080,Teléfono,Cheque,USD,2024,12
5750,2024-07-24,402,19,1,1007,5,196860,984300,Mostrador,Tarjeta crédito,USD,2024,7
5751,2023-09-25,160,45,2,1206,1,5129570,5129570,Online,Tarjeta crédito,ARS,2023,9
5752,2024-11-06,211,57,4,1179,1,246080,246080,Online,Tarjeta débito,ARS,2024,11
5753,2023-04-28,172,49,1,1183,2,307950,615900,Teléfono,Efectivo,ARS,2023,4
5754,2024-11-01,70,21,1,1228,5,77470,387350,Campo,Tarjeta crédito,USD,2024,11
5755,2024-12-07,831,4,4,1236,2,100580,201160,Online,Tarjeta crédito,ARS,2024,12
5756,2023-11-29,314,6,4,1146,1,1575630,1575630,Campo,Transferencia,USD,2023,11
5757,2024-05-23,431,23,3,1058,1,238210,238210,Online,Cheque,USD,2024,5
5758,2023-12-12,382,14,1,1296,3,57170,171510,Teléfono,Tarjeta crédito,ARS,2023,12
5759,2023-12-15,145,47,1,1241,4,56310,225240,Mostrador,Transferencia,ARS,2023,12
5760,2023-11-10,167,51,1,1133,4,168810,675240,Campo,Tarjeta débito,ARS,2023,11
5761,2024-10-15,955,51,1,1287,1,4454760,4454760,Teléfono,Transferencia,ARS,2024,10
5762,2024-12-14,391,35,1,1163,1,5756200,5756200,Mostrador,Transferencia,ARS,2024,12
5763,2024-12-15,319,8,2,1026,1,2621520,2621520,Mostrador,Tarjeta crédito,ARS,2024,12
5764,2023-07-11,117,19,1,1106,1,3697940,3697940,Mostrador,Cheque,ARS,2023,7
5765,2024-11-27,697,5,1,1240,1,141100,141100,Mostrador,Cheque,USD,2024,11
5766,2024-09-17,512,49,1,1127,3,2570660,7711980,Online,Tarjeta crédito,USD,2024,9
5767,2023-10-05,203,10,3,1201,4,3921540,15686160,Campo,Transferencia,ARS,2023,10
5768,2023-03-15,162,12,3,1042,1,150030,150030,Online,Transferencia,USD,2023,3
5769,2023-10-21,309,39,2,1133,1,28550,28550,Campo,Transferencia,USD,2023,10
5770,2024-12-07,962,51,1,1255,1,4820670,4820670,Teléfono,Cheque,ARS,2024,12
5771,2024-05-26,462,19,1,1044,1,262980,262980,Teléfono,Tarjeta débito,ARS,2024,5
5772,2024-08-30,850,16,1,1035,3,118990,356970,Campo,Tarjeta débito,ARS,2024,8
5773,2023-10-10,188,15,1,1048,1,196600,196600,Mostrador,Efectivo,USD,2023,10
5774,2024-08-29,555,4,4,1001,5,146450,732250,Teléfono,Transferencia,USD,2024,8
5775,2023-01-31,201,40,4,1226,1,5927680,5927680,Mostrador,Tarjeta crédito,USD,2023,1
5776,2023-11-27,231,24,3,1299,1,3202240,3202240,Teléfono,Efectivo,ARS,2023,11
5777,2024-05-19,516,53,4,1288,3,43740,131220,Teléfono,Efectivo,USD,2024,5
5778,2023-06-10,240,41,3,1236,1,2316860,2316860,Campo,Tarjeta crédito,ARS,2023,6
5779,2024-11-13,206,5,1,1033,4,80210,320840,Campo,Efectivo,USD,2024,11
5780,2023-09-15,331,40,4,1095,4,4089840,16359360,Online,Efectivo,USD,2023,9
5781,2024-06-16,606,21,1,1205,1,5565510,5565510,Teléfono,Cheque,USD,2024,6
5782,2023-12-06,232,38,4,1109,1,127510,127510,Teléfono,Tarjeta débito,USD,2023,12
5783,2024-04-15,875,49,1,1230,2,392340,784680,Teléfono,Cheque,ARS,2024,4
5784,2023-04-28,347,15,1,1030,1,419870,419870,Campo,Efectivo,USD,2023,4
5785,2023-01-19,349,50,3,1266,1,112560,112560,Teléfono,Cheque,USD,2023,1
5786,2024-12-07,948,52,1,1023,1,38450,38450,Teléfono,Tarjeta débito,ARS,2024,12
5787,2023-10-23,160,35,1,1097,2,5615580,11231160,Online,Efectivo,ARS,2023,10
5788,2024-11-12,625,2,1,1039,1,41590,41590,Campo,Tarjeta crédito,ARS,2024,11
5789,2024-12-31,252,5,1,1173,1,5285830,5285830,Teléfono,Transferencia,USD,2024,12
5790,2023-08-20,222,40,4,1248,4,138160,552640,Campo,Tarjeta débito,ARS,2023,8
5791,2023-10-18,346,33,4,1162,1,222480,222480,Campo,Tarjeta débito,ARS,2023,10
5792,2024-06-28,606,7,2,1180,2,3977430,7954860,Teléfono,Transferencia,USD,2024,6
5793,2024-12-22,947,14,1,1103,1,173930,173930,Teléfono,Cheque,ARS,2024,12
5794,2024-12-08,394,4,4,1209,1,336880,336880,Mostrador,Tarjeta débito,ARS,2024,12
5795,2024-01-04,396,32,1,1022,4,118890,475560,Campo,Efectivo,USD,2024,1
5796,2024-11-05,993,52,1,1005,1,4927400,4927400,Mostrador,Tarjeta débito,USD,2024,11
5797,2023-05-29,167,16,1,1139,2,170090,340180,Teléfono,Cheque,ARS,2023,5
5798,2024-12-25,976,46,4,1214,1,70550,70550,Teléfono,Cheque,ARS,2024,12
5799,2024-12-22,452,15,1,1160,4,141650,566600,Mostrador,Efectivo,USD,2024,12
5800,2023-06-29,138,15,1,1139,1,4109120,4109120,Campo,Tarjeta débito,ARS,2023,6
5801,2023-11-07,348,59,2,1145,3,4338760,13016280,Online,Transferencia,ARS,2023,11
5802,2023-04-20,361,15,1,1160,1,30560,30560,Campo,Tarjeta crédito,USD,2023,4
5803,2023-10-26,210,12,3,1083,1,2858130,2858130,Teléfono,Tarjeta débito,ARS,2023,10
5804,2024-11-11,768,26,2,1155,2,399540,799080,Teléfono,Tarjeta débito,ARS,2024,11
5805,2023-11-28,73,19,1,1288,1,342150,342150,Mostrador,Transferencia,ARS,2023,11
5806,2023-04-07,214,5,1,1255,3,5684550,17053650,Online,Tarjeta crédito,USD,2023,4
5807,2023-11-18,266,47,1,1281,4,165280,661120,Online,Efectivo,USD,2023,11
5808,2024-12-26,360,53,4,1064,1,41170,41170,Campo,Tarjeta débito,ARS,2024,12
5809,2024-05-22,663,9,4,1192,4,5247620,20990480,Teléfono,Transferencia,ARS,2024,5
5810,2023-12-09,235,49,1,1156,1,3388920,3388920,Online,Transferencia,ARS,2023,12
5811,2023-07-02,216,20,1,1091,1,2017250,2017250,Campo,Tarjeta débito,USD,2023,7
5812,2024-12-28,397,20,1,1142,1,181750,181750,Teléfono,Transferencia,ARS,2024,12
5813,2024-11-12,304,60,3,1042,1,65300,65300,Online,Cheque,ARS,2024,11
5814,2023-11-02,109,38,4,1249,1,337740,337740,Teléfono,Tarjeta crédito,ARS,2023,11
5815,2023-03-18,345,43,1,1295,1,5099880,5099880,Online,Efectivo,ARS,2023,3
5816,2023-03-04,300,36,4,1258,4,1720710,6882840,Online,Tarjeta débito,ARS,2023,3
5817,2023-05-13,349,27,4,1181,1,435960,435960,Campo,Tarjeta crédito,ARS,2023,5
5818,2024-03-30,976,40,4,1001,4,289400,1157600,Mostrador,Tarjeta débito,USD,2024,3
5819,2024-12-12,832,19,1,1109,3,241110,723330,Campo,Transferencia,ARS,2024,12
5820,2023-12-31,296,49,1,1125,1,123600,123600,Teléfono,Tarjeta crédito,USD,2023,12
5821,2024-11-18,390,52,1,1064,1,120340,120340,Online,Tarjeta débito,ARS,2024,11
5822,2023-12-17,120,4,4,1206,4,407560,1630240,Online,Tarjeta crédito,USD,2023,12
5823,2024-08-17,840,25,4,1242,3,3263130,9789390,Campo,Efectivo,USD,2024,8
5824,2024-09-11,610,29,3,1244,5,173590,867950,Teléfono,Efectivo,USD,2024,9
5825,2023-07-10,210,43,1,1078,1,1468840,1468840,Online,Tarjeta crédito,ARS,2023,7
5826,2023-11-24,32,2,1,1111,3,56110,168330,Teléfono,Tarjeta crédito,USD,2023,11
5827,2024-05-31,945,52,1,1142,1,3415490,3415490,Mostrador,Tarjeta débito,ARS,2024,5
5828,2023-03-19,330,17,3,1216,1,48960,48960,Mostrador,Tarjeta débito,USD,2023,3
5829,2023-11-24,226,14,1,1016,1,3435850,3435850,Online,Tarjeta crédito,USD,2023,11
5830,2024-02-08,727,30,1,1054,4,291720,1166880,Mostrador,Tarjeta débito,USD,2024,2
5831,2024-12-30,635,46,4,1141,1,275950,275950,Teléfono,Transferencia,ARS,2024,12
5832,2023-12-25,147,2,1,1285,2,428690,857380,Mostrador,Cheque,USD,2023,12
5833,2024-11-11,340,34,2,1079,1,2765870,2765870,Teléfono,Tarjeta débito,USD,2024,11
5834,2023-12-13,52,14,1,1149,1,3259440,3259440,Mostrador,Cheque,ARS,2023,12
5835,2024-11-06,180,1,4,1127,1,60640,60640,Teléfono,Transferencia,ARS,2024,11
5836,2024-04-15,290,50,3,1158,1,41590,41590,Campo,Tarjeta débito,USD,2024,4
5837,2024-11-30,187,6,4,1279,5,43350,216750,Online,Tarjeta crédito,ARS,2024,11
5838,2023-12-07,337,8,2,1038,1,4374090,4374090,Online,Tarjeta crédito,USD,2023,12
5839,2024-04-24,108,38,4,1157,1,3994480,3994480,Teléfono,Transferencia,USD,2024,4
5840,2024-05-23,126,46,4,1103,5,158390,791950,Mostrador,Efectivo,USD,2024,5
5841,2023-12-09,261,41,3,1288,1,341880,341880,Teléfono,Efectivo,ARS,2023,12
5842,2023-06-08,194,33,4,1112,5,148260,741300,Mostrador,Tarjeta débito,ARS,2023,6
5843,2023-04-13,297,14,1,1190,2,83060,166120,Campo,Tarjeta débito,USD,2023,4
5844,2023-01-19,34,35,1,1106,2,6183750,12367500,Teléfono,Transferencia,USD,2023,1
5845,2024-11-27,438,20,1,1091,1,92820,92820,Mostrador,Transferencia,ARS,2024,11
5846,2023-09-17,276,31,3,1085,4,355550,1422200,Campo,Transferencia,ARS,2023,9
5847,2023-08-21,182,25,4,1049,5,5802720,29013600,Campo,Tarjeta débito,USD,2023,8
5848,2024-09-16,239,27,4,1161,3,6561570,19684710,Mostrador,Cheque,USD,2024,9
5849,2023-11-12,322,35,1,1004,3,1889710,5669130,Teléfono,Efectivo,ARS,2023,11
5850,2024-01-08,348,20,1,1198,1,305620,305620,Online,Cheque,USD,2024,1
5851,2023-06-28,146,32,1,1062,1,1539840,1539840,Mostrador,Efectivo,USD,2023,6
5852,2024-12-20,44,3,3,1254,5,351730,1758650,Mostrador,Transferencia,ARS,2024,12
5853,2024-11-21,871,15,1,1090,1,4920710,4920710,Mostrador,Transferencia,ARS,2024,11
5854,2024-11-24,816,9,4,1110,2,282840,565680,Mostrador,Tarjeta débito,USD,2024,11
5855,2023-12-06,291,16,1,1020,1,2543310,2543310,Teléfono,Efectivo,USD,2023,12
5856,2024-10-15,975,49,1,1077,4,4098100,16392400,Online,Efectivo,USD,2024,10
5857,2023-06-07,367,38,4,1220,4,170420,681680,Online,Tarjeta crédito,USD,2023,6
5858,2023-01-10,295,28,2,1162,3,293080,879240,Teléfono,Cheque,USD,2023,1
5859,2023-01-22,259,21,1,1298,1,375490,375490,Online,Tarjeta débito,ARS,2023,1
5860,2024-04-05,531,26,2,1115,4,2707020,10828080,Online,Transferencia,ARS,2024,4
5861,2023-12-19,215,47,1,1094,1,148650,148650,Online,Transferencia,ARS,2023,12
5862,2024-01-21,211,1,4,1133,2,2357600,4715200,Online,Efectivo,USD,2024,1
5863,2023-01-09,381,50,3,1172,1,189680,189680,Mostrador,Tarjeta crédito,USD,2023,1
5864,2023-12-10,231,16,1,1114,1,3350190,3350190,Online,Transferencia,USD,2023,12
5865,2024-08-27,339,3,3,1009,1,57590,57590,Mostrador,Tarjeta débito,ARS,2024,8
5866,2023-12-16,5,43,1,1299,3,120700,362100,Teléfono,Cheque,USD,2023,12
5867,2024-09-12,311,6,4,1260,1,1978550,1978550,Teléfono,Cheque,USD,2024,9
5868,2023-09-13,269,33,4,1170,1,47930,47930,Campo,Cheque,ARS,2023,9
5869,2024-11-10,162,38,4,1066,3,392340,1177020,Mostrador,Tarjeta crédito,ARS,2024,11
5870,2024-04-07,216,51,1,1098,4,140100,560400,Online,Tarjeta débito,ARS,2024,4
5871,2023-08-20,274,16,1,1169,1,379280,379280,Mostrador,Tarjeta crédito,USD,2023,8
5872,2023-09-17,324,20,1,1026,1,4943150,4943150,Mostrador,Tarjeta crédito,ARS,2023,9
5873,2024-05-20,612,60,3,1218,1,276720,276720,Online,Tarjeta débito,USD,2024,5
5874,2024-11-15,968,34,2,1298,1,3716540,3716540,Campo,Transferencia,USD,2024,11
5875,2023-12-08,171,56,2,1131,1,183230,183230,Online,Transferencia,ARS,2023,12
5876,2023-10-11,252,57,4,1044,1,317990,317990,Campo,Tarjeta débito,ARS,2023,10
5877,2024-11-25,681,21,1,1261,2,4717010,9434020,Mostrador,Tarjeta débito,USD,2024,11
5878,2024-07-05,38,19,1,1285,5,4407530,22037650,Online,Tarjeta débito,ARS,2024,7
5879,2023-12-17,228,15,1,1126,1,3646290,3646290,Mostrador,Tarjeta crédito,ARS,2023,12
5880,2023-12-28,397,35,1,1260,1,127150,127150,Mostrador,Tarjeta débito,ARS,2023,12
5881,2023-08-13,125,21,1,1214,2,2034120,4068240,Teléfono,Tarjeta crédito,ARS,2023,8
5882,2024-05-19,278,45,2,1032,2,5075330,10150660,Campo,Efectivo,ARS,2024,5
5883,2023-11-23,285,49,1,1200,1,432140,432140,Online,Tarjeta crédito,ARS,2023,11
5884,2024-12-30,510,49,1,1236,1,2420310,2420310,Mostrador,Tarjeta crédito,ARS,2024,12
5885,2023-12-26,137,25,4,1143,3,4210760,12632280,Teléfono,Transferencia,ARS,2023,12
5886,2023-12-28,366,21,1,1136,1,2284420,2284420,Teléfono,Tarjeta débito,ARS,2023,12
5887,2024-03-13,620,46,4,1116,1,248730,248730,Teléfono,Transferencia,USD,2024,3
5888,2024-12-09,68,19,1,1155,2,41220,82440,Teléfono,Cheque,ARS,2024,12
5889,2024-11-07,104,26,2,1143,1,95550,95550,Mostrador,Tarjeta débito,USD,2024,11
5890,2023-12-18,246,40,4,1255,1,4599350,4599350,Online,Cheque,USD,2023,12
5891,2024-08-28,677,43,1,1109,3,146870,440610,Mostrador,Efectivo,ARS,2024,8
5892,2024-04-05,192,34,2,1018,1,3431260,3431260,Teléfono,Efectivo,ARS,2024,4
5893,2023-12-30,195,36,4,1004,1,2129970,2129970,Mostrador,Tarjeta crédito,USD,2023,12
5894,2023-07-30,132,17,3,1165,3,75470,226410,Online,Transferencia,USD,2023,7
5895,2023-12-22,296,47,1,1127,1,6098560,6098560,Mostrador,Transferencia,USD,2023,12
5896,2023-09-27,144,20,1,1213,1,2280530,2280530,Campo,Tarjeta crédito,USD,2023,9
5897,2024-12-08,907,1,4,1048,1,1983610,1983610,Campo,Efectivo,USD,2024,12
5898,2023-11-16,219,33,4,1046,1,113330,113330,Campo,Tarjeta débito,USD,2023,11
5899,2024-12-18,26,16,1,1046,1,31560,31560,Mostrador,Efectivo,USD,2024,12
5900,2024-02-06,251,20,1,1048,5,6088190,30440950,Campo,Efectivo,ARS,2024,2
5901,2024-05-24,607,20,1,1187,1,4133360,4133360,Online,Efectivo,ARS,2024,5
5902,2024-02-17,866,52,1,1120,5,302810,1514050,Mostrador,Tarjeta débito,USD,2024,2
5903,2023-05-22,200,21,1,1132,5,58510,292550,Teléfono,Transferencia,ARS,2023,5
5904,2023-11-28,103,20,1,1019,4,152750,611000,Online,Tarjeta crédito,USD,2023,11
5905,2023-04-19,193,19,1,1275,4,118260,473040,Mostrador,Cheque,USD,2023,4
5906,2024-05-15,381,43,1,1232,4,159750,639000,Mostrador,Tarjeta débito,ARS,2024,5
5907,2023-12-17,2,25,4,1042,1,285170,285170,Campo,Efectivo,ARS,2023,12
5908,2024-11-01,759,16,1,1092,3,179030,537090,Mostrador,Tarjeta crédito,USD,2024,11
5909,2023-08-30,91,16,1,1261,5,51650,258250,Teléfono,Cheque,USD,2023,8
5910,2023-06-30,45,15,1,1048,4,3793740,15174960,Teléfono,Tarjeta débito,USD,2023,6
5911,2023-12-06,3,27,4,1282,1,86920,86920,Campo,Cheque,ARS,2023,12
5912,2024-12-11,930,53,4,1074,3,335160,1005480,Mostrador,Transferencia,ARS,2024,12
5913,2024-08-19,848,46,4,1216,4,221430,885720,Campo,Transferencia,ARS,2024,8
5914,2023-12-09,64,35,1,1221,4,283680,1134720,Teléfono,Tarjeta crédito,USD,2023,12
5915,2024-01-20,135,57,4,1109,4,318410,1273640,Teléfono,Transferencia,ARS,2024,1
5916,2023-04-03,291,14,1,1135,2,2965610,5931220,Teléfono,Tarjeta crédito,ARS,2023,4
5917,2024-12-27,278,16,1,1298,2,4362920,8725840,Teléfono,Tarjeta crédito,USD,2024,12
5918,2024-07-02,176,24,3,1238,2,124450,248900,Mostrador,Efectivo,ARS,2024,7
5919,2023-11-03,282,13,4,1155,2,28440,56880,Mostrador,Tarjeta crédito,USD,2023,11
5920,2024-04-04,120,40,4,1214,4,291410,1165640,Mostrador,Transferencia,ARS,2024,4
5921,2023-05-01,262,53,4,1056,1,31340,31340,Campo,Tarjeta crédito,ARS,2023,5
5922,2024-12-22,174,38,4,1198,2,382030,764060,Teléfono,Efectivo,ARS,2024,12
5923,2023-07-11,118,19,1,1068,5,4309600,21548000,Mostrador,Tarjeta débito,ARS,2023,7
5924,2024-06-11,951,2,1,1038,3,108450,325350,Campo,Tarjeta débito,USD,2024,6
5925,2023-09-27,341,49,1,1143,1,38860,38860,Teléfono,Transferencia,USD,2023,9
5926,2024-08-27,697,40,4,1167,1,306090,306090,Mostrador,Efectivo,USD,2024,8
5927,2024-10-31,755,15,1,1217,5,6086680,30433400,Online,Cheque,USD,2024,10
5928,2024-07-09,726,36,4,1231,3,184170,552510,Online,Efectivo,ARS,2024,7
5929,2024-05-06,121,51,1,1109,1,31890,31890,Campo,Tarjeta débito,USD,2024,5
5930,2024-12-02,575,52,1,1257,4,418170,1672680,Teléfono,Transferencia,USD,2024,12
5931,2023-03-28,385,51,1,1209,1,4498970,4498970,Mostrador,Tarjeta débito,ARS,2023,3
5932,2023-11-15,149,16,1,1201,3,3892730,11678190,Online,Efectivo,USD,2023,11
5933,2023-09-30,276,1,4,1137,1,2056590,2056590,Mostrador,Tarjeta débito,ARS,2023,9
5934,2024-12-28,969,51,1,1128,1,280350,280350,Mostrador,Transferencia,ARS,2024,12
5935,2023-12-01,29,15,1,1053,1,123930,123930,Online,Cheque,USD,2023,12
5936,2024-09-12,811,43,1,1204,1,3849550,3849550,Teléfono,Tarjeta débito,USD,2024,9
5937,2024-07-22,737,52,1,1084,1,300110,300110,Mostrador,Tarjeta débito,ARS,2024,7
5938,2023-08-21,173,19,1,1209,1,406090,406090,Teléfono,Cheque,USD,2023,8
5939,2023-09-20,244,20,1,1103,3,231870,695610,Online,Transferencia,USD,2023,9
5940,2023-11-02,321,27,4,1285,1,196860,196860,Online,Tarjeta débito,ARS,2023,11
5941,2023-12-07,131,21,1,1036,2,298170,596340,Teléfono,Cheque,USD,2023,12
5942,2023-09-15,352,16,1,1215,1,165280,165280,Campo,Tarjeta débito,ARS,2023,9
5943,2023-01-22,20,10,3,1027,2,180950,361900,Online,Efectivo,USD,2023,1
5944,2024-11-28,81,49,1,1146,2,266200,532400,Campo,Efectivo,ARS,2024,11
5945,2024-12-22,293,43,1,1018,3,80430,241290,Online,Tarjeta débito,USD,2024,12
5946,2023-11-18,294,54,2,1118,1,190310,190310,Campo,Cheque,USD,2023,11
5947,2023-11-17,235,43,1,1137,3,152440,457320,Campo,Tarjeta crédito,ARS,2023,11
5948,2023-01-08,301,4,4,1067,1,130730,130730,Online,Tarjeta débito,ARS,2023,1
5949,2024-07-17,733,22,2,1084,1,136690,136690,Campo,Efectivo,USD,2024,7
5950,2024-11-14,682,9,4,1030,4,56310,225240,Campo,Tarjeta débito,ARS,2024,11
5951,2023-06-10,46,25,4,1073,4,296070,1184280,Mostrador,Cheque,ARS,2023,6
5952,2023-06-25,60,19,1,1123,1,350400,350400,Campo,Tarjeta débito,ARS,2023,6
5953,2024-11-04,608,14,1,1228,1,2853920,2853920,Mostrador,Tarjeta débito,ARS,2024,11
5954,2024-05-08,781,2,1,1242,3,311550,934650,Online,Transferencia,ARS,2024,5
5955,2023-02-19,31,14,1,1273,1,1942350,1942350,Mostrador,Transferencia,ARS,2023,2
5956,2024-05-14,380,9,4,1246,2,3076860,6153720,Campo,Transferencia,ARS,2024,5
5957,2023-11-09,324,36,4,1039,1,57450,57450,Campo,Tarjeta crédito,USD,2023,11
5958,2023-11-26,116,54,2,1170,1,4132400,4132400,Online,Cheque,USD,2023,11
5959,2024-10-23,62,45,2,1068,2,47930,95860,Campo,Tarjeta crédito,ARS,2024,10
5960,2024-11-10,945,47,1,1102,1,357540,357540,Campo,Efectivo,USD,2024,11
5961,2023-12-04,146,26,2,1294,1,6301470,6301470,Teléfono,Tarjeta crédito,ARS,2023,12
5962,2024-12-17,843,27,4,1243,1,5099880,5099880,Teléfono,Efectivo,ARS,2024,12
5963,2023-12-06,362,60,3,1157,1,56080,56080,Teléfono,Tarjeta débito,USD,2023,12
5964,2024-10-25,53,21,1,1265,1,4419760,4419760,Teléfono,Cheque,USD,2024,10
5965,2023-12-27,51,4,4,1257,5,149900,749500,Campo,Transferencia,USD,2023,12
5966,2024-12-03,681,20,1,1298,1,311550,311550,Teléfono,Cheque,ARS,2024,12
5967,2024-12-06,869,39,2,1123,1,334280,334280,Online,Tarjeta débito,ARS,2024,12
5968,2023-04-06,357,55,2,1047,4,200270,801080,Campo,Efectivo,ARS,2023,4
5969,2024-12-14,707,14,1,1201,4,47340,189360,Campo,Cheque,USD,2024,12
5970,2024-11-14,449,4,4,1010,1,384360,384360,Online,Tarjeta débito,ARS,2024,11
5971,2024-11-04,83,6,4,1144,1,211680,211680,Online,Tarjeta crédito,USD,2024,11
5972,2023-08-09,379,43,1,1299,1,2305340,2305340,Teléfono,Transferencia,ARS,2023,8
5973,2024-11-08,646,33,4,1152,1,248730,248730,Online,Tarjeta débito,ARS,2024,11
5974,2024-11-20,458,56,2,1136,1,4549300,4549300,Teléfono,Transferencia,ARS,2024,11
5975,2023-11-04,268,36,4,1075,1,2339900,2339900,Teléfono,Efectivo,ARS,2023,11
5976,2024-12-18,81,40,4,1026,1,3704970,3704970,Campo,Efectivo,ARS,2024,12
5977,2023-02-24,219,45,2,1007,4,136120,544480,Online,Tarjeta débito,USD,2023,2
5978,2023-06-14,2,40,4,1079,3,335720,1007160,Mostrador,Efectivo,ARS,2023,6
5979,2024-02-11,309,5,1,1015,2,61290,122580,Campo,Tarjeta débito,ARS,2024,2
5980,2024-03-24,921,43,1,1207,1,4256710,4256710,Campo,Transferencia,USD,2024,3
5981,2024-06-08,763,29,3,1089,1,169410,169410,Campo,Efectivo,USD,2024,6
5982,2023-01-19,236,25,4,1097,1,172230,172230,Teléfono,Cheque,USD,2023,1
5983,2024-12-21,668,46,4,1216,2,206130,412260,Online,Transferencia,USD,2024,12
5984,2023-02-18,37,17,3,1259,3,5811360,17434080,Campo,Tarjeta débito,ARS,2023,2
5985,2023-06-06,229,34,2,1214,1,6007740,6007740,Online,Cheque,ARS,2023,6
5986,2023-01-16,145,2,1,1287,1,2288170,2288170,Campo,Transferencia,ARS,2023,1
5987,2024-03-14,325,46,4,1075,4,157380,629520,Online,Cheque,USD,2024,3
5988,2024-12-13,56,47,1,1242,4,35870,143480,Teléfono,Cheque,USD,2024,12
5989,2024-07-01,121,57,4,1017,3,333190,999570,Campo,Efectivo,ARS,2024,7
5990,2024-11-13,314,8,2,1177,1,3273600,3273600,Online,Tarjeta débito,USD,2024,11
5991,2023-01-15,211,58,3,1259,3,1737040,5211120,Online,Tarjeta débito,ARS,2023,1
5992,2024-02-16,772,2,1,1123,1,125220,125220,Campo,Tarjeta débito,ARS,2024,2
5993,2023-12-21,103,9,4,1026,1,295410,295410,Teléfono,Cheque,ARS,2023,12
5994,2023-12-31,305,10,3,1111,1,1766260,1766260,Mostrador,Tarjeta débito,USD,2023,12
5995,2023-03-21,235,53,4,1256,1,83360,83360,Campo,Cheque,USD,2023,3
5996,2024-07-21,38,52,1,1234,1,122320,122320,Teléfono,Tarjeta crédito,USD,2024,7
5997,2024-01-05,813,3,3,1040,1,143760,143760,Teléfono,Efectivo,ARS,2024,1
5998,2024-10-18,620,6,4,1122,1,367330,367330,Mostrador,Tarjeta débito,ARS,2024,10
5999,2023-12-28,224,9,4,1215,2,29530,59060,Online,Cheque,ARS,2023,12
6000,2023-06-13,293,9,4,1296,1,336120,336120,Campo,Tarjeta crédito,USD,2023,6
6001,2024-06-12,696,14,1,1286,3,5741190,17223570,Online,Efectivo,USD,2024,6
6002,2023-07-09,155,5,1,1281,2,232970,465940,Mostrador,Cheque,ARS,2023,7
6003,2024-11-27,32,56,2,1007,3,383350,1150050,Teléfono,Efectivo,ARS,2024,11
6004,2024-05-04,234,21,1,1092,1,4558020,4558020,Mostrador,Tarjeta crédito,USD,2024,5
6005,2023-06-22,395,38,4,1123,1,3722460,3722460,Mostrador,Tarjeta crédito,USD,2023,6
6006,2024-12-21,489,47,1,1181,3,130660,391980,Campo,Efectivo,USD,2024,12
6007,2024-01-21,762,55,2,1096,5,284740,1423700,Campo,Tarjeta débito,ARS,2024,1
6008,2023-03-21,58,5,1,1001,1,4820200,4820200,Teléfono,Transferencia,USD,2023,3
6009,2024-05-19,333,28,2,1091,2,53140,106280,Online,Tarjeta crédito,ARS,2024,5
6010,2023-10-05,163,20,1,1007,3,377310,1131930,Campo,Cheque,ARS,2023,10
6011,2024-11-08,17,30,1,1120,4,181630,726520,Teléfono,Transferencia,ARS,2024,11
6012,2024-11-12,414,43,1,1244,1,4153170,4153170,Online,Cheque,ARS,2024,11
6013,2024-12-26,766,14,1,1129,1,178160,178160,Teléfono,Cheque,USD,2024,12
6014,2024-01-03,658,1,4,1179,2,4860090,9720180,Teléfono,Transferencia,ARS,2024,1
6015,2023-12-19,229,51,1,1098,1,3737150,3737150,Campo,Tarjeta débito,ARS,2023,12
6016,2024-10-05,240,48,2,1043,3,247980,743940,Teléfono,Transferencia,USD,2024,10
6017,2023-05-26,286,1,4,1183,5,5286090,26430450,Teléfono,Transferencia,ARS,2023,5
6018,2024-02-21,346,33,4,1185,3,5975500,17926500,Teléfono,Tarjeta crédito,USD,2024,2
6019,2024-02-21,375,4,4,1053,3,114220,342660,Online,Cheque,ARS,2024,2
6020,2023-04-09,16,27,4,1228,1,315050,315050,Teléfono,Tarjeta débito,USD,2023,4
6021,2023-12-09,75,56,2,1161,5,2027350,10136750,Mostrador,Tarjeta débito,USD,2023,12
6022,2024-11-21,950,6,4,1235,1,122810,122810,Teléfono,Tarjeta crédito,USD,2024,11
6023,2024-11-22,260,19,1,1200,1,5019970,5019970,Campo,Efectivo,USD,2024,11
6024,2023-04-19,383,52,1,1001,4,42340,169360,Campo,Tarjeta débito,USD,2023,4
6025,2023-04-10,361,25,4,1014,5,370830,1854150,Campo,Tarjeta débito,USD,2023,4
6026,2023-10-16,399,26,2,1213,1,5546870,5546870,Campo,Tarjeta débito,USD,2023,10
6027,2024-11-27,460,33,4,1277,3,85870,257610,Mostrador,Tarjeta débito,USD,2024,11
6028,2023-05-22,4,46,4,1034,3,319780,959340,Campo,Cheque,USD,2023,5
6029,2024-08-29,931,43,1,1270,3,153840,461520,Online,Cheque,USD,2024,8
6030,2023-04-21,251,13,4,1168,1,349560,349560,Teléfono,Tarjeta débito,ARS,2023,4
6031,2024-05-15,85,39,2,1170,5,348490,1742450,Online,Transferencia,ARS,2024,5
6032,2023-11-22,63,47,1,1082,4,53110,212440,Online,Cheque,ARS,2023,11
6033,2024-11-04,100,13,4,1116,1,379280,379280,Online,Transferencia,ARS,2024,11
6034,2023-09-14,322,47,1,1137,1,3872170,3872170,Campo,Tarjeta débito,USD,2023,9
6035,2024-06-02,755,46,4,1233,2,2173260,4346520,Mostrador,Efectivo,USD,2024,6
6036,2023-09-16,295,26,2,1115,1,295810,295810,Online,Transferencia,ARS,2023,9
6037,2024-08-22,924,19,1,1252,1,2806350,2806350,Campo,Efectivo,USD,2024,8
6038,2024-11-27,162,6,4,1289,3,353830,1061490,Campo,Cheque,USD,2024,11
6039,2023-05-20,178,18,3,1049,2,4318290,8636580,Online,Tarjeta débito,ARS,2023,5
6040,2024-11-25,444,19,1,1004,5,2070520,10352600,Campo,Efectivo,USD,2024,11
6041,2024-04-13,328,35,1,1176,1,251120,251120,Campo,Transferencia,USD,2024,4
6042,2023-05-20,328,40,4,1272,5,1463970,7319850,Mostrador,Tarjeta crédito,USD,2023,5
6043,2023-12-12,252,19,1,1026,1,135890,135890,Teléfono,Tarjeta débito,USD,2023,12
6044,2023-06-26,42,57,4,1070,2,5647970,11295940,Teléfono,Efectivo,ARS,2023,6
6045,2024-08-08,242,49,1,1293,4,416700,1666800,Online,Tarjeta débito,ARS,2024,8
6046,2024-10-11,342,11,3,1234,1,6222550,6222550,Teléfono,Tarjeta débito,ARS,2024,10
6047,2023-04-27,91,53,4,1231,1,162910,162910,Online,Transferencia,USD,2023,4
6048,2024-01-08,28,21,1,1263,1,254340,254340,Mostrador,Tarjeta crédito,USD,2024,1
6049,2024-11-11,459,12,3,1286,1,435960,435960,Online,Transferencia,ARS,2024,11
6050,2024-12-14,667,40,4,1074,4,227610,910440,Mostrador,Transferencia,USD,2024,12
6051,2024-01-16,631,4,4,1121,4,299740,1198960,Mostrador,Tarjeta crédito,ARS,2024,1
6052,2024-12-18,385,39,2,1006,1,54720,54720,Teléfono,Efectivo,ARS,2024,12
6053,2024-02-09,487,37,3,1024,4,4169450,16677800,Campo,Tarjeta débito,USD,2024,2
6054,2023-12-03,220,33,4,1194,2,5046420,10092840,Online,Efectivo,ARS,2023,12
6055,2024-11-20,859,40,4,1168,3,72250,216750,Mostrador,Efectivo,USD,2024,11
6056,2023-12-30,264,9,4,1143,1,3477500,3477500,Campo,Tarjeta débito,USD,2023,12
6057,2023-12-24,121,52,1,1210,4,403220,1612880,Campo,Transferencia,USD,2023,12
6058,2023-12-29,46,25,4,1133,4,3202020,12808080,Teléfono,Efectivo,USD,2023,12
6059,2024-11-19,280,21,1,1133,5,2172410,10862050,Mostrador,Efectivo,ARS,2024,11
6060,2024-11-15,115,52,1,1292,1,121240,121240,Mostrador,Transferencia,USD,2024,11
6061,2023-12-05,168,16,1,1174,1,5082380,5082380,Online,Transferencia,USD,2023,12
6062,2023-11-16,246,30,1,1151,2,216430,432860,Mostrador,Transferencia,ARS,2023,11
6063,2023-12-29,375,19,1,1088,1,5799990,5799990,Mostrador,Tarjeta crédito,USD,2023,12
6064,2024-03-21,280,19,1,1085,1,58690,58690,Mostrador,Tarjeta crédito,ARS,2024,3
6065,2023-09-19,234,43,1,1266,2,4610210,9220420,Campo,Efectivo,ARS,2023,9
6066,2024-11-05,22,53,4,1178,1,291690,291690,Teléfono,Tarjeta crédito,ARS,2024,11
6067,2023-12-28,202,5,1,1070,4,218110,872440,Mostrador,Tarjeta débito,USD,2023,12
6068,2023-11-16,68,51,1,1205,5,180780,903900,Mostrador,Transferencia,USD,2023,11
6069,2023-04-28,136,20,1,1143,3,2767630,8302890,Mostrador,Tarjeta crédito,USD,2023,4
6070,2023-09-20,231,52,1,1032,4,3870760,15483040,Campo,Tarjeta débito,USD,2023,9
6071,2024-12-18,58,30,1,1043,3,54350,163050,Mostrador,Cheque,USD,2024,12
6072,2023-11-08,15,50,3,1118,1,428170,428170,Online,Transferencia,ARS,2023,11
6073,2023-07-05,264,13,4,1015,1,64060,64060,Online,Efectivo,ARS,2023,7
6074,2023-12-21,170,57,4,1230,3,3510730,10532190,Mostrador,Cheque,ARS,2023,12
6075,2023-11-09,291,13,4,1115,1,115680,115680,Campo,Tarjeta crédito,ARS,2023,11
6076,2023-02-08,169,43,1,1181,1,1605100,1605100,Teléfono,Cheque,ARS,2023,2
6077,2023-11-13,48,47,1,1020,1,3334810,3334810,Campo,Transferencia,USD,2023,11
6078,2024-02-18,462,35,1,1178,1,35410,35410,Teléfono,Efectivo,ARS,2024,2
6079,2024-02-27,608,13,4,1262,4,188860,755440,Mostrador,Tarjeta crédito,ARS,2024,2
6080,2023-11-22,327,2,1,1079,4,5978650,23914600,Mostrador,Transferencia,USD,2023,11
6081,2023-12-17,44,17,3,1120,1,54200,54200,Campo,Tarjeta débito,USD,2023,12
6082,2024-12-22,353,32,1,1026,5,3482830,17414150,Teléfono,Tarjeta débito,ARS,2024,12
6083,2023-11-28,240,21,1,1022,2,3646290,7292580,Online,Transferencia,USD,2023,11
6084,2023-10-11,291,6,4,1201,3,3506910,10520730,Teléfono,Efectivo,ARS,2023,10
6085,2023-09-25,283,36,4,1064,1,294260,294260,Online,Efectivo,USD,2023,9
6086,2023-12-20,70,36,4,1214,1,90700,90700,Mostrador,Transferencia,ARS,2023,12
6087,2024-10-12,765,12,3,1084,1,5862870,5862870,Online,Cheque,ARS,2024,10
6088,2023-08-14,66,9,4,1293,4,5254070,21016280,Mostrador,Efectivo,USD,2023,8
6089,2024-08-18,327,37,3,1078,1,5939120,5939120,Mostrador,Tarjeta crédito,USD,2024,8
6090,2023-01-24,336,1,4,1216,2,365410,730820,Teléfono,Tarjeta débito,ARS,2023,1
6091,2023-12-09,285,49,1,1224,1,4405740,4405740,Campo,Tarjeta crédito,ARS,2023,12
6092,2024-10-30,31,31,3,1028,1,3519940,3519940,Teléfono,Transferencia,USD,2024,10
6093,2023-11-17,214,13,4,1032,5,254450,1272250,Mostrador,Transferencia,USD,2023,11
6094,2024-03-11,693,16,1,1201,5,128930,644650,Mostrador,Cheque,USD,2024,3
6095,2023-08-13,202,13,4,1067,1,122810,122810,Campo,Efectivo,ARS,2023,8
6096,2024-09-22,580,46,4,1126,1,36390,36390,Campo,Tarjeta crédito,USD,2024,9
6097,2023-02-27,25,7,2,1128,1,2466760,2466760,Online,Tarjeta débito,USD,2023,2
6098,2024-11-21,760,52,1,1195,1,3584360,3584360,Teléfono,Cheque,ARS,2024,11
6099,2023-08-06,373,7,2,1174,1,44480,44480,Campo,Tarjeta crédito,USD,2023,8
6100,2024-11-27,397,38,4,1087,5,368470,1842350,Teléfono,Efectivo,USD,2024,11
6101,2023-11-21,337,41,3,1298,1,3162490,3162490,Online,Tarjeta débito,USD,2023,11
6102,2024-09-01,936,5,1,1026,1,5327970,5327970,Mostrador,Efectivo,ARS,2024,9
6103,2023-11-12,343,7,2,1154,5,2080750,10403750,Campo,Tarjeta crédito,USD,2023,11
6104,2024-12-06,903,47,1,1210,2,447390,894780,Teléfono,Tarjeta crédito,ARS,2024,12
6105,2023-05-19,160,33,4,1013,1,138330,138330,Teléfono,Tarjeta crédito,ARS,2023,5
6106,2023-07-15,280,43,1,1164,1,118500,118500,Teléfono,Tarjeta crédito,USD,2023,7
6107,2023-12-30,257,56,2,1255,1,367770,367770,Online,Tarjeta crédito,USD,2023,12
6108,2023-03-31,111,9,4,1064,1,31750,31750,Mostrador,Tarjeta crédito,USD,2023,3
6109,2023-08-03,47,19,1,1202,5,1684170,8420850,Teléfono,Tarjeta crédito,ARS,2023,8
6110,2024-12-16,691,21,1,1076,5,169130,845650,Campo,Efectivo,USD,2024,12
6111,2024-12-25,548,49,1,1022,2,1522790,3045580,Campo,Tarjeta débito,ARS,2024,12
6112,2023-11-28,198,16,1,1060,1,4407530,4407530,Online,Efectivo,USD,2023,11
6113,2024-12-10,554,19,1,1056,1,4854690,4854690,Teléfono,Tarjeta crédito,USD,2024,12
6114,2024-02-19,479,9,4,1168,1,217050,217050,Mostrador,Tarjeta crédito,USD,2024,2
6115,2023-10-23,332,25,4,1205,1,5690330,5690330,Mostrador,Transferencia,ARS,2023,10
6116,2024-08-10,602,25,4,1259,1,48890,48890,Campo,Tarjeta débito,USD,2024,8
6117,2024-06-23,857,6,4,1191,1,2920780,2920780,Online,Tarjeta crédito,ARS,2024,6
6118,2024-12-29,580,15,1,1055,5,2490930,12454650,Teléfono,Transferencia,ARS,2024,12
6119,2023-10-18,70,19,1,1127,1,119910,119910,Mostrador,Cheque,USD,2023,10
6120,2024-07-08,505,21,1,1284,1,3705580,3705580,Teléfono,Tarjeta débito,ARS,2024,7
6121,2023-02-27,110,53,4,1264,1,5370830,5370830,Teléfono,Tarjeta crédito,USD,2023,2
6122,2023-05-05,382,57,4,1259,5,4106610,20533050,Online,Efectivo,USD,2023,5
6123,2023-01-05,397,49,1,1244,1,5457400,5457400,Online,Transferencia,USD,2023,1
6124,2024-12-31,409,20,1,1089,1,4394700,4394700,Campo,Tarjeta crédito,ARS,2024,12
6125,2024-11-07,351,26,2,1222,1,2009050,2009050,Mostrador,Cheque,ARS,2024,11
6126,2024-11-03,534,22,2,1244,1,2068930,2068930,Mostrador,Cheque,USD,2024,11
6127,2024-01-12,501,40,4,1089,1,5056440,5056440,Mostrador,Tarjeta crédito,USD,2024,1
6128,2023-11-07,277,51,1,1059,5,1730000,8650000,Campo,Tarjeta débito,ARS,2023,11
6129,2023-06-15,399,33,4,1152,1,226290,226290,Online,Transferencia,ARS,2023,6
6130,2023-11-03,195,52,1,1028,5,40500,202500,Mostrador,Cheque,USD,2023,11
6131,2023-11-28,45,25,4,1225,1,429400,429400,Teléfono,Tarjeta crédito,ARS,2023,11
6132,2024-10-08,922,46,4,1228,1,2858130,2858130,Mostrador,Efectivo,USD,2024,10
6133,2024-02-14,111,33,4,1051,1,4952310,4952310,Teléfono,Tarjeta crédito,USD,2024,2
6134,2023-03-26,209,30,1,1263,1,378360,378360,Mostrador,Transferencia,USD,2023,3
6135,2023-01-20,230,52,1,1279,1,373610,373610,Mostrador,Cheque,USD,2023,1
6136,2023-04-23,178,48,2,1046,5,272700,1363500,Campo,Efectivo,USD,2023,4
6137,2023-12-07,250,32,1,1039,1,1778630,1778630,Online,Tarjeta débito,USD,2023,12
6138,2024-12-13,425,37,3,1106,5,5290600,26453000,Campo,Tarjeta débito,USD,2024,12
6139,2024-05-31,328,36,4,1284,4,127230,508920,Mostrador,Transferencia,ARS,2024,5
6140,2024-11-07,884,32,1,1024,1,3455580,3455580,Teléfono,Tarjeta débito,ARS,2024,11
6141,2023-12-22,11,7,2,1007,2,5942250,11884500,Online,Efectivo,ARS,2023,12
6142,2023-11-24,252,43,1,1226,1,2968280,2968280,Teléfono,Tarjeta débito,USD,2023,11
6143,2023-04-29,344,57,4,1003,1,105280,105280,Teléfono,Tarjeta crédito,USD,2023,4
6144,2024-11-27,235,6,4,1258,1,2997290,2997290,Campo,Cheque,ARS,2024,11
6145,2024-11-02,648,48,2,1263,4,3015160,12060640,Online,Tarjeta crédito,ARS,2024,11
6146,2023-07-04,254,15,1,1121,1,162840,162840,Teléfono,Transferencia,USD,2023,7
6147,2024-01-14,566,38,4,1208,2,326090,652180,Teléfono,Tarjeta débito,ARS,2024,1
6148,2023-12-28,129,46,4,1021,5,303380,1516900,Online,Cheque,USD,2023,12
6149,2024-05-17,738,5,1,1140,2,6256420,12512840,Teléfono,Transferencia,ARS,2024,5
6150,2024-12-17,532,1,4,1280,1,37320,37320,Mostrador,Transferencia,USD,2024,12
6151,2024-03-29,100,57,4,1289,1,410160,410160,Teléfono,Efectivo,USD,2024,3
6152,2024-02-14,290,17,3,1206,2,413590,827180,Teléfono,Tarjeta crédito,USD,2024,2
6153,2023-02-25,57,18,3,1043,1,48420,48420,Teléfono,Efectivo,USD,2023,2
6154,2023-03-11,226,14,1,1242,2,305260,610520,Mostrador,Efectivo,USD,2023,3
6155,2023-07-25,141,58,3,1118,3,318190,954570,Mostrador,Transferencia,USD,2023,7
6156,2023-02-05,125,51,1,1005,1,1938940,1938940,Teléfono,Tarjeta crédito,USD,2023,2
6157,2024-09-24,438,30,1,1207,2,1962440,3924880,Mostrador,Cheque,ARS,2024,9
6158,2024-09-02,821,21,1,1123,1,5940940,5940940,Online,Tarjeta crédito,ARS,2024,9
6159,2023-05-30,52,30,1,1079,1,111540,111540,Teléfono,Efectivo,ARS,2023,5
6160,2024-11-17,646,15,1,1133,3,4918690,14756070,Mostrador,Tarjeta crédito,USD,2024,11
6161,2023-06-19,292,59,2,1142,2,2219520,4439040,Teléfono,Efectivo,USD,2023,6
6162,2023-11-07,153,11,3,1232,3,159410,478230,Mostrador,Efectivo,ARS,2023,11
6163,2023-10-01,347,23,3,1164,1,113510,113510,Mostrador,Tarjeta débito,USD,2023,10
6164,2023-11-27,186,52,1,1035,2,308670,617340,Campo,Tarjeta débito,ARS,2023,11
6165,2023-10-07,239,2,1,1226,5,318120,1590600,Campo,Cheque,USD,2023,10
6166,2023-12-29,183,57,4,1011,1,4794650,4794650,Teléfono,Cheque,USD,2023,12
6167,2023-12-06,351,7,2,1075,1,271910,271910,Campo,Tarjeta débito,ARS,2023,12
6168,2024-12-28,515,6,4,1300,5,349320,1746600,Teléfono,Transferencia,USD,2024,12
6169,2023-03-03,284,15,1,1198,5,2470120,12350600,Online,Cheque,ARS,2023,3
6170,2023-06-05,378,60,3,1143,2,89500,179000,Campo,Cheque,ARS,2023,6
6171,2023-02-27,196,21,1,1264,1,5743060,5743060,Teléfono,Tarjeta crédito,USD,2023,2
6172,2024-05-18,465,10,3,1226,3,4646130,13938390,Campo,Transferencia,ARS,2024,5
6173,2023-03-01,166,40,4,1224,1,4116050,4116050,Mostrador,Transferencia,ARS,2023,3
6174,2024-11-17,802,13,4,1122,1,408600,408600,Campo,Tarjeta débito,USD,2024,11
6175,2024-01-14,340,53,4,1074,1,385560,385560,Campo,Tarjeta débito,USD,2024,1
6176,2024-01-31,141,49,1,1028,1,4972510,4972510,Campo,Efectivo,USD,2024,1
6177,2024-03-09,111,37,3,1171,1,5707590,5707590,Online,Tarjeta crédito,ARS,2024,3
6178,2023-07-07,261,34,2,1216,1,104210,104210,Online,Transferencia,USD,2023,7
6179,2023-08-05,384,18,3,1155,1,430210,430210,Campo,Efectivo,ARS,2023,8
6180,2023-11-12,188,35,1,1101,1,139280,139280,Mostrador,Cheque,ARS,2023,11
6181,2024-04-13,856,1,4,1246,2,1765000,3530000,Teléfono,Efectivo,ARS,2024,4
6182,2023-08-19,371,6,4,1093,1,144090,144090,Teléfono,Efectivo,ARS,2023,8
6183,2023-05-08,358,22,2,1063,1,5975500,5975500,Campo,Tarjeta crédito,ARS,2023,5
6184,2024-12-23,273,21,1,1266,3,183730,551190,Teléfono,Cheque,USD,2024,12
6185,2023-01-25,185,19,1,1206,3,1923820,5771460,Mostrador,Efectivo,USD,2023,1
6186,2024-11-07,799,4,4,1080,3,311550,934650,Teléfono,Transferencia,ARS,2024,11
6187,2024-11-03,604,47,1,1037,1,4180080,4180080,Campo,Tarjeta débito,ARS,2024,11
6188,2023-11-06,194,57,4,1011,4,1684170,6736680,Campo,Transferencia,USD,2023,11
6189,2023-05-29,360,1,4,1115,3,114750,344250,Campo,Cheque,ARS,2023,5
6190,2023-06-09,349,60,3,1090,1,221930,221930,Campo,Tarjeta débito,ARS,2023,6
6191,2024-08-05,388,17,3,1232,1,6026030,6026030,Teléfono,Cheque,ARS,2024,8
6192,2024-06-06,338,43,1,1019,5,6570890,32854450,Teléfono,Transferencia,USD,2024,6
6193,2024-11-02,311,40,4,1052,4,190310,761240,Campo,Tarjeta débito,USD,2024,11
6194,2024-12-14,920,24,3,1274,3,3919950,11759850,Mostrador,Transferencia,USD,2024,12
6195,2024-07-30,928,53,4,1094,1,4051260,4051260,Teléfono,Tarjeta crédito,ARS,2024,7
6196,2023-06-20,329,45,2,1032,4,196860,787440,Online,Tarjeta débito,ARS,2023,6
6197,2023-09-25,47,25,4,1151,1,120150,120150,Mostrador,Tarjeta débito,USD,2023,9
6198,2024-11-18,656,21,1,1140,5,6730390,33651950,Online,Transferencia,USD,2024,11
6199,2023-08-18,149,42,3,1058,4,69430,277720,Campo,Cheque,USD,2023,8
6200,2023-03-21,350,4,4,1021,2,6034910,12069820,Mostrador,Transferencia,USD,2023,3
6201,2024-08-11,323,27,4,1149,1,336430,336430,Campo,Tarjeta débito,ARS,2024,8
6202,2023-12-05,353,46,4,1221,1,5402830,5402830,Online,Transferencia,ARS,2023,12
6203,2024-12-10,927,21,1,1221,2,110610,221220,Mostrador,Efectivo,USD,2024,12
6204,2024-06-14,120,9,4,1242,4,442090,1768360,Mostrador,Tarjeta débito,ARS,2024,6
6205,2023-04-10,398,57,4,1219,2,358440,716880,Online,Tarjeta débito,USD,2023,4
6206,2024-12-17,646,30,1,1029,5,40200,201000,Teléfono,Tarjeta débito,ARS,2024,12
6207,2023-10-11,197,40,4,1047,4,200500,802000,Online,Cheque,USD,2023,10
6208,2023-11-17,37,52,1,1058,5,82350,411750,Campo,Efectivo,USD,2023,11
6209,2023-12-05,187,25,4,1275,1,3511330,3511330,Online,Efectivo,USD,2023,12
6210,2023-02-26,213,43,1,1140,1,85940,85940,Online,Cheque,ARS,2023,2
6211,2023-12-31,110,6,4,1023,4,332910,1331640,Campo,Transferencia,USD,2023,12
6212,2023-05-16,187,52,1,1063,1,1575480,1575480,Online,Transferencia,ARS,2023,5
6213,2023-12-04,78,59,2,1052,3,140840,422520,Teléfono,Tarjeta crédito,USD,2023,12
6214,2023-11-21,374,15,1,1266,4,166180,664720,Teléfono,Efectivo,ARS,2023,11
6215,2024-10-26,810,43,1,1109,1,102960,102960,Online,Cheque,ARS,2024,10
6216,2024-11-08,330,12,3,1167,4,28130,112520,Campo,Transferencia,USD,2024,11
6217,2023-06-18,125,2,1,1151,1,202370,202370,Campo,Cheque,USD,2023,6
6218,2023-11-25,316,57,4,1011,3,45190,135570,Online,Efectivo,ARS,2023,11
6219,2023-11-27,320,53,4,1095,4,2190390,8761560,Mostrador,Cheque,USD,2023,11
6220,2023-06-16,314,38,4,1072,1,285200,285200,Campo,Transferencia,ARS,2023,6
6221,2024-11-06,514,1,4,1048,2,238920,477840,Mostrador,Cheque,USD,2024,11
6222,2024-08-15,334,2,1,1007,2,4646130,9292260,Teléfono,Tarjeta crédito,ARS,2024,8
6223,2023-07-28,71,15,1,1272,3,3668050,11004150,Teléfono,Transferencia,USD,2023,7
6224,2023-11-25,376,7,2,1095,1,2585410,2585410,Teléfono,Efectivo,USD,2023,11
6225,2023-04-27,212,49,1,1233,5,270180,1350900,Mostrador,Transferencia,ARS,2023,4
6226,2024-05-21,8,25,4,1048,3,198180,594540,Campo,Tarjeta crédito,ARS,2024,5
6227,2023-05-14,184,49,1,1208,1,1684170,1684170,Mostrador,Efectivo,ARS,2023,5
6228,2024-12-28,980,4,4,1227,1,294100,294100,Mostrador,Efectivo,USD,2024,12
6229,2024-11-01,164,2,1,1077,2,40500,81000,Mostrador,Tarjeta crédito,USD,2024,11
6230,2023-12-02,269,27,4,1128,1,54720,54720,Mostrador,Efectivo,ARS,2023,12
6231,2024-03-27,295,19,1,1219,1,110950,110950,Online,Tarjeta débito,USD,2024,3
6232,2024-12-07,358,2,1,1081,3,117350,352050,Campo,Transferencia,USD,2024,12
6233,2024-02-29,81,46,4,1037,1,292900,292900,Teléfono,Tarjeta crédito,ARS,2024,2
6234,2023-07-11,262,47,1,1102,2,3437600,6875200,Teléfono,Tarjeta débito,ARS,2023,7
6235,2023-11-28,275,57,4,1191,1,33550,33550,Teléfono,Tarjeta débito,USD,2023,11
6236,2024-11-18,921,54,2,1029,1,342990,342990,Online,Efectivo,ARS,2024,11
6237,2024-06-07,899,43,1,1084,1,29730,29730,Mostrador,Tarjeta débito,USD,2024,6
6238,2024-06-14,617,36,4,1253,1,238340,238340,Campo,Transferencia,USD,2024,6
6239,2024-11-25,821,34,2,1251,1,358630,358630,Campo,Tarjeta crédito,USD,2024,11
6240,2024-12-02,540,4,4,1226,1,336230,336230,Mostrador,Cheque,ARS,2024,12
6241,2024-12-10,922,39,2,1094,1,290720,290720,Campo,Tarjeta débito,USD,2024,12
6242,2023-04-15,47,50,3,1086,3,2451060,7353180,Online,Transferencia,USD,2023,4
6243,2024-02-18,392,20,1,1110,3,4161630,12484890,Mostrador,Tarjeta crédito,USD,2024,2
6244,2024-09-21,825,49,1,1217,5,2429610,12148050,Campo,Transferencia,USD,2024,9
6245,2024-10-09,567,48,2,1196,1,30520,30520,Campo,Tarjeta crédito,ARS,2024,10
6246,2024-04-27,79,16,1,1297,1,53540,53540,Teléfono,Tarjeta débito,USD,2024,4
6247,2023-07-02,1,2,1,1044,1,3612850,3612850,Teléfono,Transferencia,USD,2023,7
6248,2024-11-06,680,13,4,1090,1,5703730,5703730,Online,Cheque,ARS,2024,11
6249,2024-08-29,23,33,4,1155,1,2350620,2350620,Mostrador,Transferencia,ARS,2024,8
6250,2023-04-05,228,21,1,1109,5,4089840,20449200,Campo,Tarjeta débito,USD,2023,4
6251,2023-12-22,298,14,1,1059,1,209630,209630,Teléfono,Cheque,ARS,2023,12
6252,2023-07-10,260,15,1,1110,1,138090,138090,Mostrador,Efectivo,ARS,2023,7
6253,2023-11-17,264,43,1,1106,4,271910,1087640,Teléfono,Tarjeta débito,USD,2023,11
6254,2023-01-20,164,21,1,1221,5,191530,957650,Online,Tarjeta crédito,USD,2023,1
6255,2023-12-04,10,21,1,1263,1,138990,138990,Campo,Cheque,ARS,2023,12
6256,2024-02-25,628,27,4,1082,4,238890,955560,Teléfono,Tarjeta débito,ARS,2024,2
6257,2024-05-11,158,25,4,1272,5,310990,1554950,Teléfono,Efectivo,ARS,2024,5
6258,2024-06-28,868,15,1,1049,1,2470120,2470120,Online,Tarjeta débito,USD,2024,6
6259,2024-11-17,784,32,1,1032,4,4007910,16031640,Online,Tarjeta crédito,USD,2024,11
6260,2023-08-25,158,53,4,1089,1,294670,294670,Campo,Transferencia,ARS,2023,8
6261,2023-05-13,320,30,1,1019,1,5381350,5381350,Online,Tarjeta débito,USD,2023,5
6262,2024-11-21,876,4,4,1003,5,44130,220650,Mostrador,Cheque,ARS,2024,11
6263,2023-06-21,202,4,4,1060,1,4279730,4279730,Mostrador,Tarjeta crédito,ARS,2023,6
6264,2024-12-25,121,3,3,1242,1,363960,363960,Mostrador,Tarjeta crédito,USD,2024,12
6265,2024-11-18,139,35,1,1029,5,2997290,14986450,Mostrador,Transferencia,USD,2024,11
6266,2024-01-02,674,46,4,1075,4,134380,537520,Online,Tarjeta crédito,ARS,2024,1
6267,2024-12-26,720,6,4,1070,1,23360,23360,Teléfono,Tarjeta crédito,ARS,2024,12
6268,2023-04-17,55,31,3,1083,3,352630,1057890,Campo,Tarjeta débito,USD,2023,4
6269,2023-11-08,339,25,4,1173,1,323590,323590,Mostrador,Tarjeta crédito,ARS,2023,11
6270,2024-06-01,260,30,1,1197,5,35610,178050,Teléfono,Efectivo,ARS,2024,6
6271,2023-11-20,44,21,1,1131,4,4795000,19180000,Mostrador,Efectivo,USD,2023,11
6272,2024-12-12,159,25,4,1147,5,1738860,8694300,Online,Transferencia,USD,2024,12
6273,2023-03-13,304,33,4,1273,5,188860,944300,Mostrador,Transferencia,ARS,2023,3
6274,2024-02-24,355,17,3,1035,1,323350,323350,Online,Transferencia,USD,2024,2
6275,2024-04-10,98,9,4,1113,1,3627600,3627600,Campo,Tarjeta crédito,USD,2024,4
6276,2024-06-17,538,43,1,1206,1,298820,298820,Campo,Efectivo,USD,2024,6
6277,2023-10-08,359,19,1,1158,2,6423650,12847300,Teléfono,Cheque,ARS,2023,10
6278,2023-11-24,198,8,2,1253,5,200420,1002100,Teléfono,Efectivo,USD,2023,11
6279,2024-11-19,609,15,1,1122,1,77750,77750,Mostrador,Cheque,ARS,2024,11
6280,2023-08-02,239,58,3,1048,2,297730,595460,Campo,Transferencia,USD,2023,8
6281,2024-11-14,475,47,1,1185,5,40140,200700,Mostrador,Efectivo,USD,2024,11
6282,2024-03-10,524,33,4,1273,1,53250,53250,Mostrador,Tarjeta débito,ARS,2024,3
6283,2024-10-15,557,57,4,1101,5,151820,759100,Mostrador,Tarjeta débito,ARS,2024,10
6284,2024-08-22,392,7,2,1015,4,30830,123320,Online,Tarjeta crédito,ARS,2024,8
6285,2023-08-16,9,14,1,1128,4,3996950,15987800,Campo,Transferencia,USD,2023,8
6286,2024-03-16,513,12,3,1210,1,4630720,4630720,Campo,Tarjeta débito,USD,2024,3
6287,2024-11-25,389,4,4,1112,1,394300,394300,Online,Cheque,ARS,2024,11
6288,2023-12-13,327,41,3,1270,1,114180,114180,Teléfono,Tarjeta crédito,USD,2023,12
6289,2024-12-22,210,5,1,1142,1,295930,295930,Campo,Cheque,USD,2024,12
6290,2023-12-19,54,19,1,1173,1,183420,183420,Mostrador,Cheque,USD,2023,12
6291,2023-06-06,104,19,1,1166,2,81760,163520,Teléfono,Tarjeta débito,ARS,2023,6
6292,2023-12-01,152,14,1,1119,1,5018840,5018840,Campo,Tarjeta crédito,USD,2023,12
6293,2024-12-18,410,33,4,1203,3,412250,1236750,Campo,Transferencia,USD,2024,12
6294,2023-11-12,10,46,4,1011,1,1917110,1917110,Online,Efectivo,USD,2023,11
6295,2024-11-25,957,14,1,1249,5,146340,731700,Mostrador,Cheque,ARS,2024,11
6296,2024-11-29,552,5,1,1287,1,385710,385710,Mostrador,Cheque,USD,2024,11
6297,2023-11-21,44,16,1,1248,1,128330,128330,Teléfono,Transferencia,USD,2023,11
6298,2023-04-02,368,53,4,1154,3,4162480,12487440,Mostrador,Tarjeta débito,ARS,2023,4
6299,2024-09-03,268,39,2,1197,1,3238370,3238370,Mostrador,Transferencia,USD,2024,9
6300,2023-11-10,278,3,3,1025,1,4638440,4638440,Campo,Tarjeta crédito,USD,2023,11
6301,2024-11-02,667,5,1,1109,1,373050,373050,Teléfono,Efectivo,ARS,2024,11
6302,2023-12-16,82,24,3,1221,4,31700,126800,Campo,Transferencia,ARS,2023,12
6303,2023-12-28,197,32,1,1110,1,322800,322800,Campo,Tarjeta débito,USD,2023,12
6304,2024-11-01,398,19,1,1090,3,174220,522660,Campo,Transferencia,ARS,2024,11
6305,2023-11-29,52,44,3,1265,3,2607250,7821750,Online,Tarjeta débito,ARS,2023,11
6306,2023-12-16,223,42,3,1040,3,2991640,8974920,Mostrador,Efectivo,ARS,2023,12
6307,2023-11-28,368,51,1,1263,5,4405890,22029450,Teléfono,Tarjeta crédito,ARS,2023,11
6308,2023-11-25,374,51,1,1158,1,4378090,4378090,Campo,Cheque,ARS,2023,11
6309,2024-01-29,59,47,1,1118,1,294220,294220,Mostrador,Tarjeta crédito,USD,2024,1
6310,2024-11-09,294,15,1,1256,4,47500,190000,Teléfono,Transferencia,USD,2024,11
6311,2023-11-24,276,12,3,1196,1,104030,104030,Online,Transferencia,ARS,2023,11
6312,2024-01-28,846,13,4,1084,4,375440,1501760,Online,Cheque,ARS,2024,1
6313,2024-07-06,788,14,1,1026,4,118340,473360,Campo,Tarjeta crédito,ARS,2024,7
6314,2023-10-23,357,43,1,1014,1,5426270,5426270,Online,Transferencia,USD,2023,10
6315,2023-11-01,110,49,1,1118,3,335160,1005480,Campo,Cheque,USD,2023,11
6316,2024-12-13,542,26,2,1217,1,126800,126800,Online,Tarjeta crédito,USD,2024,12
6317,2024-09-02,107,43,1,1205,1,122520,122520,Campo,Tarjeta débito,ARS,2024,9
6318,2024-03-26,297,9,4,1077,1,2512630,2512630,Online,Transferencia,ARS,2024,3
6319,2024-06-11,852,20,1,1172,1,362200,362200,Teléfono,Tarjeta débito,ARS,2024,6
6320,2023-02-02,327,23,3,1026,2,39810,79620,Campo,Tarjeta débito,ARS,2023,2
6321,2024-05-10,831,1,4,1128,1,375950,375950,Campo,Tarjeta débito,USD,2024,5
6322,2024-01-11,965,46,4,1142,3,1961730,5885190,Online,Tarjeta crédito,USD,2024,1
6323,2024-02-20,95,6,4,1024,1,1938090,1938090,Online,Transferencia,ARS,2024,2
6324,2023-11-23,285,36,4,1232,4,3270750,13083000,Campo,Transferencia,USD,2023,11
6325,2023-03-31,207,25,4,1177,1,243310,243310,Teléfono,Tarjeta crédito,USD,2023,3
6326,2023-08-01,333,19,1,1143,2,4132400,8264800,Mostrador,Transferencia,ARS,2023,8
6327,2024-12-18,684,15,1,1235,3,2740630,8221890,Mostrador,Cheque,ARS,2024,12
6328,2023-12-07,79,32,1,1155,1,215550,215550,Teléfono,Efectivo,ARS,2023,12
6329,2023-12-22,250,36,4,1026,4,164870,659480,Mostrador,Efectivo,ARS,2023,12
6330,2023-02-27,218,57,4,1266,1,2060970,2060970,Teléfono,Cheque,USD,2023,2
6331,2023-02-11,339,43,1,1117,1,79970,79970,Teléfono,Transferencia,ARS,2023,2
6332,2024-08-26,57,11,3,1058,2,3086310,6172620,Campo,Tarjeta débito,USD,2024,8
6333,2024-02-12,920,33,4,1270,2,5726900,11453800,Mostrador,Transferencia,USD,2024,2
6334,2024-01-11,147,53,4,1214,2,2506220,5012440,Campo,Efectivo,ARS,2024,1
6335,2023-09-24,234,18,3,1295,1,114180,114180,Online,Tarjeta débito,ARS,2023,9
6336,2024-09-25,17,46,4,1122,2,2158510,4317020,Teléfono,Tarjeta débito,USD,2024,9
6337,2023-07-04,368,5,1,1159,4,4743260,18973040,Online,Transferencia,USD,2023,7
6338,2023-07-28,197,14,1,1178,1,3794940,3794940,Mostrador,Transferencia,USD,2023,7
6339,2023-12-21,189,7,2,1144,4,3584920,14339680,Online,Efectivo,USD,2023,12
6340,2023-11-03,132,14,1,1104,1,316470,316470,Online,Cheque,ARS,2023,11
6341,2023-09-29,248,15,1,1202,1,2565840,2565840,Teléfono,Cheque,ARS,2023,9
6342,2024-06-08,150,57,4,1089,1,398260,398260,Campo,Tarjeta débito,ARS,2024,6
6343,2024-06-15,714,25,4,1239,1,239430,239430,Mostrador,Tarjeta débito,ARS,2024,6
6344,2024-11-13,213,38,4,1038,3,4988660,14965980,Teléfono,Transferencia,ARS,2024,11
6345,2023-12-09,217,49,1,1079,5,152070,760350,Mostrador,Transferencia,USD,2023,12
6346,2023-03-22,6,39,2,1133,1,171060,171060,Mostrador,Tarjeta débito,ARS,2023,3
6347,2023-10-28,158,14,1,1079,1,230260,230260,Online,Efectivo,ARS,2023,10
6348,2024-12-26,861,49,1,1131,1,93130,93130,Teléfono,Transferencia,USD,2024,12
6349,2024-04-16,587,58,3,1252,1,67070,67070,Online,Tarjeta débito,ARS,2024,4
6350,2024-08-18,395,35,1,1104,4,2980180,11920720,Online,Transferencia,ARS,2024,8
6351,2023-01-09,251,47,1,1149,1,2641300,2641300,Teléfono,Efectivo,USD,2023,1
6352,2024-01-21,304,27,4,1016,3,181130,543390,Teléfono,Tarjeta crédito,ARS,2024,1
6353,2023-02-11,46,47,1,1197,1,30830,30830,Campo,Efectivo,ARS,2023,2
6354,2024-03-17,411,9,4,1066,1,315480,315480,Online,Transferencia,USD,2024,3
6355,2024-12-10,403,7,2,1269,5,4988660,24943300,Teléfono,Cheque,ARS,2024,12
6356,2024-12-23,854,1,4,1118,1,387850,387850,Online,Tarjeta crédito,ARS,2024,12
6357,2024-02-14,860,21,1,1192,1,212950,212950,Teléfono,Tarjeta crédito,ARS,2024,2
6358,2023-12-20,315,31,3,1255,1,3075120,3075120,Mostrador,Efectivo,USD,2023,12
6359,2024-12-16,380,20,1,1288,5,356610,1783050,Mostrador,Tarjeta crédito,ARS,2024,12
6360,2024-07-09,452,9,4,1297,5,6542540,32712700,Teléfono,Cheque,USD,2024,7
6361,2023-03-13,229,2,1,1194,3,192310,576930,Teléfono,Tarjeta crédito,ARS,2023,3
6362,2023-12-22,182,19,1,1281,1,2412450,2412450,Online,Cheque,ARS,2023,12
6363,2023-09-21,83,40,4,1085,4,4843750,19375000,Teléfono,Efectivo,USD,2023,9
6364,2023-12-23,145,43,1,1250,1,233370,233370,Campo,Cheque,USD,2023,12
6365,2023-12-19,50,35,1,1231,2,220800,441600,Teléfono,Transferencia,ARS,2023,12
6366,2024-03-31,424,32,1,1003,2,5112530,10225060,Teléfono,Tarjeta débito,USD,2024,3
6367,2023-11-22,100,24,3,1174,1,3837230,3837230,Online,Tarjeta débito,ARS,2023,11
6368,2023-06-30,343,49,1,1240,1,4964440,4964440,Online,Cheque,USD,2023,6
6369,2024-01-05,882,51,1,1104,4,71770,287080,Campo,Cheque,USD,2024,1
6370,2024-11-15,732,19,1,1289,1,326880,326880,Mostrador,Tarjeta crédito,ARS,2024,11
6371,2024-06-29,651,42,3,1244,1,80650,80650,Campo,Cheque,ARS,2024,6
6372,2023-11-17,378,38,4,1288,5,3931080,19655400,Campo,Tarjeta crédito,ARS,2023,11
6373,2024-12-14,526,52,1,1273,3,114220,342660,Online,Tarjeta débito,ARS,2024,12
6374,2024-12-07,13,49,1,1120,5,231430,1157150,Teléfono,Tarjeta crédito,ARS,2024,12
6375,2023-08-18,344,47,1,1242,1,2512260,2512260,Campo,Tarjeta crédito,ARS,2023,8
6376,2023-02-13,250,15,1,1259,1,149570,149570,Online,Tarjeta crédito,ARS,2023,2
6377,2024-09-22,848,35,1,1070,1,72450,72450,Campo,Efectivo,USD,2024,9
6378,2024-11-14,924,55,2,1183,3,359130,1077390,Teléfono,Efectivo,ARS,2024,11
6379,2024-12-23,990,22,2,1247,4,399660,1598640,Mostrador,Tarjeta crédito,ARS,2024,12
6380,2024-12-01,172,33,4,1118,1,2980180,2980180,Mostrador,Tarjeta débito,USD,2024,12
6381,2024-04-20,489,32,1,1031,2,5332890,10665780,Online,Tarjeta débito,USD,2024,4
6382,2024-02-03,831,41,3,1149,1,260440,260440,Teléfono,Efectivo,ARS,2024,2
6383,2023-01-31,359,56,2,1016,1,3979270,3979270,Mostrador,Efectivo,USD,2023,1
6384,2023-09-28,106,28,2,1273,1,3429140,3429140,Campo,Efectivo,USD,2023,9
6385,2023-12-21,189,9,4,1102,3,377110,1131330,Online,Tarjeta crédito,USD,2023,12
6386,2024-05-21,987,35,1,1072,2,83890,167780,Teléfono,Cheque,ARS,2024,5
6387,2024-03-04,529,15,1,1193,2,166140,332280,Campo,Tarjeta crédito,ARS,2024,3
6388,2024-09-23,50,13,4,1230,5,346100,1730500,Online,Cheque,ARS,2024,9
6389,2023-11-01,249,43,1,1111,1,405070,405070,Teléfono,Tarjeta crédito,ARS,2023,11
6390,2024-03-12,410,15,1,1293,1,2811480,2811480,Mostrador,Transferencia,USD,2024,3
6391,2023-04-07,391,14,1,1048,5,2740630,13703150,Campo,Efectivo,USD,2023,4
6392,2023-12-08,379,15,1,1127,1,4294030,4294030,Online,Efectivo,USD,2023,12
6393,2024-10-01,227,31,3,1228,2,70530,141060,Online,Tarjeta débito,ARS,2024,10
6394,2024-07-31,591,51,1,1277,1,5384280,5384280,Mostrador,Efectivo,ARS,2024,7
6395,2024-12-29,784,47,1,1106,1,363060,363060,Campo,Tarjeta débito,USD,2024,12
6396,2023-11-01,213,59,2,1037,3,4131750,12395250,Teléfono,Tarjeta débito,ARS,2023,11
6397,2023-12-31,17,28,2,1291,1,325840,325840,Mostrador,Efectivo,ARS,2023,12
6398,2023-11-15,346,46,4,1181,1,4070360,4070360,Teléfono,Efectivo,USD,2023,11
6399,2023-12-15,251,5,1,1143,5,85870,429350,Online,Tarjeta débito,USD,2023,12
6400,2024-11-22,852,27,4,1114,1,330900,330900,Campo,Tarjeta débito,ARS,2024,11
6401,2024-07-21,84,44,3,1238,2,125930,251860,Teléfono,Transferencia,ARS,2024,7
6402,2024-11-29,919,13,4,1094,2,4783670,9567340,Mostrador,Efectivo,USD,2024,11
6403,2023-08-12,197,30,1,1260,5,110850,554250,Mostrador,Tarjeta crédito,ARS,2023,8
6404,2024-11-27,777,34,2,1107,3,195750,587250,Campo,Tarjeta débito,USD,2024,11
6405,2023-03-07,18,40,4,1244,1,231080,231080,Online,Tarjeta crédito,USD,2023,3
6406,2024-12-01,221,1,4,1226,1,412400,412400,Online,Tarjeta débito,USD,2024,12
6407,2023-11-15,331,30,1,1023,1,156530,156530,Online,Tarjeta crédito,USD,2023,11
6408,2023-11-11,235,52,1,1271,1,379060,379060,Teléfono,Cheque,USD,2023,11
6409,2024-01-14,176,28,2,1140,3,53170,159510,Teléfono,Tarjeta crédito,ARS,2024,1
6410,2024-12-15,584,36,4,1082,1,5591700,5591700,Mostrador,Efectivo,ARS,2024,12
6411,2023-02-22,91,2,1,1204,1,160170,160170,Teléfono,Cheque,ARS,2023,2
6412,2023-11-21,322,11,3,1156,2,4436780,8873560,Online,Transferencia,ARS,2023,11
6413,2024-11-22,535,46,4,1226,1,162910,162910,Campo,Transferencia,ARS,2024,11
6414,2023-12-03,213,13,4,1019,3,275040,825120,Mostrador,Tarjeta crédito,ARS,2023,12
6415,2023-08-07,394,60,3,1069,1,6081970,6081970,Mostrador,Tarjeta crédito,ARS,2023,8
6416,2023-12-11,294,15,1,1132,1,3837230,3837230,Campo,Cheque,ARS,2023,12
6417,2023-11-30,128,25,4,1256,1,5559760,5559760,Campo,Tarjeta crédito,ARS,2023,11
6418,2024-12-08,571,12,3,1209,1,255610,255610,Teléfono,Cheque,USD,2024,12
6419,2024-10-14,324,9,4,1010,5,4467880,22339400,Teléfono,Tarjeta débito,ARS,2024,10
6420,2024-01-07,85,16,1,1140,1,4821390,4821390,Campo,Transferencia,USD,2024,1
6421,2024-12-28,741,33,4,1135,1,4078450,4078450,Campo,Tarjeta crédito,ARS,2024,12
6422,2023-12-22,375,16,1,1255,1,4347240,4347240,Teléfono,Tarjeta débito,USD,2023,12
6423,2023-03-05,268,20,1,1300,5,2301260,11506300,Online,Tarjeta crédito,USD,2023,3
6424,2023-10-15,112,33,4,1258,3,1825970,5477910,Teléfono,Efectivo,ARS,2023,10
6425,2023-12-14,116,34,2,1094,1,27300,27300,Teléfono,Cheque,ARS,2023,12
6426,2023-06-22,238,25,4,1241,4,188860,755440,Mostrador,Cheque,USD,2023,6
6427,2024-12-17,398,51,1,1237,1,2711610,2711610,Teléfono,Cheque,ARS,2024,12
6428,2024-10-20,52,10,3,1165,3,407210,1221630,Campo,Transferencia,ARS,2024,10
6429,2023-10-22,84,47,1,1164,1,4925190,4925190,Mostrador,Cheque,USD,2023,10
6430,2024-04-10,623,31,3,1148,1,383600,383600,Online,Transferencia,USD,2024,4
6431,2024-08-31,712,16,1,1218,5,4365040,21825200,Online,Tarjeta crédito,USD,2024,8
6432,2024-12-15,731,1,4,1108,1,260440,260440,Online,Tarjeta crédito,ARS,2024,12
6433,2024-11-29,741,36,4,1231,1,42740,42740,Teléfono,Transferencia,USD,2024,11
6434,2024-01-18,829,20,1,1070,3,4401430,13204290,Mostrador,Cheque,USD,2024,1
6435,2024-10-28,425,5,1,1221,4,2957210,11828840,Online,Tarjeta crédito,ARS,2024,10
6436,2024-03-09,21,18,3,1074,3,84580,253740,Online,Tarjeta débito,ARS,2024,3
6437,2024-02-28,688,38,4,1179,5,2899500,14497500,Campo,Tarjeta crédito,ARS,2024,2
6438,2023-05-06,56,36,4,1080,1,3455140,3455140,Campo,Cheque,USD,2023,5
6439,2023-05-19,291,46,4,1159,3,249720,749160,Campo,Cheque,ARS,2023,5
6440,2024-02-02,812,52,1,1169,1,118760,118760,Campo,Transferencia,USD,2024,2
6441,2023-10-22,295,16,1,1084,1,4436590,4436590,Mostrador,Efectivo,ARS,2023,10
6442,2023-01-24,143,14,1,1161,1,3323370,3323370,Online,Cheque,ARS,2023,1
6443,2024-09-01,908,35,1,1032,4,88830,355320,Campo,Tarjeta débito,ARS,2024,9
6444,2023-02-05,373,38,4,1121,1,5327970,5327970,Mostrador,Tarjeta débito,USD,2023,2
6445,2024-04-15,738,52,1,1215,3,3584360,10753080,Mostrador,Efectivo,ARS,2024,4
6446,2024-02-13,8,40,4,1003,1,29570,29570,Online,Cheque,USD,2024,2
6447,2024-12-23,124,9,4,1228,5,137500,687500,Campo,Transferencia,USD,2024,12
6448,2023-12-27,246,6,4,1048,3,238210,714630,Campo,Efectivo,USD,2023,12
6449,2023-03-11,101,1,4,1167,1,3695860,3695860,Online,Cheque,USD,2023,3
6450,2024-02-27,990,32,1,1103,1,5101010,5101010,Online,Tarjeta crédito,USD,2024,2
6451,2024-11-18,835,57,4,1011,1,258120,258120,Campo,Transferencia,USD,2024,11
6452,2024-12-31,862,35,1,1238,3,2014490,6043470,Online,Efectivo,ARS,2024,12
6453,2023-12-13,93,47,1,1278,2,248030,496060,Online,Tarjeta débito,USD,2023,12
6454,2023-11-12,385,27,4,1241,2,5554050,11108100,Teléfono,Cheque,USD,2023,11
6455,2024-12-06,766,21,1,1192,4,81000,324000,Online,Cheque,ARS,2024,12
6456,2023-07-29,80,4,4,1012,1,275230,275230,Teléfono,Transferencia,ARS,2023,7
6457,2024-05-07,298,33,4,1053,1,140220,140220,Online,Tarjeta débito,USD,2024,5
6458,2023-12-06,31,46,4,1055,1,3540980,3540980,Mostrador,Tarjeta crédito,USD,2023,12
6459,2023-02-15,378,30,1,1017,2,321130,642260,Campo,Efectivo,USD,2023,2
6460,2023-11-20,330,27,4,1021,2,156850,313700,Teléfono,Efectivo,USD,2023,11
6461,2023-10-18,299,35,1,1019,1,157350,157350,Teléfono,Tarjeta débito,USD,2023,10
6462,2024-07-23,282,1,4,1204,1,117880,117880,Online,Efectivo,ARS,2024,7
6463,2024-12-17,12,52,1,1244,1,4912240,4912240,Campo,Tarjeta crédito,ARS,2024,12
6464,2023-10-22,127,9,4,1230,1,23940,23940,Online,Tarjeta crédito,USD,2023,10
6465,2024-11-10,872,20,1,1068,3,362250,1086750,Teléfono,Efectivo,ARS,2024,11
6466,2023-03-02,187,19,1,1059,1,2353620,2353620,Campo,Tarjeta crédito,ARS,2023,3
6467,2024-02-12,69,55,2,1151,5,5129570,25647850,Mostrador,Cheque,ARS,2024,2
6468,2023-03-19,329,49,1,1259,1,30300,30300,Campo,Tarjeta débito,ARS,2023,3
6469,2024-12-13,523,33,4,1058,1,5832680,5832680,Mostrador,Tarjeta crédito,USD,2024,12
6470,2024-10-19,815,19,1,1216,2,298750,597500,Online,Transferencia,ARS,2024,10
6471,2024-06-22,23,32,1,1062,1,278850,278850,Teléfono,Efectivo,USD,2024,6
6472,2024-11-13,337,18,3,1146,1,190340,190340,Teléfono,Transferencia,ARS,2024,11
6473,2024-06-11,427,32,1,1239,1,368430,368430,Campo,Efectivo,ARS,2024,6
6474,2024-12-23,845,19,1,1293,1,4820670,4820670,Online,Efectivo,ARS,2024,12
6475,2024-08-23,209,27,4,1182,2,176080,352160,Teléfono,Cheque,ARS,2024,8
6476,2024-12-11,215,16,1,1095,2,4372120,8744240,Mostrador,Efectivo,ARS,2024,12
6477,2024-01-20,635,43,1,1078,1,271070,271070,Teléfono,Transferencia,ARS,2024,1
6478,2023-05-09,73,35,1,1142,2,162220,324440,Campo,Transferencia,ARS,2023,5
6479,2024-02-01,722,30,1,1105,1,2503890,2503890,Online,Cheque,USD,2024,2
6480,2023-05-20,311,39,2,1261,1,3327300,3327300,Online,Cheque,ARS,2023,5
6481,2024-04-11,786,2,1,1095,5,3511680,17558400,Mostrador,Cheque,USD,2024,4
6482,2023-12-27,94,40,4,1223,1,3820690,3820690,Teléfono,Tarjeta crédito,ARS,2023,12
6483,2024-05-14,938,43,1,1190,2,346100,692200,Online,Tarjeta débito,ARS,2024,5
6484,2023-01-12,236,43,1,1129,2,40500,81000,Teléfono,Cheque,ARS,2023,1
6485,2023-08-02,154,49,1,1155,3,181490,544470,Mostrador,Tarjeta crédito,USD,2023,8
6486,2023-12-29,274,37,3,1195,1,157450,157450,Campo,Tarjeta débito,USD,2023,12
6487,2024-12-18,725,25,4,1020,1,1948180,1948180,Online,Tarjeta débito,USD,2024,12
6488,2023-11-30,128,55,2,1299,1,152440,152440,Teléfono,Cheque,USD,2023,11
6489,2023-12-11,233,33,4,1240,3,41590,124770,Online,Transferencia,USD,2023,12
6490,2024-08-24,41,52,1,1235,2,334010,668020,Teléfono,Tarjeta crédito,USD,2024,8
6491,2024-04-24,938,30,1,1085,3,288790,866370,Mostrador,Transferencia,USD,2024,4
6492,2023-11-06,289,35,1,1094,4,3917760,15671040,Campo,Tarjeta débito,USD,2023,11
6493,2023-12-07,43,35,1,1042,1,120190,120190,Online,Efectivo,USD,2023,12
6494,2023-08-27,270,49,1,1244,1,230220,230220,Teléfono,Efectivo,ARS,2023,8
6495,2024-12-22,439,52,1,1074,1,107650,107650,Online,Cheque,ARS,2024,12
6496,2023-05-24,314,5,1,1115,4,137220,548880,Campo,Cheque,USD,2023,5
6497,2023-11-26,394,5,1,1190,5,5799490,28997450,Campo,Tarjeta crédito,USD,2023,11
6498,2023-01-29,28,16,1,1125,3,146210,438630,Campo,Tarjeta débito,ARS,2023,1
6499,2023-09-01,270,49,1,1006,2,59270,118540,Campo,Transferencia,ARS,2023,9
6500,2024-11-01,467,13,4,1042,1,420350,420350,Campo,Efectivo,ARS,2024,11
6501,2023-08-09,74,43,1,1058,3,176080,528240,Teléfono,Tarjeta débito,USD,2023,8
6502,2023-03-29,145,38,4,1010,1,1792540,1792540,Campo,Transferencia,ARS,2023,3
6503,2023-12-25,162,31,3,1089,1,5228880,5228880,Teléfono,Transferencia,ARS,2023,12
6504,2023-01-11,246,5,1,1039,1,43060,43060,Mostrador,Cheque,ARS,2023,1
6505,2023-04-03,270,32,1,1111,4,2221230,8884920,Teléfono,Transferencia,USD,2023,4
6506,2024-11-09,410,15,1,1039,3,289400,868200,Campo,Tarjeta crédito,USD,2024,11
6507,2024-10-25,498,29,3,1167,1,3633500,3633500,Teléfono,Cheque,ARS,2024,10
6508,2024-12-08,418,15,1,1011,5,121340,606700,Mostrador,Tarjeta crédito,ARS,2024,12
6509,2024-11-22,211,2,1,1110,4,6332160,25328640,Campo,Tarjeta débito,USD,2024,11
6510,2024-07-20,792,16,1,1016,2,1994040,3988080,Online,Cheque,USD,2024,7
6511,2023-02-27,223,4,4,1033,1,3704050,3704050,Online,Cheque,USD,2023,2
6512,2024-11-02,360,49,1,1233,1,3482830,3482830,Mostrador,Tarjeta crédito,ARS,2024,11
6513,2024-11-19,582,3,3,1188,1,1945770,1945770,Mostrador,Efectivo,USD,2024,11
6514,2024-11-06,20,39,2,1224,1,5118450,5118450,Mostrador,Cheque,USD,2024,11
6515,2024-01-10,423,27,4,1059,1,66000,66000,Teléfono,Efectivo,USD,2024,1
6516,2023-09-13,121,26,2,1051,5,336380,1681900,Mostrador,Cheque,ARS,2023,9
6517,2024-11-19,173,48,2,1271,4,268950,1075800,Online,Transferencia,ARS,2024,11
6518,2024-09-06,34,6,4,1043,1,4206980,4206980,Teléfono,Tarjeta crédito,USD,2024,9
6519,2024-12-26,918,13,4,1027,1,43110,43110,Teléfono,Tarjeta crédito,ARS,2024,12
6520,2023-06-20,71,16,1,1056,3,120700,362100,Teléfono,Transferencia,ARS,2023,6
6521,2023-09-05,33,21,1,1121,1,5210100,5210100,Teléfono,Transferencia,USD,2023,9
6522,2023-08-21,262,38,4,1113,2,118390,236780,Teléfono,Tarjeta crédito,ARS,2023,8
6523,2024-11-05,784,38,4,1116,1,31590,31590,Online,Cheque,USD,2024,11
6524,2023-07-25,109,26,2,1115,1,3930420,3930420,Mostrador,Tarjeta crédito,USD,2023,7
6525,2023-03-15,23,7,2,1109,4,3147190,12588760,Teléfono,Cheque,USD,2023,3
6526,2024-12-31,658,60,3,1175,2,5411390,10822780,Online,Cheque,ARS,2024,12
6527,2023-01-28,14,14,1,1112,5,5124170,25620850,Mostrador,Efectivo,USD,2023,1
6528,2024-11-16,306,25,4,1100,1,5396990,5396990,Mostrador,Efectivo,USD,2024,11
6529,2023-11-25,317,2,1,1008,4,4835290,19341160,Online,Efectivo,USD,2023,11
6530,2024-11-18,548,38,4,1135,1,341540,341540,Online,Tarjeta débito,ARS,2024,11
6531,2024-03-01,271,57,4,1251,1,98020,98020,Mostrador,Tarjeta crédito,ARS,2024,3
6532,2024-12-05,773,42,3,1181,1,136690,136690,Teléfono,Transferencia,ARS,2024,12
6533,2024-12-11,53,14,1,1240,1,2366200,2366200,Campo,Transferencia,USD,2024,12
6534,2023-01-10,48,20,1,1222,3,3712550,11137650,Mostrador,Tarjeta crédito,ARS,2023,1
6535,2023-03-24,11,5,1,1145,1,137230,137230,Mostrador,Efectivo,USD,2023,3
6536,2023-10-02,258,23,3,1004,1,266860,266860,Online,Tarjeta débito,USD,2023,10
6537,2024-07-05,855,41,3,1282,3,2703830,8111490,Online,Cheque,USD,2024,7
6538,2024-12-01,792,5,1,1039,1,303380,303380,Online,Tarjeta débito,USD,2024,12
6539,2023-12-21,210,37,3,1104,1,200590,200590,Mostrador,Tarjeta crédito,ARS,2023,12
6540,2024-04-27,324,40,4,1197,1,4920710,4920710,Campo,Tarjeta débito,ARS,2024,4
6541,2023-07-26,335,16,1,1128,1,141720,141720,Teléfono,Tarjeta crédito,USD,2023,7
6542,2024-11-08,524,54,2,1261,5,132020,660100,Campo,Tarjeta débito,ARS,2024,11
6543,2024-12-23,443,46,4,1091,1,5176230,5176230,Mostrador,Tarjeta crédito,ARS,2024,12
6544,2023-10-22,251,54,2,1164,5,121240,606200,Campo,Tarjeta débito,USD,2023,10
6545,2023-12-30,323,60,3,1259,1,31760,31760,Teléfono,Cheque,ARS,2023,12
6546,2023-04-05,160,22,2,1094,5,249720,1248600,Mostrador,Cheque,USD,2023,4
6547,2024-03-06,36,57,4,1257,3,159110,477330,Campo,Efectivo,ARS,2024,3
6548,2024-01-04,661,52,1,1136,1,3732180,3732180,Mostrador,Transferencia,ARS,2024,1
6549,2023-06-08,368,7,2,1013,1,330790,330790,Mostrador,Tarjeta débito,ARS,2023,6
6550,2023-12-16,198,43,1,1198,2,3873070,7746140,Online,Tarjeta débito,USD,2023,12
6551,2023-11-16,378,14,1,1178,5,3729510,18647550,Teléfono,Tarjeta crédito,ARS,2023,11
6552,2024-01-25,246,15,1,1112,1,221220,221220,Online,Cheque,USD,2024,1
6553,2024-04-04,393,43,1,1264,1,217050,217050,Mostrador,Tarjeta crédito,ARS,2024,4
6554,2023-01-10,204,46,4,1079,4,301010,1204040,Online,Cheque,USD,2023,1
6555,2024-10-13,44,13,4,1256,2,2070480,4140960,Mostrador,Tarjeta débito,ARS,2024,10
6556,2024-08-22,315,15,1,1074,1,5017330,5017330,Teléfono,Tarjeta débito,ARS,2024,8
6557,2023-11-25,383,29,3,1161,1,137870,137870,Teléfono,Transferencia,USD,2023,11
6558,2023-02-28,319,55,2,1201,1,3163140,3163140,Online,Cheque,ARS,2023,2
6559,2024-10-07,206,13,4,1249,2,158110,316220,Online,Transferencia,USD,2024,10
6560,2024-12-19,241,37,3,1033,2,6184290,12368580,Mostrador,Tarjeta débito,ARS,2024,12
6561,2023-09-21,41,47,1,1073,4,395990,1583960,Teléfono,Tarjeta crédito,USD,2023,9
6562,2023-11-13,76,13,4,1293,1,43880,43880,Teléfono,Tarjeta débito,ARS,2023,11
6563,2023-07-21,202,4,4,1198,3,4009960,12029880,Online,Cheque,ARS,2023,7
6564,2024-03-25,363,34,2,1164,1,58510,58510,Mostrador,Efectivo,ARS,2024,3
6565,2023-06-19,386,4,4,1116,1,301100,301100,Online,Tarjeta crédito,USD,2023,6
6566,2023-11-22,95,38,4,1240,1,313490,313490,Teléfono,Tarjeta crédito,USD,2023,11
6567,2024-08-04,540,59,2,1074,1,2999280,2999280,Teléfono,Cheque,ARS,2024,8
6568,2024-03-07,144,17,3,1031,2,162600,325200,Campo,Cheque,ARS,2024,3
6569,2023-11-30,59,40,4,1014,1,428790,428790,Mostrador,Tarjeta crédito,ARS,2023,11
6570,2023-12-10,129,47,1,1205,5,3922390,19611950,Teléfono,Efectivo,USD,2023,12
6571,2024-03-09,854,51,1,1116,1,110610,110610,Campo,Tarjeta débito,ARS,2024,3
6572,2023-01-07,1,43,1,1068,3,4285090,12855270,Online,Cheque,USD,2023,1
6573,2023-03-28,287,46,4,1128,2,45190,90380,Online,Cheque,USD,2023,3
6574,2024-11-29,22,13,4,1026,1,345090,345090,Online,Tarjeta débito,ARS,2024,11
6575,2023-03-27,226,15,1,1184,4,137590,550360,Mostrador,Tarjeta débito,ARS,2023,3
6576,2024-08-15,204,13,4,1137,1,420520,420520,Online,Cheque,ARS,2024,8
6577,2024-12-10,699,27,4,1291,1,3934590,3934590,Mostrador,Cheque,ARS,2024,12
6578,2023-10-24,375,38,4,1106,5,3504180,17520900,Campo,Tarjeta crédito,ARS,2023,10
6579,2023-11-26,284,52,1,1024,1,3616950,3616950,Mostrador,Transferencia,ARS,2023,11
6580,2024-03-17,372,59,2,1167,4,286040,1144160,Online,Cheque,ARS,2024,3
6581,2024-11-29,498,4,4,1194,3,223530,670590,Teléfono,Tarjeta crédito,ARS,2024,11
6582,2024-12-16,332,7,2,1169,3,2445160,7335480,Campo,Tarjeta crédito,USD,2024,12
6583,2024-09-20,27,3,3,1036,1,326460,326460,Online,Cheque,ARS,2024,9
6584,2023-04-06,343,9,4,1101,3,122000,366000,Teléfono,Cheque,ARS,2023,4
6585,2024-07-05,129,51,1,1034,1,3684720,3684720,Online,Cheque,ARS,2024,7
6586,2023-12-07,380,57,4,1039,1,3263130,3263130,Online,Cheque,ARS,2023,12
6587,2023-12-24,363,19,1,1211,3,3039950,9119850,Online,Efectivo,ARS,2023,12
6588,2023-02-23,386,19,1,1230,3,360480,1081440,Campo,Cheque,ARS,2023,2
6589,2023-07-29,95,2,1,1279,2,5306040,10612080,Campo,Tarjeta débito,ARS,2023,7
6590,2024-11-04,578,20,1,1080,1,268340,268340,Online,Tarjeta débito,USD,2024,11
6591,2023-12-19,177,49,1,1238,1,4081560,4081560,Teléfono,Efectivo,USD,2023,12
6592,2023-11-07,275,13,4,1172,1,276630,276630,Teléfono,Tarjeta crédito,ARS,2023,11
6593,2023-11-30,156,60,3,1216,5,4889810,24449050,Mostrador,Tarjeta débito,USD,2023,11
6594,2024-11-22,966,20,1,1059,5,284250,1421250,Online,Cheque,USD,2024,11
6595,2024-09-30,423,12,3,1022,2,48510,97020,Mostrador,Tarjeta crédito,USD,2024,9
6596,2023-10-26,19,14,1,1204,1,4456710,4456710,Online,Efectivo,USD,2023,10
6597,2023-05-09,383,43,1,1238,5,5119360,25596800,Teléfono,Efectivo,USD,2023,5
6598,2023-10-04,372,50,3,1296,2,3405680,6811360,Teléfono,Tarjeta débito,ARS,2023,10
6599,2024-12-10,320,29,3,1143,1,171060,171060,Online,Efectivo,USD,2024,12
6600,2024-03-31,58,13,4,1094,3,282780,848340,Mostrador,Transferencia,USD,2024,3
6601,2024-02-07,273,52,1,1244,1,294180,294180,Online,Efectivo,USD,2024,2
6602,2024-04-16,198,46,4,1011,5,298170,1490850,Online,Tarjeta débito,USD,2024,4
6603,2023-11-25,79,13,4,1117,3,134770,404310,Online,Cheque,ARS,2023,11
6604,2024-11-09,982,33,4,1265,3,324020,972060,Teléfono,Transferencia,USD,2024,11
6605,2024-01-27,41,51,1,1012,3,3541170,10623510,Teléfono,Transferencia,ARS,2024,1
6606,2023-05-09,226,39,2,1154,4,3711700,14846800,Teléfono,Tarjeta crédito,USD,2023,5
6607,2023-05-22,261,42,3,1038,1,6625200,6625200,Teléfono,Transferencia,ARS,2023,5
6608,2024-02-10,245,1,4,1131,1,163480,163480,Campo,Cheque,ARS,2024,2
6609,2024-12-14,23,43,1,1225,3,156110,468330,Online,Efectivo,ARS,2024,12
6610,2023-11-09,197,55,2,1143,5,1689500,8447500,Online,Transferencia,USD,2023,11
6611,2024-11-26,236,47,1,1054,5,383280,1916400,Campo,Tarjeta débito,ARS,2024,11
6612,2024-10-17,126,8,2,1024,1,2333240,2333240,Online,Efectivo,USD,2024,10
6613,2023-09-29,266,14,1,1121,5,168030,840150,Mostrador,Tarjeta débito,USD,2023,9
6614,2023-02-09,324,35,1,1119,1,1716520,1716520,Mostrador,Efectivo,USD,2023,2
6615,2023-04-22,140,3,3,1161,3,4821810,14465430,Teléfono,Tarjeta débito,USD,2023,4
6616,2024-09-08,879,2,1,1074,1,67070,67070,Mostrador,Transferencia,ARS,2024,9
6617,2023-08-08,394,21,1,1185,2,4350950,8701900,Teléfono,Transferencia,USD,2023,8
6618,2023-11-26,316,47,1,1192,3,1889710,5669130,Teléfono,Tarjeta débito,USD,2023,11
6619,2024-01-03,127,21,1,1220,2,139280,278560,Online,Efectivo,ARS,2024,1
6620,2024-09-04,798,4,4,1121,1,2426090,2426090,Teléfono,Tarjeta crédito,ARS,2024,9
6621,2023-05-05,114,24,3,1209,4,122810,491240,Mostrador,Transferencia,ARS,2023,5
6622,2023-12-06,325,40,4,1300,1,3435850,3435850,Mostrador,Transferencia,ARS,2023,12
6623,2023-12-28,13,47,1,1131,1,284840,284840,Mostrador,Tarjeta débito,ARS,2023,12
6624,2024-02-15,228,57,4,1164,4,373610,1494440,Campo,Tarjeta débito,ARS,2024,2
6625,2024-11-12,521,8,2,1268,5,236820,1184100,Teléfono,Efectivo,ARS,2024,11
6626,2023-07-08,146,42,3,1003,4,5046420,20185680,Mostrador,Efectivo,USD,2023,7
6627,2024-11-09,163,55,2,1050,5,3838160,19190800,Teléfono,Efectivo,USD,2024,11
6628,2024-07-31,735,13,4,1211,3,123820,371460,Campo,Transferencia,ARS,2024,7
6629,2024-03-02,728,3,3,1016,1,419870,419870,Campo,Transferencia,ARS,2024,3
6630,2024-08-07,900,30,1,1168,3,118730,356190,Teléfono,Cheque,USD,2024,8
6631,2023-12-07,169,15,1,1283,3,369150,1107450,Campo,Tarjeta crédito,ARS,2023,12
6632,2023-06-01,26,31,3,1216,1,110060,110060,Online,Cheque,ARS,2023,6
6633,2024-07-01,125,55,2,1298,4,396210,1584840,Teléfono,Tarjeta débito,ARS,2024,7
6634,2024-01-28,300,5,1,1185,1,157450,157450,Mostrador,Tarjeta débito,ARS,2024,1
6635,2024-06-02,250,2,1,1138,1,2920780,2920780,Online,Tarjeta crédito,ARS,2024,6
6636,2023-11-17,10,34,2,1125,3,128930,386790,Mostrador,Cheque,ARS,2023,11
6637,2024-12-06,105,40,4,1058,2,2307500,4615000,Mostrador,Cheque,USD,2024,12
6638,2024-04-06,618,21,1,1066,1,436240,436240,Mostrador,Cheque,ARS,2024,4
6639,2023-04-04,1,15,1,1127,1,125540,125540,Campo,Efectivo,ARS,2023,4
6640,2023-12-18,182,1,4,1202,5,325530,1627650,Teléfono,Tarjeta crédito,ARS,2023,12
6641,2024-10-08,912,3,3,1009,5,401560,2007800,Online,Tarjeta débito,USD,2024,10
6642,2024-11-05,506,19,1,1105,1,116980,116980,Mostrador,Tarjeta débito,ARS,2024,11
6643,2023-12-30,302,4,4,1089,1,4230600,4230600,Teléfono,Tarjeta crédito,USD,2023,12
6644,2024-12-03,653,28,2,1089,1,364740,364740,Teléfono,Efectivo,USD,2024,12
6645,2023-10-21,230,8,2,1204,2,2160580,4321160,Mostrador,Tarjeta débito,ARS,2023,10
6646,2023-12-07,64,36,4,1006,1,340590,340590,Mostrador,Transferencia,USD,2023,12
6647,2024-12-04,590,4,4,1158,2,181960,363920,Teléfono,Cheque,ARS,2024,12
6648,2024-12-03,232,16,1,1006,1,2420310,2420310,Teléfono,Efectivo,ARS,2024,12
6649,2024-07-23,599,15,1,1103,1,355440,355440,Teléfono,Efectivo,ARS,2024,7
6650,2024-11-23,183,35,1,1223,1,3851240,3851240,Campo,Tarjeta débito,ARS,2024,11
6651,2023-04-08,319,2,1,1171,1,290860,290860,Online,Tarjeta crédito,USD,2023,4
6652,2024-11-24,658,32,1,1033,5,2539510,12697550,Campo,Tarjeta crédito,USD,2024,11
6653,2023-11-12,317,30,1,1181,1,206130,206130,Online,Efectivo,USD,2023,11
6654,2023-07-15,92,6,4,1184,1,117120,117120,Teléfono,Tarjeta crédito,ARS,2023,7
6655,2023-09-20,123,38,4,1087,5,240720,1203600,Online,Cheque,ARS,2023,9
6656,2023-12-09,276,45,2,1069,1,63170,63170,Mostrador,Efectivo,USD,2023,12
6657,2023-10-03,64,37,3,1026,5,124800,624000,Online,Tarjeta débito,ARS,2023,10
6658,2023-11-12,332,47,1,1006,1,4252550,4252550,Teléfono,Tarjeta débito,ARS,2023,11
6659,2023-05-29,219,47,1,1256,5,61400,307000,Mostrador,Transferencia,USD,2023,5
6660,2023-11-06,192,30,1,1182,1,327080,327080,Campo,Efectivo,ARS,2023,11
6661,2024-03-20,619,13,4,1295,2,298590,597180,Mostrador,Tarjeta débito,ARS,2024,3
6662,2023-12-16,397,5,1,1260,1,48420,48420,Campo,Tarjeta crédito,ARS,2023,12
6663,2023-11-20,247,33,4,1084,1,2399250,2399250,Teléfono,Efectivo,ARS,2023,11
6664,2024-09-27,964,44,3,1287,1,91380,91380,Teléfono,Transferencia,USD,2024,9
6665,2024-12-02,473,5,1,1116,2,336320,672640,Online,Tarjeta crédito,USD,2024,12
6666,2024-10-09,966,19,1,1234,1,5228530,5228530,Teléfono,Tarjeta crédito,ARS,2024,10
6667,2023-11-16,57,58,3,1282,4,3684720,14738880,Campo,Efectivo,USD,2023,11
6668,2024-09-25,45,1,4,1207,1,46080,46080,Online,Efectivo,USD,2024,9
6669,2023-06-16,376,33,4,1077,1,4578700,4578700,Teléfono,Cheque,USD,2023,6
6670,2023-05-23,86,30,1,1168,4,375440,1501760,Online,Cheque,ARS,2023,5
6671,2023-11-19,38,42,3,1109,1,211560,211560,Mostrador,Efectivo,USD,2023,11
6672,2024-11-09,182,30,1,1056,1,113180,113180,Teléfono,Tarjeta crédito,ARS,2024,11
6673,2023-09-28,164,4,4,1295,1,63390,63390,Campo,Tarjeta crédito,ARS,2023,9
6674,2023-03-11,245,40,4,1081,1,3566460,3566460,Campo,Efectivo,USD,2023,3
6675,2023-05-25,323,3,3,1167,1,32090,32090,Teléfono,Efectivo,USD,2023,5
6676,2024-11-23,889,20,1,1176,1,3604870,3604870,Mostrador,Transferencia,USD,2024,11
6677,2024-05-27,126,12,3,1281,3,3791650,11374950,Mostrador,Efectivo,ARS,2024,5
6678,2023-10-05,207,52,1,1149,2,444610,889220,Mostrador,Transferencia,ARS,2023,10
6679,2024-03-02,267,32,1,1256,2,139210,278420,Mostrador,Tarjeta crédito,USD,2024,3
6680,2024-01-31,354,21,1,1281,1,74700,74700,Mostrador,Transferencia,ARS,2024,1
6681,2024-06-20,411,6,4,1133,3,219650,658950,Teléfono,Transferencia,ARS,2024,6
6682,2023-09-13,87,23,3,1278,1,190640,190640,Teléfono,Efectivo,USD,2023,9
6683,2024-11-24,657,35,1,1279,2,5201760,10403520,Teléfono,Efectivo,USD,2024,11
6684,2023-11-09,122,38,4,1206,3,333100,999300,Mostrador,Efectivo,ARS,2023,11
6685,2024-08-01,508,30,1,1030,2,5647970,11295940,Online,Tarjeta crédito,ARS,2024,8
6686,2023-01-18,98,52,1,1218,3,4381420,13144260,Mostrador,Tarjeta crédito,USD,2023,1
6687,2023-11-27,289,35,1,1231,1,3917760,3917760,Teléfono,Cheque,ARS,2023,11
6688,2023-11-21,133,31,3,1162,5,175800,879000,Teléfono,Transferencia,USD,2023,11
6689,2024-02-18,379,59,2,1217,3,355900,1067700,Teléfono,Cheque,USD,2024,2
6690,2023-03-21,337,7,2,1228,1,4516680,4516680,Online,Tarjeta débito,USD,2023,3
6691,2024-11-04,318,27,4,1103,5,3863640,19318200,Campo,Transferencia,ARS,2024,11
6692,2023-08-27,65,32,1,1221,1,4619080,4619080,Mostrador,Cheque,ARS,2023,8
6693,2024-07-13,711,46,4,1234,4,72970,291880,Mostrador,Cheque,ARS,2024,7
6694,2024-11-08,125,49,1,1073,1,5915250,5915250,Teléfono,Cheque,USD,2024,11
6695,2024-03-09,451,25,4,1095,1,3991350,3991350,Teléfono,Transferencia,ARS,2024,3
6696,2024-09-21,858,37,3,1095,1,195440,195440,Teléfono,Transferencia,USD,2024,9
6697,2024-06-27,720,1,4,1243,2,84840,169680,Campo,Transferencia,USD,2024,6
6698,2023-11-22,208,48,2,1293,3,126800,380400,Online,Efectivo,USD,2023,11
6699,2024-11-09,300,38,4,1263,5,5005240,25026200,Campo,Tarjeta débito,USD,2024,11
6700,2023-11-05,121,21,1,1124,1,5963470,5963470,Mostrador,Efectivo,ARS,2023,11
6701,2024-03-19,142,38,4,1288,1,172130,172130,Online,Efectivo,USD,2024,3
6702,2024-09-26,474,15,1,1267,3,221220,663660,Mostrador,Transferencia,ARS,2024,9
6703,2023-11-28,347,51,1,1109,1,204710,204710,Campo,Cheque,USD,2023,11
6704,2023-11-08,57,17,3,1007,5,181440,907200,Mostrador,Tarjeta crédito,ARS,2023,11
6705,2023-12-20,304,33,4,1048,1,145550,145550,Teléfono,Tarjeta débito,ARS,2023,12
6706,2024-11-12,657,5,1,1085,1,5951640,5951640,Mostrador,Tarjeta débito,ARS,2024,11
6707,2024-12-12,556,25,4,1095,1,2429610,2429610,Mostrador,Cheque,USD,2024,12
6708,2024-02-19,644,38,4,1033,1,6545060,6545060,Campo,Transferencia,USD,2024,2
6709,2024-06-26,593,37,3,1118,1,306090,306090,Campo,Cheque,USD,2024,6
6710,2024-12-05,865,45,2,1132,1,3725200,3725200,Teléfono,Transferencia,ARS,2024,12
6711,2023-04-19,30,13,4,1251,1,137740,137740,Mostrador,Transferencia,USD,2023,4
6712,2023-09-12,377,43,1,1212,1,318410,318410,Online,Tarjeta débito,USD,2023,9
6713,2024-08-17,341,54,2,1122,1,140500,140500,Campo,Cheque,USD,2024,8
6714,2024-11-13,209,6,4,1218,3,2711610,8134830,Online,Transferencia,ARS,2024,11
6715,2024-11-22,971,4,4,1053,1,321510,321510,Teléfono,Tarjeta crédito,ARS,2024,11
6716,2023-12-08,243,9,4,1126,1,56080,56080,Campo,Transferencia,ARS,2023,12
6717,2023-04-09,183,21,1,1159,1,5126900,5126900,Teléfono,Cheque,ARS,2023,4
6718,2023-12-15,158,2,1,1159,3,160950,482850,Online,Tarjeta débito,USD,2023,12
6719,2023-09-11,146,52,1,1283,1,197180,197180,Teléfono,Tarjeta débito,ARS,2023,9
6720,2023-11-04,340,52,1,1089,3,2562310,7686930,Campo,Tarjeta débito,ARS,2023,11
6721,2024-10-26,866,32,1,1176,5,129090,645450,Teléfono,Transferencia,USD,2024,10
6722,2023-03-24,233,52,1,1292,1,83720,83720,Campo,Efectivo,USD,2023,3
6723,2024-11-14,92,3,3,1159,1,5384640,5384640,Online,Efectivo,USD,2024,11
6724,2023-12-12,329,4,4,1249,1,43240,43240,Online,Transferencia,USD,2023,12
6725,2024-04-15,172,38,4,1122,1,431230,431230,Teléfono,Transferencia,USD,2024,4
6726,2023-04-09,190,40,4,1237,1,356220,356220,Online,Tarjeta débito,ARS,2023,4
6727,2023-11-17,31,51,1,1125,3,1928200,5784600,Teléfono,Efectivo,USD,2023,11
6728,2023-04-09,109,20,1,1068,1,5927680,5927680,Teléfono,Efectivo,USD,2023,4
6729,2024-12-21,272,1,4,1279,1,360470,360470,Online,Efectivo,ARS,2024,12
6730,2024-11-09,95,48,2,1119,3,2168420,6505260,Mostrador,Transferencia,ARS,2024,11
6731,2023-12-21,77,24,3,1092,1,370830,370830,Online,Transferencia,ARS,2023,12
6732,2023-09-03,151,2,1,1105,3,132010,396030,Campo,Tarjeta débito,USD,2023,9
6733,2024-12-13,142,52,1,1042,4,3642100,14568400,Mostrador,Cheque,ARS,2024,12
6734,2023-11-19,231,31,3,1129,3,162600,487800,Campo,Transferencia,ARS,2023,11
6735,2023-06-26,258,1,4,1053,1,220840,220840,Online,Efectivo,USD,2023,6
6736,2024-03-10,908,4,4,1168,2,284250,568500,Teléfono,Transferencia,ARS,2024,3
6737,2024-12-16,954,8,2,1090,1,1811060,1811060,Campo,Efectivo,ARS,2024,12
6738,2023-01-05,128,34,2,1247,2,165220,330440,Mostrador,Tarjeta crédito,USD,2023,1
6739,2023-09-19,348,1,4,1174,4,140670,562680,Teléfono,Tarjeta débito,USD,2023,9
6740,2024-12-15,736,26,2,1087,1,156620,156620,Teléfono,Tarjeta débito,ARS,2024,12
6741,2023-07-07,184,39,2,1150,2,296190,592380,Mostrador,Tarjeta débito,ARS,2023,7
6742,2023-05-05,280,53,4,1249,1,4338940,4338940,Online,Cheque,ARS,2023,5
6743,2024-03-18,805,53,4,1115,3,267730,803190,Mostrador,Tarjeta débito,ARS,2024,3
6744,2024-11-24,541,46,4,1180,1,47550,47550,Campo,Tarjeta débito,USD,2024,11
6745,2023-12-25,298,30,1,1120,1,63390,63390,Campo,Efectivo,USD,2023,12
6746,2024-12-30,530,54,2,1028,1,3978610,3978610,Campo,Tarjeta débito,USD,2024,12
6747,2024-07-16,131,6,4,1017,5,4406750,22033750,Online,Cheque,ARS,2024,7
6748,2023-03-23,269,15,1,1117,3,1740810,5222430,Mostrador,Cheque,USD,2023,3
6749,2024-12-30,618,13,4,1191,1,2889610,2889610,Online,Cheque,USD,2024,12
6750,2023-12-06,157,16,1,1145,1,358050,358050,Online,Efectivo,USD,2023,12
6751,2023-11-03,59,4,4,1062,1,3342810,3342810,Campo,Tarjeta crédito,USD,2023,11
6752,2024-03-04,604,60,3,1262,1,147370,147370,Mostrador,Cheque,USD,2024,3
6753,2023-11-08,260,20,1,1142,1,4333650,4333650,Campo,Cheque,USD,2023,11
6754,2023-04-05,51,28,2,1114,1,5087420,5087420,Campo,Efectivo,ARS,2023,4
6755,2023-01-02,133,25,4,1273,2,120170,240340,Online,Efectivo,ARS,2023,1
6756,2023-12-18,167,44,3,1038,1,5862870,5862870,Campo,Cheque,USD,2023,12
6757,2024-11-17,809,30,1,1197,1,356220,356220,Online,Tarjeta crédito,USD,2024,11
6758,2024-03-20,5,6,4,1013,1,253040,253040,Campo,Tarjeta débito,USD,2024,3
6759,2024-12-31,648,7,2,1112,2,359010,718020,Mostrador,Transferencia,ARS,2024,12
6760,2023-11-03,226,45,2,1137,1,127220,127220,Online,Cheque,USD,2023,11
6761,2023-11-01,184,5,1,1172,1,42340,42340,Campo,Efectivo,USD,2023,11
6762,2023-06-25,91,4,4,1127,5,1461000,7305000,Campo,Efectivo,USD,2023,6
6763,2023-06-29,308,32,1,1103,1,127510,127510,Online,Cheque,USD,2023,6
6764,2023-11-03,391,59,2,1019,2,3694240,7388480,Campo,Efectivo,ARS,2023,11
6765,2024-11-05,189,9,4,1208,5,123600,618000,Online,Transferencia,USD,2024,11
6766,2024-12-06,996,16,1,1158,1,6465950,6465950,Teléfono,Efectivo,ARS,2024,12
6767,2024-12-25,480,7,2,1160,3,29420,88260,Teléfono,Tarjeta débito,USD,2024,12
6768,2023-09-12,303,35,1,1039,1,152360,152360,Online,Efectivo,ARS,2023,9
6769,2024-11-29,383,6,4,1240,5,123030,615150,Campo,Tarjeta débito,ARS,2024,11
6770,2023-11-15,338,37,3,1079,1,5115860,5115860,Campo,Tarjeta crédito,ARS,2023,11
6771,2023-05-04,322,33,4,1201,5,46840,234200,Teléfono,Efectivo,ARS,2023,5
6772,2024-11-26,443,25,4,1258,1,244630,244630,Campo,Tarjeta crédito,USD,2024,11
6773,2024-05-29,490,44,3,1197,1,122200,122200,Mostrador,Transferencia,USD,2024,5
6774,2023-06-30,133,46,4,1120,1,4795860,4795860,Teléfono,Cheque,USD,2023,6
6775,2023-12-12,172,39,2,1248,4,2080750,8323000,Online,Efectivo,USD,2023,12
6776,2023-11-03,250,35,1,1139,1,2426090,2426090,Online,Tarjeta débito,USD,2023,11
6777,2024-09-17,61,42,3,1226,1,432350,432350,Mostrador,Tarjeta débito,ARS,2024,9
6778,2023-12-19,50,46,4,1083,2,4573110,9146220,Campo,Efectivo,USD,2023,12
6779,2024-12-29,422,47,1,1026,1,203250,203250,Mostrador,Tarjeta crédito,USD,2024,12
6780,2023-03-02,223,32,1,1128,5,166190,830950,Mostrador,Efectivo,USD,2023,3
6781,2023-11-22,172,14,1,1223,2,3534760,7069520,Campo,Tarjeta débito,ARS,2023,11
6782,2023-12-27,384,35,1,1167,3,185280,555840,Teléfono,Efectivo,USD,2023,12
6783,2024-01-04,319,21,1,1044,3,209380,628140,Mostrador,Transferencia,ARS,2024,1
6784,2023-11-11,225,45,2,1084,4,97550,390200,Online,Transferencia,USD,2023,11
6785,2024-09-08,423,56,2,1025,3,75590,226770,Mostrador,Cheque,USD,2024,9
6786,2024-11-27,908,23,3,1220,1,66860,66860,Mostrador,Transferencia,USD,2024,11
6787,2024-12-15,191,21,1,1293,1,2168420,2168420,Mostrador,Transferencia,ARS,2024,12
6788,2024-11-08,871,60,3,1204,1,4405890,4405890,Mostrador,Tarjeta débito,USD,2024,11
6789,2024-11-21,777,6,4,1193,1,1727420,1727420,Campo,Efectivo,ARS,2024,11
6790,2024-02-25,756,25,4,1002,3,5168520,15505560,Campo,Tarjeta débito,USD,2024,2
6791,2024-11-14,79,41,3,1202,2,2592990,5185980,Teléfono,Cheque,ARS,2024,11
6792,2023-11-08,343,51,1,1032,1,162160,162160,Teléfono,Transferencia,USD,2023,11
6793,2023-12-04,365,27,4,1089,1,136620,136620,Mostrador,Tarjeta débito,ARS,2023,12
6794,2023-11-11,22,27,4,1202,1,120060,120060,Online,Cheque,ARS,2023,11
6795,2023-12-23,36,35,1,1178,2,422700,845400,Teléfono,Tarjeta débito,USD,2023,12
6796,2023-11-03,330,19,1,1193,2,133070,266140,Teléfono,Tarjeta crédito,USD,2023,11
6797,2024-12-21,156,51,1,1160,1,396150,396150,Campo,Tarjeta crédito,ARS,2024,12
6798,2023-11-10,56,47,1,1293,1,187640,187640,Mostrador,Tarjeta débito,USD,2023,11
6799,2023-04-18,355,43,1,1204,3,322880,968640,Campo,Tarjeta débito,USD,2023,4
6800,2024-01-30,248,46,4,1241,1,117500,117500,Teléfono,Tarjeta débito,USD,2024,1
6801,2023-03-04,261,56,2,1115,1,4552540,4552540,Online,Transferencia,ARS,2023,3
6802,2023-05-02,260,40,4,1210,3,5089600,15268800,Mostrador,Cheque,ARS,2023,5
6803,2023-08-29,15,9,4,1222,5,1617880,8089400,Online,Cheque,ARS,2023,8
6804,2023-12-22,188,13,4,1182,4,57170,228680,Teléfono,Tarjeta débito,ARS,2023,12
6805,2023-12-13,26,36,4,1259,1,83740,83740,Campo,Efectivo,USD,2023,12
6806,2024-11-07,535,1,4,1040,5,182870,914350,Campo,Tarjeta crédito,ARS,2024,11
6807,2024-09-20,381,5,1,1006,1,228230,228230,Campo,Cheque,ARS,2024,9
6808,2023-12-11,103,13,4,1230,4,117210,468840,Mostrador,Transferencia,USD,2023,12
6809,2023-11-16,29,13,4,1060,2,4771690,9543380,Mostrador,Transferencia,USD,2023,11
6810,2023-11-11,342,43,1,1011,1,2342400,2342400,Online,Efectivo,USD,2023,11
6811,2024-10-28,483,27,4,1120,1,113520,113520,Online,Cheque,USD,2024,10
6812,2023-02-27,57,33,4,1042,5,5609560,28047800,Online,Tarjeta débito,USD,2023,2
6813,2023-01-15,62,38,4,1190,2,2713560,5427120,Online,Tarjeta débito,ARS,2023,1
6814,2024-11-05,955,19,1,1123,3,4010630,12031890,Online,Tarjeta crédito,ARS,2024,11
6815,2023-12-25,48,18,3,1189,2,79390,158780,Teléfono,Cheque,ARS,2023,12
6816,2023-05-24,367,16,1,1252,1,1575630,1575630,Campo,Efectivo,ARS,2023,5
6817,2023-09-16,35,16,1,1092,4,331530,1326120,Online,Efectivo,USD,2023,9
6818,2024-12-13,558,47,1,1213,4,2515300,10061200,Teléfono,Tarjeta débito,USD,2024,12
6819,2024-11-23,545,55,2,1228,1,310190,310190,Online,Cheque,USD,2024,11
6820,2024-08-18,327,33,4,1202,5,2132520,10662600,Teléfono,Transferencia,USD,2024,8
6821,2023-12-27,226,16,1,1268,1,121340,121340,Campo,Efectivo,ARS,2023,12
6822,2024-01-23,266,34,2,1155,1,27310,27310,Campo,Efectivo,USD,2024,1
6823,2024-12-25,728,14,1,1195,1,120150,120150,Teléfono,Cheque,ARS,2024,12
6824,2024-12-22,729,51,1,1028,3,3566460,10699380,Online,Tarjeta débito,ARS,2024,12
6825,2023-08-25,176,28,2,1194,1,171890,171890,Online,Cheque,USD,2023,8
6826,2024-11-10,44,51,1,1223,5,4294030,21470150,Online,Tarjeta débito,USD,2024,11
6827,2023-08-05,219,29,3,1107,1,3725200,3725200,Mostrador,Cheque,ARS,2023,8
6828,2023-08-23,126,51,1,1149,3,3500810,10502430,Teléfono,Tarjeta crédito,ARS,2023,8
6829,2024-07-12,882,14,1,1135,4,92430,369720,Mostrador,Cheque,ARS,2024,7
6830,2023-12-06,379,45,2,1095,1,137500,137500,Campo,Efectivo,ARS,2023,12
6831,2024-12-13,319,50,3,1270,1,126680,126680,Teléfono,Cheque,ARS,2024,12
6832,2023-04-08,305,35,1,1126,2,4149860,8299720,Mostrador,Tarjeta crédito,ARS,2023,4
6833,2024-01-14,200,12,3,1214,5,2221230,11106150,Campo,Transferencia,ARS,2024,1
6834,2024-12-09,85,13,4,1228,1,235430,235430,Mostrador,Tarjeta crédito,USD,2024,12
6835,2024-12-05,41,33,4,1012,1,298210,298210,Teléfono,Efectivo,USD,2024,12
6836,2023-06-21,211,32,1,1294,1,2449720,2449720,Teléfono,Efectivo,ARS,2023,6
6837,2023-11-25,354,31,3,1295,2,2343250,4686500,Mostrador,Transferencia,USD,2023,11
6838,2024-05-11,551,4,4,1109,5,237580,1187900,Online,Efectivo,ARS,2024,5
6839,2023-06-24,363,21,1,1004,1,5025120,5025120,Mostrador,Tarjeta débito,USD,2023,6
6840,2024-12-23,919,33,4,1287,1,6535180,6535180,Mostrador,Cheque,ARS,2024,12
6841,2024-12-08,269,36,4,1116,4,3366380,13465520,Online,Tarjeta crédito,ARS,2024,12
6842,2023-07-03,362,4,4,1168,5,5799490,28997450,Online,Cheque,USD,2023,7
6843,2023-05-13,367,57,4,1008,4,84730,338920,Teléfono,Tarjeta crédito,USD,2023,5
6844,2023-04-04,181,9,4,1124,1,1974750,1974750,Teléfono,Efectivo,ARS,2023,4
6845,2024-12-07,231,10,3,1084,3,4005150,12015450,Online,Tarjeta crédito,ARS,2024,12
6846,2023-08-01,70,9,4,1185,2,166720,333440,Online,Tarjeta crédito,USD,2023,8
6847,2023-12-09,313,6,4,1035,1,265330,265330,Mostrador,Tarjeta crédito,USD,2023,12
6848,2023-12-18,76,44,3,1073,3,4298950,12896850,Mostrador,Tarjeta débito,ARS,2023,12
6849,2024-04-19,963,16,1,1013,1,152730,152730,Campo,Transferencia,USD,2024,4
6850,2023-03-20,276,52,1,1039,5,298560,1492800,Mostrador,Tarjeta débito,ARS,2023,3
6851,2023-09-06,234,27,4,1084,3,318340,955020,Teléfono,Transferencia,ARS,2023,9
6852,2024-12-13,830,5,1,1021,1,232820,232820,Mostrador,Cheque,ARS,2024,12
6853,2024-12-06,429,9,4,1253,1,2231950,2231950,Mostrador,Tarjeta crédito,USD,2024,12
6854,2024-11-02,831,25,4,1212,2,5041670,10083340,Teléfono,Tarjeta débito,ARS,2024,11
6855,2023-01-22,136,46,4,1258,3,283870,851610,Teléfono,Cheque,USD,2023,1
6856,2023-11-14,154,13,4,1300,1,256100,256100,Mostrador,Cheque,USD,2023,11
6857,2024-05-20,294,40,4,1030,1,1927480,1927480,Online,Tarjeta débito,ARS,2024,5
6858,2023-10-29,348,5,1,1128,1,200950,200950,Campo,Transferencia,ARS,2023,10
6859,2024-12-07,99,46,4,1026,5,3900420,19502100,Teléfono,Efectivo,USD,2024,12
6860,2024-05-27,876,20,1,1040,4,291260,1165040,Online,Cheque,USD,2024,5
6861,2023-03-20,361,8,2,1097,1,338760,338760,Teléfono,Efectivo,ARS,2023,3
6862,2024-12-07,937,49,1,1224,1,173630,173630,Teléfono,Efectivo,ARS,2024,12
6863,2024-12-20,875,30,1,1092,1,5149070,5149070,Teléfono,Tarjeta débito,ARS,2024,12
6864,2023-03-27,358,20,1,1280,5,5672050,28360250,Campo,Efectivo,ARS,2023,3
6865,2024-02-05,130,43,1,1170,2,3120730,6241460,Campo,Efectivo,USD,2024,2
6866,2023-11-08,7,11,3,1284,1,271400,271400,Mostrador,Tarjeta crédito,USD,2023,11
6867,2023-12-02,383,25,4,1222,3,367620,1102860,Teléfono,Tarjeta crédito,USD,2023,12
6868,2023-07-17,105,16,1,1117,1,5018000,5018000,Teléfono,Cheque,USD,2023,7
6869,2024-03-27,921,43,1,1248,1,4050430,4050430,Online,Tarjeta débito,ARS,2024,3
6870,2024-12-20,819,36,4,1128,1,3445090,3445090,Online,Efectivo,USD,2024,12
6871,2024-01-04,562,53,4,1089,1,2851880,2851880,Campo,Efectivo,ARS,2024,1
6872,2023-04-01,224,6,4,1078,1,167910,167910,Online,Cheque,ARS,2023,4
6873,2024-05-12,64,5,1,1074,1,85870,85870,Teléfono,Efectivo,ARS,2024,5
6874,2023-11-18,396,4,4,1014,2,436490,872980,Campo,Tarjeta débito,ARS,2023,11
6875,2024-11-22,181,26,2,1045,1,420500,420500,Campo,Cheque,USD,2024,11
6876,2023-12-14,75,42,3,1038,1,30520,30520,Mostrador,Efectivo,USD,2023,12
6877,2023-07-31,266,2,1,1245,5,118500,592500,Mostrador,Tarjeta débito,USD,2023,7
6878,2023-07-29,189,30,1,1062,1,2084230,2084230,Online,Efectivo,ARS,2023,7
6879,2024-10-22,183,14,1,1096,1,172550,172550,Teléfono,Cheque,ARS,2024,10
6880,2023-10-19,355,49,1,1197,3,69430,208290,Teléfono,Efectivo,USD,2023,10
6881,2024-10-20,492,59,2,1252,1,224830,224830,Mostrador,Tarjeta crédito,ARS,2024,10
6882,2023-08-14,68,13,4,1061,3,3568070,10704210,Online,Efectivo,USD,2023,8
6883,2023-11-13,170,4,4,1269,4,125930,503720,Mostrador,Efectivo,ARS,2023,11
6884,2023-12-22,322,50,3,1119,5,57520,287600,Teléfono,Tarjeta débito,USD,2023,12
6885,2024-12-16,172,55,2,1087,4,164490,657960,Campo,Efectivo,USD,2024,12
6886,2024-12-13,284,35,1,1083,3,3704470,11113410,Mostrador,Tarjeta crédito,USD,2024,12
6887,2023-08-15,107,57,4,1080,3,2729710,8189130,Teléfono,Cheque,USD,2023,8
6888,2023-11-23,366,17,3,1228,1,417120,417120,Online,Efectivo,ARS,2023,11
6889,2023-06-13,111,20,1,1212,2,1499080,2998160,Mostrador,Efectivo,ARS,2023,6
6890,2024-01-12,78,5,1,1111,5,170090,850450,Online,Efectivo,USD,2024,1
6891,2023-12-21,186,58,3,1178,1,4403730,4403730,Mostrador,Cheque,USD,2023,12
6892,2024-12-04,253,54,2,1071,1,127510,127510,Mostrador,Tarjeta débito,ARS,2024,12
6893,2024-12-12,236,49,1,1104,2,52810,105620,Campo,Tarjeta débito,USD,2024,12
6894,2023-11-30,93,33,4,1025,1,1852020,1852020,Teléfono,Tarjeta débito,ARS,2023,11
6895,2023-12-29,130,6,4,1279,3,3163550,9490650,Campo,Efectivo,USD,2023,12
6896,2024-12-03,695,31,3,1202,3,82810,248430,Campo,Tarjeta crédito,USD,2024,12
6897,2024-11-08,34,43,1,1225,2,424170,848340,Mostrador,Efectivo,ARS,2024,11
6898,2023-01-05,303,20,1,1267,1,173800,173800,Mostrador,Cheque,ARS,2023,1
6899,2023-11-12,222,57,4,1283,4,136040,544160,Mostrador,Efectivo,USD,2023,11
6900,2023-12-10,374,40,4,1117,1,152440,152440,Campo,Efectivo,USD,2023,12
6901,2023-09-09,384,47,1,1067,1,176530,176530,Campo,Efectivo,ARS,2023,9
6902,2023-08-07,282,5,1,1047,1,5082380,5082380,Teléfono,Tarjeta crédito,USD,2023,8
6903,2023-02-11,340,48,2,1241,5,88180,440900,Campo,Efectivo,ARS,2023,2
6904,2024-06-06,513,47,1,1178,1,3020030,3020030,Campo,Transferencia,USD,2024,6
6905,2023-10-15,97,53,4,1008,1,3447090,3447090,Campo,Tarjeta crédito,ARS,2023,10
6906,2023-02-27,87,33,4,1183,1,227080,227080,Campo,Transferencia,USD,2023,2
6907,2023-09-11,331,30,1,1077,4,2914450,11657800,Mostrador,Tarjeta débito,ARS,2023,9
6908,2024-11-07,252,30,1,1067,1,219250,219250,Teléfono,Tarjeta crédito,USD,2024,11
6909,2024-11-21,364,27,4,1148,1,39810,39810,Mostrador,Tarjeta crédito,ARS,2024,11
6910,2023-12-27,15,15,1,1173,1,1575630,1575630,Teléfono,Transferencia,ARS,2023,12
6911,2023-12-09,142,46,4,1035,3,59800,179400,Campo,Tarjeta débito,USD,2023,12
6912,2024-12-25,311,17,3,1077,1,237640,237640,Campo,Tarjeta crédito,ARS,2024,12
6913,2023-08-09,385,27,4,1280,1,284940,284940,Campo,Tarjeta débito,ARS,2023,8
6914,2023-08-25,289,47,1,1185,4,123600,494400,Online,Tarjeta crédito,USD,2023,8
6915,2023-11-05,70,16,1,1055,5,238340,1191700,Online,Tarjeta crédito,ARS,2023,11
6916,2023-07-09,312,56,2,1094,1,428830,428830,Online,Cheque,USD,2023,7
6917,2023-11-29,279,54,2,1144,1,81380,81380,Mostrador,Efectivo,ARS,2023,11
6918,2024-12-07,566,51,1,1247,3,398140,1194420,Mostrador,Tarjeta débito,ARS,2024,12
6919,2024-05-07,346,33,4,1200,4,75010,300040,Online,Tarjeta crédito,ARS,2024,5
6920,2023-12-07,387,13,4,1236,4,3877420,15509680,Teléfono,Tarjeta crédito,ARS,2023,12
6921,2024-12-14,302,17,3,1084,5,5585120,27925600,Online,Tarjeta débito,USD,2024,12
6922,2023-02-23,252,16,1,1062,1,4417920,4417920,Campo,Transferencia,ARS,2023,2
6923,2023-08-19,247,9,4,1220,1,3534760,3534760,Teléfono,Cheque,ARS,2023,8
6924,2024-03-13,646,40,4,1201,1,375800,375800,Teléfono,Tarjeta débito,ARS,2024,3
6925,2024-05-07,488,43,1,1216,1,299770,299770,Mostrador,Tarjeta débito,USD,2024,5
6926,2023-02-13,244,40,4,1049,1,363490,363490,Teléfono,Transferencia,USD,2023,2
6927,2023-12-05,239,52,1,1285,1,360480,360480,Campo,Efectivo,USD,2023,12
6928,2024-06-13,529,43,1,1118,1,2253220,2253220,Online,Tarjeta crédito,USD,2024,6
6929,2024-08-05,924,20,1,1082,1,2018570,2018570,Campo,Transferencia,ARS,2024,8
6930,2024-06-01,928,4,4,1263,1,68730,68730,Mostrador,Cheque,USD,2024,6
6931,2023-11-12,349,31,3,1077,5,374730,1873650,Campo,Cheque,ARS,2023,11
6932,2023-04-13,279,47,1,1211,3,6325750,18977250,Mostrador,Tarjeta débito,USD,2023,4
6933,2023-12-12,233,15,1,1122,2,118250,236500,Teléfono,Tarjeta crédito,ARS,2023,12
6934,2023-05-22,400,35,1,1164,1,120150,120150,Mostrador,Tarjeta crédito,USD,2023,5
6935,2024-12-17,352,14,1,1090,1,4205590,4205590,Teléfono,Transferencia,ARS,2024,12
6936,2023-12-25,154,54,2,1258,1,145510,145510,Campo,Tarjeta crédito,ARS,2023,12
6937,2023-11-12,186,47,1,1161,1,376190,376190,Teléfono,Tarjeta crédito,ARS,2023,11
6938,2024-10-19,944,21,1,1176,1,146340,146340,Online,Tarjeta débito,ARS,2024,10
6939,2023-12-31,83,27,4,1293,1,26970,26970,Teléfono,Cheque,ARS,2023,12
6940,2023-11-10,55,22,2,1089,1,5951640,5951640,Teléfono,Tarjeta crédito,ARS,2023,11
6941,2024-11-10,425,9,4,1127,1,152070,152070,Online,Tarjeta crédito,ARS,2024,11
6942,2024-11-25,62,47,1,1286,1,130840,130840,Online,Tarjeta crédito,ARS,2024,11
6943,2024-07-09,401,49,1,1297,1,5166500,5166500,Mostrador,Tarjeta crédito,ARS,2024,7
6944,2023-02-21,358,26,2,1260,2,142240,284480,Online,Cheque,ARS,2023,2
6945,2024-03-14,59,43,1,1167,1,404020,404020,Teléfono,Transferencia,USD,2024,3
6946,2024-10-16,142,52,1,1244,1,169210,169210,Mostrador,Cheque,USD,2024,10
6947,2023-05-30,149,38,4,1111,1,445750,445750,Mostrador,Tarjeta crédito,ARS,2023,5
6948,2023-09-08,174,27,4,1024,1,191530,191530,Teléfono,Efectivo,USD,2023,9
6949,2024-11-29,311,52,1,1050,4,236680,946720,Online,Transferencia,ARS,2024,11
6950,2023-01-23,62,21,1,1037,1,84960,84960,Campo,Tarjeta débito,USD,2023,1
6951,2024-10-04,167,9,4,1181,1,200800,200800,Mostrador,Efectivo,ARS,2024,10
6952,2023-12-24,170,21,1,1253,1,339080,339080,Online,Tarjeta crédito,ARS,2023,12
6953,2023-12-17,304,60,3,1025,1,1621380,1621380,Teléfono,Transferencia,ARS,2023,12
6954,2023-01-08,103,53,4,1128,1,1732910,1732910,Online,Tarjeta crédito,ARS,2023,1
6955,2024-11-12,28,36,4,1125,3,5335100,16005300,Mostrador,Tarjeta crédito,USD,2024,11
6956,2023-11-23,84,39,2,1031,2,434170,868340,Mostrador,Tarjeta crédito,USD,2023,11
6957,2024-02-15,508,52,1,1237,1,2090340,2090340,Teléfono,Cheque,ARS,2024,2
6958,2024-07-13,134,15,1,1227,1,3985110,3985110,Teléfono,Efectivo,USD,2024,7
6959,2024-08-10,59,33,4,1007,1,207120,207120,Mostrador,Tarjeta crédito,USD,2024,8
6960,2024-12-19,90,46,4,1038,1,6068050,6068050,Mostrador,Tarjeta crédito,USD,2024,12
6961,2024-02-04,70,31,3,1058,1,5799460,5799460,Campo,Cheque,USD,2024,2
6962,2023-12-04,185,4,4,1236,4,367330,1469320,Mostrador,Efectivo,ARS,2023,12
6963,2024-12-19,438,57,4,1181,5,279560,1397800,Campo,Tarjeta crédito,ARS,2024,12
6964,2024-06-05,572,24,3,1114,3,146820,440460,Mostrador,Tarjeta débito,USD,2024,6
6965,2023-11-06,145,38,4,1135,3,202370,607110,Campo,Cheque,ARS,2023,11
6966,2023-05-19,168,25,4,1132,2,1476670,2953340,Mostrador,Tarjeta débito,ARS,2023,5
6967,2024-11-18,578,39,2,1007,1,177220,177220,Online,Tarjeta débito,USD,2024,11
6968,2023-11-24,371,20,1,1180,1,321390,321390,Mostrador,Tarjeta débito,ARS,2023,11
6969,2024-06-25,124,4,4,1078,1,4857360,4857360,Teléfono,Cheque,ARS,2024,6
6970,2023-12-24,213,55,2,1220,1,3218220,3218220,Mostrador,Transferencia,ARS,2023,12
6971,2023-08-07,182,5,1,1142,1,154600,154600,Campo,Efectivo,ARS,2023,8
6972,2024-04-22,71,9,4,1043,3,4493560,13480680,Online,Transferencia,ARS,2024,4
6973,2023-03-08,44,25,4,1118,1,394960,394960,Mostrador,Tarjeta débito,USD,2023,3
6974,2023-12-08,340,9,4,1059,1,251920,251920,Teléfono,Efectivo,USD,2023,12
6975,2024-02-21,195,19,1,1061,1,166920,166920,Mostrador,Efectivo,USD,2024,2
6976,2023-12-14,57,17,3,1041,2,377160,754320,Mostrador,Cheque,ARS,2023,12
6977,2024-09-30,292,19,1,1274,1,144310,144310,Campo,Tarjeta débito,ARS,2024,9
6978,2024-11-14,57,36,4,1188,4,262660,1050640,Campo,Efectivo,USD,2024,11
6979,2024-10-25,889,19,1,1226,5,2013330,10066650,Mostrador,Efectivo,USD,2024,10
6980,2023-02-12,171,58,3,1187,1,169460,169460,Mostrador,Tarjeta débito,USD,2023,2
6981,2023-08-01,300,40,4,1228,1,282840,282840,Online,Tarjeta débito,USD,2023,8
6982,2024-02-10,318,35,1,1164,2,185090,370180,Campo,Efectivo,ARS,2024,2
6983,2024-12-14,371,33,4,1286,1,1889710,1889710,Mostrador,Tarjeta débito,ARS,2024,12
6984,2024-11-16,83,13,4,1102,1,91910,91910,Online,Tarjeta crédito,ARS,2024,11
6985,2024-11-18,829,16,1,1267,5,286690,1433450,Mostrador,Cheque,ARS,2024,11
6986,2023-11-08,94,32,1,1124,3,137040,411120,Teléfono,Transferencia,USD,2023,11
6987,2023-12-12,267,47,1,1153,5,4154450,20772250,Teléfono,Tarjeta crédito,USD,2023,12
6988,2023-12-24,333,35,1,1179,1,353530,353530,Campo,Transferencia,USD,2023,12
6989,2023-06-22,376,1,4,1066,1,202860,202860,Teléfono,Cheque,ARS,2023,6
6990,2023-02-04,161,25,4,1099,1,3566460,3566460,Online,Tarjeta débito,USD,2023,2
6991,2024-12-17,614,2,1,1024,5,341540,1707700,Mostrador,Efectivo,USD,2024,12
6992,2023-09-22,377,55,2,1103,2,1555360,3110720,Mostrador,Tarjeta débito,ARS,2023,9
6993,2023-09-21,112,45,2,1249,1,222480,222480,Campo,Cheque,ARS,2023,9
6994,2023-04-02,66,32,1,1165,1,4661790,4661790,Campo,Transferencia,USD,2023,4
6995,2024-12-12,622,52,1,1094,1,75720,75720,Mostrador,Cheque,ARS,2024,12
6996,2024-03-28,632,30,1,1298,2,2727430,5454860,Campo,Efectivo,ARS,2024,3
6997,2024-07-02,279,34,2,1124,2,58510,117020,Campo,Transferencia,USD,2024,7
6998,2024-12-07,754,44,3,1218,2,238320,476640,Teléfono,Efectivo,ARS,2024,12
6999,2023-11-19,148,36,4,1156,4,411070,1644280,Campo,Cheque,ARS,2023,11
7000,2024-05-13,242,5,1,1128,1,4532240,4532240,Teléfono,Efectivo,ARS,2024,5
7001,2023-02-12,222,36,4,1249,1,4436780,4436780,Teléfono,Tarjeta crédito,ARS,2023,2
7002,2023-07-24,271,9,4,1271,4,34760,139040,Campo,Cheque,USD,2023,7
7003,2024-11-15,962,6,4,1058,4,336250,1345000,Mostrador,Tarjeta débito,ARS,2024,11
7004,2024-10-20,286,7,2,1195,2,91510,183020,Mostrador,Efectivo,ARS,2024,10
7005,2023-11-21,4,1,4,1201,1,1838100,1838100,Mostrador,Tarjeta crédito,ARS,2023,11
7006,2023-11-28,320,33,4,1072,1,3870660,3870660,Online,Transferencia,ARS,2023,11
7007,2024-02-07,321,5,1,1247,1,165450,165450,Mostrador,Transferencia,USD,2024,2
7008,2023-01-01,8,2,1,1098,1,405140,405140,Teléfono,Efectivo,USD,2023,1
7009,2023-09-22,52,4,4,1214,3,326430,979290,Teléfono,Cheque,USD,2023,9
7010,2023-08-17,142,6,4,1081,1,4035630,4035630,Mostrador,Transferencia,ARS,2023,8
7011,2023-10-02,314,9,4,1065,1,4362920,4362920,Online,Transferencia,USD,2023,10
7012,2024-11-08,779,53,4,1005,4,79970,319880,Online,Cheque,ARS,2024,11
7013,2023-11-01,315,41,3,1284,1,6301470,6301470,Campo,Efectivo,USD,2023,11
7014,2023-07-30,280,16,1,1294,2,370270,740540,Campo,Cheque,ARS,2023,7
7015,2024-01-06,88,16,1,1081,5,2309470,11547350,Mostrador,Cheque,USD,2024,1
7016,2024-11-25,160,57,4,1087,1,270920,270920,Teléfono,Cheque,USD,2024,11
7017,2023-09-22,302,19,1,1293,3,181360,544080,Teléfono,Transferencia,ARS,2023,9
7018,2023-03-28,28,2,1,1281,4,1704530,6818120,Campo,Cheque,USD,2023,3
7019,2023-11-22,16,25,4,1197,5,161670,808350,Campo,Tarjeta crédito,USD,2023,11
7020,2024-09-29,810,53,4,1252,5,5491730,27458650,Online,Tarjeta crédito,ARS,2024,9
7021,2024-02-26,871,47,1,1083,1,2163230,2163230,Mostrador,Tarjeta débito,USD,2024,2
7022,2024-11-11,272,35,1,1027,3,335720,1007160,Campo,Tarjeta débito,ARS,2024,11
7023,2024-12-20,100,34,2,1103,1,298750,298750,Campo,Tarjeta crédito,USD,2024,12
7024,2024-11-05,908,49,1,1182,1,204960,204960,Campo,Cheque,ARS,2024,11
7025,2024-04-24,204,40,4,1135,1,5146700,5146700,Campo,Tarjeta débito,USD,2024,4
7026,2023-12-30,190,16,1,1090,1,315220,315220,Online,Cheque,ARS,2023,12
7027,2023-02-13,34,38,4,1206,2,81680,163360,Campo,Tarjeta crédito,ARS,2023,2
7028,2024-12-27,294,36,4,1027,1,3029850,3029850,Teléfono,Efectivo,ARS,2024,12
7029,2023-11-30,383,31,3,1059,1,1660050,1660050,Mostrador,Efectivo,USD,2023,11
7030,2023-06-16,278,16,1,1072,1,358630,358630,Mostrador,Tarjeta débito,USD,2023,6
7031,2024-07-02,848,48,2,1227,1,149420,149420,Campo,Tarjeta débito,USD,2024,7
7032,2023-11-02,344,54,2,1091,3,2399250,7197750,Online,Tarjeta crédito,ARS,2023,11
7033,2024-04-04,771,51,1,1068,1,50070,50070,Mostrador,Transferencia,ARS,2024,4
7034,2024-04-05,769,27,4,1260,1,48330,48330,Mostrador,Tarjeta débito,ARS,2024,4
7035,2023-12-17,53,22,2,1146,5,4318360,21591800,Teléfono,Transferencia,USD,2023,12
7036,2024-11-17,704,40,4,1063,1,4049790,4049790,Teléfono,Efectivo,USD,2024,11
7037,2023-10-18,172,30,1,1298,3,343200,1029600,Online,Efectivo,USD,2023,10
7038,2023-12-18,47,32,1,1180,1,3321500,3321500,Teléfono,Tarjeta débito,ARS,2023,12
7039,2024-02-11,422,27,4,1111,3,202300,606900,Mostrador,Tarjeta débito,USD,2024,2
7040,2024-06-28,703,12,3,1191,1,92790,92790,Campo,Tarjeta crédito,ARS,2024,6
7041,2024-11-02,883,56,2,1246,1,6147910,6147910,Campo,Tarjeta crédito,USD,2024,11
7042,2023-12-03,41,48,2,1278,2,165880,331760,Teléfono,Cheque,USD,2023,12
7043,2024-06-09,917,19,1,1048,4,289080,1156320,Teléfono,Cheque,USD,2024,6
7044,2023-06-15,397,36,4,1297,4,2715550,10862200,Mostrador,Tarjeta crédito,USD,2023,6
7045,2024-12-13,194,15,1,1181,1,3541170,3541170,Online,Tarjeta crédito,ARS,2024,12
7046,2023-11-30,66,44,3,1123,4,6256880,25027520,Campo,Cheque,ARS,2023,11
7047,2024-09-09,555,29,3,1057,2,4018720,8037440,Campo,Efectivo,USD,2024,9
7048,2023-01-23,190,38,4,1160,2,315730,631460,Mostrador,Efectivo,USD,2023,1
7049,2023-08-14,89,56,2,1127,5,4821810,24109050,Online,Tarjeta crédito,ARS,2023,8
7050,2023-12-28,176,49,1,1225,1,5491730,5491730,Teléfono,Tarjeta crédito,ARS,2023,12
7051,2024-11-28,881,58,3,1095,1,397200,397200,Online,Tarjeta débito,ARS,2024,11
7052,2024-01-31,26,35,1,1026,4,3273600,13094400,Teléfono,Tarjeta débito,USD,2024,1
7053,2024-12-12,99,5,1,1006,1,1753250,1753250,Campo,Cheque,ARS,2024,12
7054,2023-12-27,61,20,1,1265,1,120870,120870,Online,Transferencia,USD,2023,12
7055,2023-12-29,381,39,2,1234,4,340190,1360760,Campo,Tarjeta crédito,USD,2023,12
7056,2023-05-12,250,16,1,1288,1,72250,72250,Mostrador,Transferencia,USD,2023,5
7057,2024-11-07,887,28,2,1016,2,261750,523500,Mostrador,Cheque,USD,2024,11
7058,2023-09-28,318,33,4,1140,1,168010,168010,Online,Tarjeta crédito,USD,2023,9
7059,2024-12-04,737,25,4,1297,1,2425070,2425070,Teléfono,Cheque,USD,2024,12
7060,2024-12-07,82,2,1,1195,3,366560,1099680,Online,Transferencia,USD,2024,12
7061,2024-12-16,398,35,1,1186,1,280790,280790,Teléfono,Tarjeta débito,USD,2024,12
7062,2024-01-23,694,57,4,1125,4,159940,639760,Online,Tarjeta débito,USD,2024,1
7063,2024-07-13,937,46,4,1017,4,166390,665560,Mostrador,Tarjeta débito,USD,2024,7
7064,2024-11-01,700,15,1,1026,1,2201240,2201240,Teléfono,Tarjeta crédito,ARS,2024,11
7065,2023-05-24,393,1,4,1213,3,2889970,8669910,Online,Tarjeta débito,ARS,2023,5
7066,2024-04-21,44,17,3,1001,5,4318290,21591450,Mostrador,Efectivo,ARS,2024,4
7067,2023-02-07,312,26,2,1291,3,5647970,16943910,Online,Tarjeta crédito,ARS,2023,2
7068,2023-12-31,259,36,4,1265,5,321930,1609650,Mostrador,Tarjeta débito,ARS,2023,12
7069,2023-06-19,98,33,4,1298,2,318700,637400,Online,Tarjeta crédito,ARS,2023,6
7070,2023-07-20,353,57,4,1038,3,1929860,5789580,Campo,Tarjeta débito,USD,2023,7
7071,2023-11-25,91,52,1,1233,2,255610,511220,Mostrador,Transferencia,USD,2023,11
7072,2023-12-13,315,54,2,1260,1,5740700,5740700,Teléfono,Transferencia,USD,2023,12
7073,2024-05-15,329,11,3,1249,1,282140,282140,Online,Tarjeta débito,USD,2024,5
7074,2023-03-23,141,16,1,1261,2,120600,241200,Mostrador,Efectivo,USD,2023,3
7075,2024-01-05,414,18,3,1238,1,3675170,3675170,Online,Cheque,ARS,2024,1
7076,2023-07-20,309,16,1,1106,1,297730,297730,Campo,Tarjeta débito,ARS,2023,7
7077,2024-03-22,764,21,1,1247,3,383550,1150650,Online,Tarjeta débito,ARS,2024,3
7078,2024-05-31,720,16,1,1287,2,77490,154980,Campo,Transferencia,USD,2024,5
7079,2024-03-03,691,33,4,1298,1,3820690,3820690,Campo,Transferencia,USD,2024,3
7080,2024-09-18,810,38,4,1038,1,165370,165370,Campo,Transferencia,ARS,2024,9
7081,2023-11-17,187,54,2,1249,1,352990,352990,Teléfono,Tarjeta crédito,USD,2023,11
7082,2024-10-18,837,12,3,1298,4,317950,1271800,Mostrador,Efectivo,ARS,2024,10
7083,2023-12-13,110,47,1,1046,4,3333900,13335600,Teléfono,Cheque,ARS,2023,12
7084,2023-12-27,219,40,4,1210,1,75480,75480,Campo,Transferencia,USD,2023,12
7085,2024-06-11,463,18,3,1093,5,2559190,12795950,Teléfono,Tarjeta débito,ARS,2024,6
7086,2023-01-21,348,6,4,1220,5,187110,935550,Teléfono,Transferencia,ARS,2023,1
7087,2024-06-18,515,46,4,1256,2,267120,534240,Campo,Transferencia,ARS,2024,6
7088,2024-05-10,553,52,1,1137,2,194750,389500,Mostrador,Transferencia,USD,2024,5
7089,2023-11-09,125,54,2,1231,1,436240,436240,Campo,Efectivo,USD,2023,11
7090,2023-04-05,257,9,4,1135,5,287390,1436950,Online,Transferencia,USD,2023,4
7091,2023-04-10,193,35,1,1202,5,5862870,29314350,Online,Efectivo,ARS,2023,4
7092,2024-12-10,627,9,4,1066,1,355400,355400,Campo,Transferencia,USD,2024,12
7093,2024-07-27,70,13,4,1038,5,88180,440900,Campo,Cheque,USD,2024,7
7094,2023-05-20,382,35,1,1155,4,172650,690600,Campo,Efectivo,ARS,2023,5
7095,2023-11-22,306,25,4,1105,4,3068570,12274280,Online,Tarjeta débito,ARS,2023,11
7096,2024-04-11,494,4,4,1255,4,31760,127040,Teléfono,Efectivo,USD,2024,4
7097,2024-11-16,848,38,4,1016,5,27130,135650,Teléfono,Tarjeta débito,USD,2024,11
7098,2023-02-17,97,43,1,1079,4,428890,1715560,Campo,Efectivo,USD,2023,2
7099,2023-09-17,216,21,1,1013,2,5335100,10670200,Campo,Tarjeta crédito,USD,2023,9
7100,2024-12-01,827,15,1,1102,2,271400,542800,Teléfono,Transferencia,ARS,2024,12
7101,2023-01-11,224,27,4,1152,1,108450,108450,Mostrador,Tarjeta crédito,ARS,2023,1
7102,2023-08-09,330,27,4,1178,5,1901320,9506600,Online,Tarjeta débito,ARS,2023,8
7103,2024-12-20,831,41,3,1087,1,3839320,3839320,Mostrador,Tarjeta crédito,ARS,2024,12
7104,2024-05-04,281,49,1,1088,1,56080,56080,Teléfono,Cheque,USD,2024,5
7105,2023-10-15,394,47,1,1029,1,4635600,4635600,Mostrador,Transferencia,USD,2023,10
7106,2023-03-15,333,38,4,1066,5,367630,1838150,Mostrador,Tarjeta crédito,ARS,2023,3
7107,2023-01-31,380,40,4,1100,1,205300,205300,Teléfono,Tarjeta débito,ARS,2023,1
7108,2023-09-26,129,40,4,1115,2,3202020,6404040,Campo,Tarjeta crédito,USD,2023,9
7109,2024-11-29,611,4,4,1210,1,5587570,5587570,Teléfono,Tarjeta crédito,USD,2024,11
7110,2023-12-09,270,57,4,1298,1,193490,193490,Teléfono,Cheque,USD,2023,12
7111,2024-08-30,405,27,4,1074,5,3978610,19893050,Campo,Tarjeta crédito,USD,2024,8
7112,2024-12-09,496,3,3,1135,1,127220,127220,Mostrador,Tarjeta crédito,USD,2024,12
7113,2023-12-06,247,52,1,1269,2,4147250,8294500,Mostrador,Tarjeta crédito,ARS,2023,12
7114,2023-07-29,186,46,4,1244,1,106770,106770,Mostrador,Tarjeta crédito,ARS,2023,7
7115,2024-01-20,756,44,3,1078,1,308780,308780,Mostrador,Cheque,ARS,2024,1
7116,2024-12-06,38,5,1,1125,2,4050430,8100860,Online,Tarjeta débito,ARS,2024,12
7117,2024-11-08,769,16,1,1038,5,162220,811100,Mostrador,Transferencia,ARS,2024,11
7118,2023-03-14,340,21,1,1269,1,269330,269330,Online,Tarjeta crédito,ARS,2023,3
7119,2024-07-30,760,56,2,1178,5,191470,957350,Campo,Tarjeta crédito,USD,2024,7
7120,2024-03-20,645,20,1,1106,3,86360,259080,Online,Transferencia,USD,2024,3
7121,2024-12-06,488,14,1,1044,5,145560,727800,Mostrador,Tarjeta débito,USD,2024,12
7122,2023-05-15,44,59,2,1225,4,5103260,20413040,Mostrador,Transferencia,ARS,2023,5
7123,2024-02-07,992,32,1,1242,1,131270,131270,Mostrador,Efectivo,ARS,2024,2
7124,2024-11-28,705,36,4,1153,1,303380,303380,Mostrador,Cheque,ARS,2024,11
7125,2023-12-07,57,56,2,1024,1,59870,59870,Mostrador,Tarjeta débito,USD,2023,12
7126,2023-12-27,248,17,3,1124,2,2392200,4784400,Teléfono,Transferencia,USD,2023,12
7127,2023-03-19,104,14,1,1285,1,410640,410640,Teléfono,Transferencia,USD,2023,3
7128,2023-11-01,45,20,1,1007,1,315220,315220,Teléfono,Transferencia,ARS,2023,11
7129,2023-11-13,60,52,1,1261,3,5581210,16743630,Campo,Efectivo,USD,2023,11
7130,2024-12-16,578,9,4,1146,5,2949470,14747350,Mostrador,Cheque,ARS,2024,12
7131,2023-11-02,223,1,4,1191,1,108180,108180,Mostrador,Efectivo,ARS,2023,11
7132,2023-12-21,47,16,1,1165,1,236860,236860,Teléfono,Transferencia,USD,2023,12
7133,2024-07-07,238,24,3,1071,5,358440,1792200,Mostrador,Tarjeta débito,ARS,2024,7
7134,2023-06-27,371,51,1,1201,2,2218510,4437020,Mostrador,Transferencia,USD,2023,6
7135,2023-12-28,26,46,4,1012,1,2228320,2228320,Mostrador,Tarjeta débito,ARS,2023,12
7136,2024-09-19,393,9,4,1052,5,4130710,20653550,Mostrador,Cheque,USD,2024,9
7137,2024-11-25,819,50,3,1256,3,3722460,11167380,Mostrador,Transferencia,ARS,2024,11
7138,2024-05-19,606,27,4,1218,5,224830,1124150,Mostrador,Cheque,USD,2024,5
7139,2024-07-04,110,33,4,1300,3,104440,313320,Online,Tarjeta débito,USD,2024,7
7140,2023-05-19,392,36,4,1009,1,4452070,4452070,Teléfono,Tarjeta crédito,USD,2023,5
7141,2024-12-17,773,40,4,1140,1,5041670,5041670,Mostrador,Tarjeta débito,USD,2024,12
7142,2023-05-26,254,36,4,1100,5,3853810,19269050,Online,Efectivo,ARS,2023,5
7143,2024-10-28,807,31,3,1137,1,390690,390690,Teléfono,Tarjeta crédito,USD,2024,10
7144,2023-10-18,324,29,3,1022,3,166360,499080,Teléfono,Efectivo,USD,2023,10
7145,2024-12-13,552,1,4,1145,1,6444760,6444760,Mostrador,Tarjeta débito,USD,2024,12
7146,2024-08-29,804,57,4,1161,1,5958540,5958540,Campo,Tarjeta crédito,ARS,2024,8
7147,2024-10-05,917,25,4,1249,1,333600,333600,Mostrador,Transferencia,USD,2024,10
7148,2023-08-29,254,19,1,1175,1,416320,416320,Online,Tarjeta débito,USD,2023,8
7149,2023-12-16,97,49,1,1088,1,3474620,3474620,Mostrador,Cheque,ARS,2023,12
7150,2024-05-09,538,20,1,1033,1,3429130,3429130,Mostrador,Tarjeta crédito,USD,2024,5
7151,2024-10-23,104,8,2,1271,5,240950,1204750,Teléfono,Cheque,ARS,2024,10
7152,2023-04-25,103,59,2,1283,2,107440,214880,Campo,Cheque,ARS,2023,4
7153,2024-12-21,587,25,4,1226,1,4268660,4268660,Teléfono,Cheque,ARS,2024,12
7154,2024-12-01,597,18,3,1112,4,160120,640480,Mostrador,Tarjeta débito,ARS,2024,12
7155,2023-10-24,214,36,4,1082,1,86920,86920,Mostrador,Efectivo,ARS,2023,10
7156,2024-11-13,113,49,1,1213,3,2767630,8302890,Teléfono,Tarjeta crédito,USD,2024,11
7157,2024-01-21,312,33,4,1287,3,200800,602400,Online,Cheque,ARS,2024,1
7158,2023-12-21,57,23,3,1008,3,2458460,7375380,Teléfono,Tarjeta débito,USD,2023,12
7159,2023-11-11,384,27,4,1134,1,4662500,4662500,Teléfono,Efectivo,ARS,2023,11
7160,2024-03-30,101,16,1,1118,1,256100,256100,Online,Tarjeta crédito,USD,2024,3
7161,2024-09-09,762,39,2,1084,1,65910,65910,Mostrador,Efectivo,USD,2024,9
7162,2023-12-07,135,11,3,1258,5,215990,1079950,Teléfono,Tarjeta crédito,ARS,2023,12
7163,2024-05-22,938,42,3,1243,1,315680,315680,Mostrador,Cheque,ARS,2024,5
7164,2024-08-07,653,25,4,1237,1,3334810,3334810,Campo,Tarjeta crédito,USD,2024,8
7165,2024-08-20,84,46,4,1150,2,104030,208060,Online,Tarjeta crédito,USD,2024,8
7166,2023-02-27,207,25,4,1021,2,166360,332720,Online,Transferencia,ARS,2023,2
7167,2024-11-23,742,4,4,1134,1,61040,61040,Teléfono,Cheque,USD,2024,11
7168,2023-12-20,356,4,4,1096,3,111300,333900,Mostrador,Efectivo,USD,2023,12
7169,2023-10-15,302,27,4,1013,1,5104250,5104250,Teléfono,Efectivo,ARS,2023,10
7170,2023-09-23,61,2,1,1001,1,3721480,3721480,Online,Transferencia,ARS,2023,9
7171,2023-12-27,217,30,1,1150,1,337150,337150,Online,Efectivo,ARS,2023,12
7172,2024-11-30,568,14,1,1117,1,80210,80210,Teléfono,Efectivo,ARS,2024,11
7173,2023-11-28,29,19,1,1152,2,140840,281680,Campo,Cheque,USD,2023,11
7174,2024-10-01,623,14,1,1064,2,4925360,9850720,Teléfono,Transferencia,ARS,2024,10
7175,2023-04-17,92,43,1,1150,3,1917110,5751330,Mostrador,Tarjeta débito,ARS,2023,4
7176,2023-12-25,142,36,4,1255,2,105470,210940,Mostrador,Tarjeta débito,USD,2023,12
7177,2024-12-29,452,32,1,1012,2,3619990,7239980,Online,Tarjeta crédito,USD,2024,12
7178,2024-10-24,614,43,1,1090,2,429900,859800,Campo,Transferencia,ARS,2024,10
7179,2023-08-19,71,27,4,1083,2,192310,384620,Teléfono,Efectivo,ARS,2023,8
7180,2024-01-03,525,1,4,1250,1,249970,249970,Mostrador,Cheque,USD,2024,1
7181,2023-09-14,157,9,4,1033,1,386350,386350,Campo,Cheque,USD,2023,9
7182,2023-12-07,81,17,3,1149,1,320470,320470,Campo,Transferencia,USD,2023,12
7183,2024-11-01,100,56,2,1128,1,4925190,4925190,Online,Tarjeta crédito,USD,2024,11
7184,2024-10-25,595,2,1,1100,1,401460,401460,Campo,Tarjeta crédito,ARS,2024,10
7185,2023-09-08,218,16,1,1104,3,124450,373350,Mostrador,Tarjeta débito,ARS,2023,9
7186,2024-12-10,884,16,1,1212,1,1711490,1711490,Online,Efectivo,USD,2024,12
7187,2024-04-12,749,15,1,1074,2,358570,717140,Online,Cheque,USD,2024,4
7188,2023-11-29,125,53,4,1096,4,4402230,17608920,Teléfono,Tarjeta débito,USD,2023,11
7189,2024-01-03,201,19,1,1092,1,5815870,5815870,Teléfono,Cheque,ARS,2024,1
7190,2024-04-25,2,51,1,1006,1,1684170,1684170,Teléfono,Tarjeta débito,ARS,2024,4
7191,2024-03-07,574,21,1,1104,1,4411710,4411710,Campo,Transferencia,USD,2024,3
7192,2023-12-28,20,38,4,1175,4,374600,1498400,Mostrador,Efectivo,ARS,2023,12
7193,2024-01-06,983,16,1,1225,3,41260,123780,Mostrador,Transferencia,ARS,2024,1
7194,2023-07-13,210,45,2,1068,1,150710,150710,Online,Efectivo,ARS,2023,7
7195,2024-11-10,952,51,1,1175,4,161330,645320,Online,Transferencia,ARS,2024,11
7196,2024-02-16,858,43,1,1056,3,75730,227190,Campo,Transferencia,ARS,2024,2
7197,2023-05-24,180,16,1,1269,1,53140,53140,Online,Transferencia,USD,2023,5
7198,2024-10-19,409,59,2,1035,1,108640,108640,Online,Tarjeta crédito,ARS,2024,10
7199,2024-12-13,62,14,1,1119,1,2309470,2309470,Online,Cheque,ARS,2024,12
7200,2024-12-17,273,33,4,1056,1,288310,288310,Mostrador,Cheque,USD,2024,12
7201,2023-11-26,295,41,3,1017,1,86480,86480,Mostrador,Efectivo,ARS,2023,11
7202,2023-05-29,241,9,4,1116,1,318680,318680,Online,Tarjeta crédito,USD,2023,5
7203,2024-01-21,763,49,1,1105,2,2516650,5033300,Teléfono,Cheque,ARS,2024,1
7204,2023-05-04,10,14,1,1176,1,4206050,4206050,Mostrador,Tarjeta débito,ARS,2023,5
7205,2024-12-13,699,52,1,1106,2,133070,266140,Online,Efectivo,USD,2024,12
7206,2023-07-21,110,22,2,1080,2,3241200,6482400,Mostrador,Tarjeta crédito,ARS,2023,7
7207,2023-10-05,28,34,2,1163,4,4447490,17789960,Online,Tarjeta débito,USD,2023,10
7208,2023-12-06,61,45,2,1267,1,5741190,5741190,Campo,Cheque,USD,2023,12
7209,2023-11-30,58,38,4,1051,5,6264690,31323450,Mostrador,Tarjeta crédito,ARS,2023,11
7210,2024-11-05,300,13,4,1279,1,227260,227260,Online,Cheque,ARS,2024,11
7211,2023-12-20,339,1,4,1212,4,439420,1757680,Online,Tarjeta crédito,ARS,2023,12
7212,2023-07-07,252,2,1,1075,1,2419730,2419730,Online,Transferencia,USD,2023,7
7213,2023-10-21,256,41,3,1128,1,2062360,2062360,Mostrador,Tarjeta crédito,ARS,2023,10
7214,2024-01-11,381,43,1,1127,1,2517300,2517300,Teléfono,Tarjeta crédito,ARS,2024,1
7215,2023-06-11,145,25,4,1246,1,321740,321740,Mostrador,Cheque,ARS,2023,6
7216,2024-05-02,591,5,1,1110,1,2686700,2686700,Mostrador,Tarjeta débito,USD,2024,5
7217,2024-03-13,341,2,1,1234,1,5384280,5384280,Teléfono,Transferencia,USD,2024,3
7218,2024-08-24,806,27,4,1155,1,387040,387040,Teléfono,Tarjeta débito,ARS,2024,8
7219,2024-12-14,798,44,3,1073,4,4111260,16445040,Online,Cheque,USD,2024,12
7220,2024-12-07,403,49,1,1137,5,134210,671050,Mostrador,Tarjeta débito,USD,2024,12
7221,2024-12-17,288,43,1,1274,1,209770,209770,Online,Efectivo,ARS,2024,12
7222,2023-09-26,214,8,2,1044,4,148260,593040,Campo,Transferencia,ARS,2023,9
7223,2023-05-25,20,33,4,1247,1,2621520,2621520,Teléfono,Transferencia,ARS,2023,5
7224,2023-11-07,358,10,3,1149,5,360620,1803100,Mostrador,Tarjeta crédito,USD,2023,11
7225,2024-12-03,742,40,4,1056,1,384360,384360,Teléfono,Transferencia,USD,2024,12
7226,2024-12-24,576,2,1,1176,4,63910,255640,Online,Transferencia,ARS,2024,12
7227,2024-11-23,548,31,3,1257,1,3125440,3125440,Online,Tarjeta crédito,USD,2024,11
7228,2023-05-01,211,4,4,1085,3,6340490,19021470,Campo,Efectivo,USD,2023,5
7229,2024-12-17,171,8,2,1063,1,230180,230180,Mostrador,Efectivo,ARS,2024,12
7230,2023-12-11,26,20,1,1084,3,6486840,19460520,Campo,Efectivo,ARS,2023,12
7231,2023-01-11,263,60,3,1063,5,3705580,18527900,Teléfono,Transferencia,ARS,2023,1
7232,2023-12-16,290,58,3,1294,4,43040,172160,Mostrador,Transferencia,USD,2023,12
7233,2023-02-20,164,6,4,1029,1,4713520,4713520,Teléfono,Tarjeta crédito,USD,2023,2
7234,2024-02-18,390,13,4,1040,5,356280,1781400,Online,Cheque,USD,2024,2
7235,2023-11-17,62,46,4,1147,4,105690,422760,Mostrador,Efectivo,ARS,2023,11
7236,2023-12-24,86,18,3,1088,4,145750,583000,Campo,Tarjeta débito,USD,2023,12
7237,2024-05-04,585,21,1,1056,1,128930,128930,Online,Tarjeta débito,ARS,2024,5
7238,2024-11-26,491,2,1,1300,4,134290,537160,Campo,Transferencia,USD,2024,11
7239,2024-06-27,896,27,4,1193,2,154900,309800,Teléfono,Tarjeta crédito,USD,2024,6
7240,2023-12-14,60,36,4,1100,5,195830,979150,Teléfono,Efectivo,ARS,2023,12
7241,2024-11-12,477,20,1,1215,5,136040,680200,Mostrador,Efectivo,ARS,2024,11
7242,2024-12-06,320,34,2,1141,2,359420,718840,Mostrador,Tarjeta débito,ARS,2024,12
7243,2023-05-12,178,52,1,1049,1,2429610,2429610,Mostrador,Tarjeta débito,ARS,2023,5
7244,2024-02-05,52,30,1,1115,5,235750,1178750,Campo,Cheque,ARS,2024,2
7245,2023-11-03,145,59,2,1229,1,5294220,5294220,Campo,Efectivo,ARS,2023,11
7246,2023-02-21,316,12,3,1252,1,287970,287970,Online,Cheque,USD,2023,2
7247,2024-07-04,77,43,1,1075,4,201120,804480,Online,Transferencia,USD,2024,7
7248,2024-11-24,119,38,4,1191,3,194100,582300,Online,Efectivo,USD,2024,11
7249,2023-06-28,209,25,4,1199,2,1868370,3736740,Online,Efectivo,USD,2023,6
7250,2024-11-10,182,25,4,1163,1,383550,383550,Online,Transferencia,ARS,2024,11
7251,2024-11-21,506,49,1,1139,2,38710,77420,Campo,Tarjeta crédito,USD,2024,11
7252,2024-12-08,650,44,3,1049,5,144220,721100,Online,Tarjeta débito,USD,2024,12
7253,2023-10-19,125,14,1,1115,4,226210,904840,Online,Tarjeta crédito,USD,2023,10
7254,2024-12-05,153,20,1,1168,1,162220,162220,Campo,Tarjeta crédito,ARS,2024,12
7255,2023-11-12,18,60,3,1277,5,138090,690450,Mostrador,Tarjeta débito,ARS,2023,11
7256,2024-02-27,64,40,4,1047,1,2727430,2727430,Mostrador,Transferencia,USD,2024,2
7257,2023-02-25,236,21,1,1259,1,315480,315480,Campo,Transferencia,USD,2023,2
7258,2023-02-18,79,33,4,1216,3,282840,848520,Mostrador,Tarjeta crédito,ARS,2023,2
7259,2024-08-30,59,33,4,1230,3,2408170,7224510,Mostrador,Efectivo,USD,2024,8
7260,2023-12-16,251,36,4,1127,2,1692230,3384460,Campo,Transferencia,ARS,2023,12
7261,2023-10-09,314,9,4,1197,1,189470,189470,Campo,Transferencia,USD,2023,10
7262,2023-07-28,61,51,1,1228,1,5247620,5247620,Online,Tarjeta débito,ARS,2023,7
7263,2024-07-05,467,25,4,1225,1,3331830,3331830,Teléfono,Transferencia,ARS,2024,7
7264,2023-01-01,118,51,1,1150,3,4153170,12459510,Online,Efectivo,USD,2023,1
7265,2024-11-08,79,40,4,1287,1,258190,258190,Online,Cheque,ARS,2024,11
7266,2023-03-28,237,43,1,1046,1,166540,166540,Teléfono,Efectivo,ARS,2023,3
7267,2023-07-30,327,20,1,1085,1,2176160,2176160,Campo,Tarjeta débito,USD,2023,7
7268,2023-11-30,171,8,2,1014,1,175880,175880,Mostrador,Tarjeta débito,ARS,2023,11
7269,2023-12-27,244,52,1,1121,3,32070,96210,Teléfono,Tarjeta débito,ARS,2023,12
7270,2023-11-22,208,19,1,1191,1,293690,293690,Online,Transferencia,USD,2023,11
7271,2023-11-12,344,45,2,1103,1,2577120,2577120,Online,Transferencia,USD,2023,11
7272,2024-12-22,87,9,4,1204,4,409050,1636200,Mostrador,Transferencia,ARS,2024,12
7273,2024-06-04,651,28,2,1166,1,2959640,2959640,Online,Tarjeta crédito,ARS,2024,6
7274,2023-01-26,88,21,1,1117,5,114760,573800,Teléfono,Cheque,USD,2023,1
7275,2023-12-12,133,14,1,1124,1,5604800,5604800,Mostrador,Transferencia,ARS,2023,12
7276,2024-11-27,954,19,1,1054,1,4173700,4173700,Campo,Tarjeta débito,ARS,2024,11
7277,2023-11-07,39,7,2,1287,1,235430,235430,Teléfono,Efectivo,ARS,2023,11
7278,2023-04-14,176,9,4,1271,1,57250,57250,Online,Tarjeta crédito,ARS,2023,4
7279,2024-10-10,478,52,1,1199,4,145300,581200,Mostrador,Tarjeta débito,USD,2024,10
7280,2024-04-26,592,49,1,1216,2,4570610,9141220,Teléfono,Efectivo,USD,2024,4
7281,2024-03-18,20,19,1,1113,1,291130,291130,Online,Tarjeta débito,USD,2024,3
7282,2023-02-28,221,14,1,1016,3,138870,416610,Mostrador,Cheque,USD,2023,2
7283,2023-06-04,337,2,1,1216,2,43740,87480,Online,Tarjeta débito,ARS,2023,6
7284,2024-05-14,275,25,4,1135,2,4321570,8643140,Mostrador,Transferencia,ARS,2024,5
7285,2023-08-16,188,52,1,1043,3,193290,579870,Campo,Efectivo,USD,2023,8
7286,2024-01-05,154,22,2,1252,1,330790,330790,Mostrador,Cheque,ARS,2024,1
7287,2024-02-19,463,23,3,1284,1,1913070,1913070,Campo,Tarjeta débito,ARS,2024,2
7288,2023-11-02,143,35,1,1230,5,291690,1458450,Teléfono,Efectivo,USD,2023,11
7289,2024-12-17,251,27,4,1098,2,1990830,3981660,Mostrador,Tarjeta crédito,ARS,2024,12
7290,2024-11-18,212,59,2,1060,1,3323370,3323370,Teléfono,Cheque,ARS,2024,11
7291,2024-09-01,478,56,2,1230,4,305260,1221040,Teléfono,Efectivo,ARS,2024,9
7292,2023-03-27,149,33,4,1131,1,71770,71770,Teléfono,Tarjeta crédito,ARS,2023,3
7293,2023-04-27,175,20,1,1159,1,294220,294220,Online,Cheque,USD,2023,4
7294,2023-12-30,172,13,4,1110,3,424580,1273740,Mostrador,Tarjeta crédito,ARS,2023,12
7295,2023-06-26,134,44,3,1084,4,3316690,13266760,Mostrador,Tarjeta débito,ARS,2023,6
7296,2024-12-26,628,37,3,1208,5,6024700,30123500,Teléfono,Transferencia,USD,2024,12
7297,2023-06-23,357,33,4,1174,1,242600,242600,Mostrador,Transferencia,USD,2023,6
7298,2023-12-28,203,46,4,1288,1,2757560,2757560,Mostrador,Efectivo,ARS,2023,12
7299,2023-11-24,295,50,3,1081,3,121340,364020,Campo,Tarjeta crédito,USD,2023,11
7300,2024-06-02,457,38,4,1018,1,232300,232300,Teléfono,Tarjeta crédito,ARS,2024,6
7301,2023-05-22,146,19,1,1196,4,4713520,18854080,Mostrador,Tarjeta crédito,USD,2023,5
7302,2023-12-13,238,8,2,1291,5,125770,628850,Teléfono,Transferencia,ARS,2023,12
7303,2023-10-29,228,21,1,1279,4,5942690,23770760,Online,Efectivo,ARS,2023,10
7304,2024-12-01,767,47,1,1254,1,277310,277310,Online,Transferencia,USD,2024,12
7305,2023-02-14,292,38,4,1142,4,321740,1286960,Teléfono,Transferencia,ARS,2023,2
7306,2024-12-08,156,52,1,1165,1,3675170,3675170,Mostrador,Tarjeta crédito,USD,2024,12
7307,2024-11-16,960,51,1,1005,1,3388920,3388920,Teléfono,Transferencia,USD,2024,11
7308,2023-11-06,339,1,4,1251,1,2444340,2444340,Campo,Transferencia,USD,2023,11
7309,2024-11-04,350,30,1,1150,5,3748300,18741500,Online,Tarjeta débito,USD,2024,11
7310,2023-02-04,243,30,1,1028,4,4551940,18207760,Mostrador,Efectivo,USD,2023,2
7311,2024-12-22,207,31,3,1237,3,380220,1140660,Teléfono,Tarjeta crédito,ARS,2024,12
7312,2024-01-30,428,18,3,1132,3,5405910,16217730,Campo,Transferencia,ARS,2024,1
7313,2023-11-08,254,40,4,1135,1,5840460,5840460,Online,Tarjeta débito,USD,2023,11
7314,2023-11-24,258,26,2,1285,2,294480,588960,Campo,Transferencia,ARS,2023,11
7315,2023-03-14,73,7,2,1293,1,5174880,5174880,Campo,Efectivo,ARS,2023,3
7316,2024-12-29,35,1,4,1163,3,342600,1027800,Mostrador,Tarjeta débito,ARS,2024,12
7317,2023-02-13,129,7,2,1227,1,2288890,2288890,Online,Tarjeta débito,USD,2023,2
7318,2024-06-19,430,17,3,1130,1,1738860,1738860,Online,Transferencia,ARS,2024,6
7319,2023-12-16,188,53,4,1058,4,3617500,14470000,Mostrador,Efectivo,ARS,2023,12
7320,2024-12-17,319,51,1,1146,5,5116140,25580700,Campo,Efectivo,ARS,2024,12
7321,2023-09-27,95,20,1,1110,5,160120,800600,Online,Cheque,USD,2023,9
7322,2024-02-05,220,2,1,1122,3,254740,764220,Mostrador,Transferencia,USD,2024,2
7323,2023-12-27,301,60,3,1192,1,444610,444610,Online,Cheque,USD,2023,12
7324,2024-08-11,637,49,1,1245,1,144220,144220,Teléfono,Efectivo,ARS,2024,8
7325,2023-03-16,185,59,2,1103,4,301670,1206680,Online,Efectivo,USD,2023,3
7326,2023-08-01,37,46,4,1250,1,2377880,2377880,Mostrador,Efectivo,ARS,2023,8
7327,2023-08-24,263,55,2,1022,1,201300,201300,Teléfono,Tarjeta débito,ARS,2023,8
7328,2024-09-18,622,43,1,1060,1,354870,354870,Mostrador,Cheque,USD,2024,9
7329,2023-07-27,400,25,4,1238,3,339550,1018650,Online,Efectivo,USD,2023,7
7330,2024-03-22,690,35,1,1127,3,2891140,8673420,Campo,Transferencia,USD,2024,3
7331,2023-08-25,142,4,4,1285,5,243690,1218450,Mostrador,Efectivo,ARS,2023,8
7332,2024-11-24,993,41,3,1134,5,5078210,25391050,Online,Efectivo,ARS,2024,11
7333,2024-12-16,134,47,1,1181,4,225060,900240,Mostrador,Cheque,USD,2024,12
7334,2024-01-21,445,27,4,1262,1,430210,430210,Teléfono,Transferencia,ARS,2024,1
7335,2023-11-21,149,51,1,1109,1,3226370,3226370,Teléfono,Efectivo,ARS,2023,11
7336,2023-09-14,394,36,4,1242,3,176250,528750,Online,Tarjeta crédito,USD,2023,9
7337,2023-02-24,288,21,1,1042,1,130030,130030,Teléfono,Cheque,USD,2023,2
7338,2023-10-22,390,5,1,1074,1,150120,150120,Campo,Transferencia,USD,2023,10
7339,2024-06-18,258,52,1,1297,1,315390,315390,Teléfono,Tarjeta crédito,ARS,2024,6
7340,2024-02-07,39,49,1,1155,2,155470,310940,Teléfono,Tarjeta débito,USD,2024,2
7341,2024-12-16,305,27,4,1022,2,28130,56260,Mostrador,Tarjeta débito,USD,2024,12
7342,2023-12-03,283,13,4,1220,5,4051260,20256300,Teléfono,Efectivo,ARS,2023,12
7343,2024-08-01,824,53,4,1079,3,5927680,17783040,Online,Tarjeta crédito,USD,2024,8
7344,2023-12-29,14,35,1,1235,2,161230,322460,Teléfono,Tarjeta débito,USD,2023,12
7345,2024-01-15,407,32,1,1157,3,5559760,16679280,Campo,Efectivo,ARS,2024,1
7346,2023-10-21,359,41,3,1079,1,4795860,4795860,Mostrador,Tarjeta crédito,ARS,2023,10
7347,2023-12-19,374,49,1,1114,1,4663990,4663990,Campo,Tarjeta crédito,ARS,2023,12
7348,2023-12-24,378,53,4,1290,1,3541170,3541170,Campo,Efectivo,USD,2023,12
7349,2024-08-15,469,41,3,1096,3,135890,407670,Teléfono,Transferencia,USD,2024,8
7350,2024-12-15,873,49,1,1130,1,78460,78460,Online,Transferencia,ARS,2024,12
7351,2023-11-15,281,38,4,1109,1,4955600,4955600,Teléfono,Efectivo,ARS,2023,11
7352,2023-02-16,53,57,4,1075,2,52350,104700,Online,Cheque,ARS,2023,2
7353,2023-12-31,11,12,3,1275,1,1925370,1925370,Mostrador,Transferencia,USD,2023,12
7354,2024-02-19,675,51,1,1020,4,144090,576360,Online,Efectivo,USD,2024,2
7355,2023-07-04,183,15,1,1161,5,430440,2152200,Mostrador,Tarjeta crédito,USD,2023,7
7356,2024-10-13,186,30,1,1209,1,47250,47250,Campo,Transferencia,ARS,2024,10
7357,2024-12-27,964,20,1,1094,3,5310180,15930540,Online,Transferencia,USD,2024,12
7358,2024-12-17,549,20,1,1082,1,361950,361950,Teléfono,Efectivo,USD,2024,12
7359,2023-08-05,9,57,4,1104,1,218410,218410,Campo,Cheque,ARS,2023,8
7360,2024-11-27,28,29,3,1237,5,2201290,11006450,Online,Tarjeta crédito,ARS,2024,11
7361,2024-08-12,823,31,3,1260,1,299400,299400,Campo,Transferencia,USD,2024,8
7362,2023-12-19,174,15,1,1160,2,213210,426420,Campo,Transferencia,USD,2023,12
7363,2024-02-15,464,53,4,1007,1,127320,127320,Mostrador,Tarjeta débito,ARS,2024,2
7364,2024-11-20,639,19,1,1061,2,44560,89120,Mostrador,Tarjeta débito,USD,2024,11
7365,2023-12-26,70,9,4,1038,3,4247290,12741870,Teléfono,Efectivo,ARS,2023,12
7366,2023-11-27,283,1,4,1118,1,1765000,1765000,Teléfono,Tarjeta débito,USD,2023,11
7367,2023-12-30,266,13,4,1110,5,116770,583850,Campo,Tarjeta débito,USD,2023,12
7368,2024-03-28,663,38,4,1168,2,2451060,4902120,Campo,Efectivo,USD,2024,3
7369,2023-07-27,149,44,3,1181,1,3435850,3435850,Online,Transferencia,USD,2023,7
7370,2024-12-04,218,35,1,1069,1,416480,416480,Campo,Efectivo,USD,2024,12
7371,2024-07-10,429,14,1,1083,1,5310180,5310180,Campo,Tarjeta crédito,ARS,2024,7
7372,2024-05-26,638,2,1,1235,2,95550,191100,Mostrador,Tarjeta crédito,ARS,2024,5
7373,2023-04-20,3,5,1,1042,1,126920,126920,Mostrador,Tarjeta crédito,USD,2023,4
7374,2024-04-24,187,4,4,1099,1,143310,143310,Teléfono,Tarjeta crédito,USD,2024,4
7375,2023-05-13,43,21,1,1130,1,2182990,2182990,Campo,Transferencia,ARS,2023,5
7376,2023-03-28,99,9,4,1028,1,5039800,5039800,Teléfono,Efectivo,ARS,2023,3
7377,2024-01-31,775,52,1,1233,5,145920,729600,Online,Tarjeta débito,USD,2024,1
7378,2023-12-05,190,22,2,1229,4,137980,551920,Mostrador,Efectivo,ARS,2023,12
7379,2024-04-07,42,9,4,1117,5,117110,585550,Teléfono,Tarjeta débito,USD,2024,4
7380,2023-04-08,97,32,1,1216,5,4643740,23218700,Mostrador,Tarjeta débito,USD,2023,4
7381,2023-12-13,260,1,4,1107,1,382730,382730,Teléfono,Tarjeta crédito,USD,2023,12
7382,2023-07-11,218,1,4,1164,1,61490,61490,Online,Efectivo,USD,2023,7
7383,2024-12-28,958,16,1,1295,2,277310,554620,Online,Efectivo,USD,2024,12
7384,2024-03-08,648,39,2,1160,1,4743260,4743260,Online,Efectivo,USD,2024,3
7385,2024-07-25,852,30,1,1004,1,150920,150920,Campo,Transferencia,USD,2024,7
7386,2023-11-14,145,27,4,1149,2,51960,103920,Online,Tarjeta débito,USD,2023,11
7387,2023-04-14,5,11,3,1234,1,92430,92430,Campo,Cheque,ARS,2023,4
7388,2024-12-25,959,45,2,1254,2,205240,410480,Mostrador,Efectivo,ARS,2024,12
7389,2023-11-03,369,46,4,1248,1,349870,349870,Online,Tarjeta débito,ARS,2023,11
7390,2023-12-11,393,20,1,1242,1,2957210,2957210,Online,Transferencia,ARS,2023,12
7391,2024-06-13,136,9,4,1070,1,5079530,5079530,Campo,Tarjeta débito,ARS,2024,6
7392,2023-01-28,7,1,4,1203,5,4456710,22283550,Mostrador,Tarjeta crédito,ARS,2023,1
7393,2024-11-09,37,53,4,1218,3,133050,399150,Teléfono,Tarjeta crédito,USD,2024,11
7394,2024-02-10,996,6,4,1148,1,4558020,4558020,Teléfono,Tarjeta débito,ARS,2024,2
7395,2023-11-01,311,35,1,1221,1,160240,160240,Teléfono,Transferencia,ARS,2023,11
7396,2023-03-09,67,33,4,1186,1,132620,132620,Online,Tarjeta crédito,USD,2023,3
7397,2023-06-28,392,5,1,1285,1,5126900,5126900,Mostrador,Tarjeta débito,ARS,2023,6
7398,2024-12-03,837,44,3,1048,5,4689400,23447000,Online,Tarjeta crédito,ARS,2024,12
7399,2024-07-23,517,15,1,1263,1,148470,148470,Teléfono,Cheque,ARS,2024,7
7400,2023-10-02,273,57,4,1296,4,76430,305720,Mostrador,Efectivo,ARS,2023,10
7401,2023-03-13,367,27,4,1068,2,364520,729040,Mostrador,Transferencia,USD,2023,3
7402,2024-07-28,58,38,4,1292,1,424910,424910,Mostrador,Tarjeta crédito,ARS,2024,7
7403,2024-03-20,959,43,1,1172,1,5491730,5491730,Campo,Efectivo,USD,2024,3
7404,2023-12-05,155,27,4,1031,4,118260,473040,Online,Transferencia,USD,2023,12
7405,2023-11-24,360,46,4,1170,1,138330,138330,Campo,Tarjeta débito,ARS,2023,11
7406,2023-08-26,113,33,4,1044,1,3162490,3162490,Mostrador,Transferencia,ARS,2023,8
7407,2024-07-05,460,20,1,1043,5,3259440,16297200,Teléfono,Cheque,USD,2024,7
7408,2024-12-23,604,55,2,1134,3,96390,289170,Campo,Tarjeta crédito,ARS,2024,12
7409,2023-07-12,324,15,1,1128,5,4993100,24965500,Mostrador,Tarjeta crédito,ARS,2023,7
7410,2024-04-17,756,59,2,1219,2,166650,333300,Teléfono,Efectivo,ARS,2024,4
7411,2023-12-11,284,43,1,1086,1,2607130,2607130,Online,Tarjeta débito,ARS,2023,12
7412,2023-12-17,89,20,1,1251,1,375230,375230,Campo,Transferencia,USD,2023,12
7413,2023-10-06,178,16,1,1265,1,5851930,5851930,Online,Tarjeta crédito,USD,2023,10
7414,2024-11-14,228,51,1,1011,1,2104990,2104990,Online,Transferencia,ARS,2024,11
7415,2023-12-28,362,43,1,1080,1,192170,192170,Teléfono,Tarjeta débito,USD,2023,12
7416,2024-02-18,579,38,4,1109,5,367630,1838150,Campo,Transferencia,ARS,2024,2
7417,2023-11-08,122,39,2,1118,3,187930,563790,Online,Cheque,ARS,2023,11
7418,2023-07-19,159,14,1,1252,4,128400,513600,Mostrador,Cheque,ARS,2023,7
7419,2023-04-05,357,54,2,1018,1,3737150,3737150,Mostrador,Tarjeta crédito,USD,2023,4
7420,2024-08-23,268,23,3,1256,5,123680,618400,Teléfono,Cheque,USD,2024,8
7421,2023-08-04,183,27,4,1245,1,263010,263010,Mostrador,Cheque,USD,2023,8
7422,2024-07-28,485,5,1,1153,2,5322080,10644160,Campo,Transferencia,USD,2024,7
7423,2023-12-02,357,21,1,1097,1,4262210,4262210,Online,Transferencia,ARS,2023,12
7424,2023-12-09,4,27,4,1186,4,352810,1411240,Campo,Tarjeta débito,USD,2023,12
7425,2023-12-23,121,30,1,1030,1,297310,297310,Online,Efectivo,USD,2023,12
7426,2023-11-25,230,43,1,1115,1,2767630,2767630,Teléfono,Cheque,USD,2023,11
7427,2023-04-21,298,15,1,1241,1,5690330,5690330,Mostrador,Transferencia,ARS,2023,4
7428,2023-11-09,219,30,1,1257,1,3898040,3898040,Mostrador,Transferencia,USD,2023,11
7429,2024-06-29,694,1,4,1113,1,39810,39810,Teléfono,Tarjeta débito,ARS,2024,6
7430,2024-07-01,278,16,1,1226,1,1629320,1629320,Mostrador,Tarjeta débito,ARS,2024,7
7431,2023-11-03,257,38,4,1029,1,303380,303380,Online,Tarjeta crédito,ARS,2023,11
7432,2023-12-21,304,27,4,1230,5,3673980,18369900,Mostrador,Cheque,ARS,2023,12
7433,2023-08-01,43,23,3,1226,3,78070,234210,Teléfono,Cheque,ARS,2023,8
7434,2023-08-19,358,49,1,1244,4,241620,966480,Online,Tarjeta crédito,ARS,2023,8
7435,2023-01-26,18,43,1,1019,2,163370,326740,Mostrador,Tarjeta crédito,USD,2023,1
7436,2024-12-03,710,48,2,1230,1,3749650,3749650,Teléfono,Tarjeta débito,USD,2024,12
7437,2023-08-20,177,47,1,1112,1,3350190,3350190,Online,Tarjeta débito,ARS,2023,8
7438,2023-09-07,76,44,3,1212,4,343620,1374480,Online,Transferencia,USD,2023,9
7439,2023-11-01,181,16,1,1233,3,126620,379860,Campo,Tarjeta débito,USD,2023,11
7440,2023-05-20,150,13,4,1159,1,4689400,4689400,Mostrador,Tarjeta crédito,USD,2023,5
7441,2024-06-02,594,8,2,1060,4,405070,1620280,Mostrador,Tarjeta crédito,USD,2024,6
7442,2023-03-24,10,57,4,1119,1,202300,202300,Mostrador,Efectivo,ARS,2023,3
7443,2023-05-28,280,13,4,1093,1,162730,162730,Campo,Cheque,ARS,2023,5
7444,2024-06-08,212,21,1,1248,1,134950,134950,Campo,Cheque,ARS,2024,6
7445,2023-11-18,140,15,1,1158,1,3511680,3511680,Online,Transferencia,USD,2023,11
7446,2024-08-16,260,5,1,1141,1,108240,108240,Campo,Transferencia,USD,2024,8
7447,2024-03-04,938,21,1,1220,1,303390,303390,Teléfono,Tarjeta crédito,ARS,2024,3
7448,2023-10-08,382,26,2,1135,1,5703840,5703840,Mostrador,Cheque,ARS,2023,10
7449,2024-06-14,389,49,1,1089,5,4880620,24403100,Mostrador,Cheque,ARS,2024,6
7450,2023-05-08,228,52,1,1155,1,279150,279150,Teléfono,Transferencia,USD,2023,5
7451,2024-02-10,955,53,4,1233,2,2458460,4916920,Campo,Efectivo,ARS,2024,2
7452,2023-12-14,336,16,1,1193,4,5294220,21176880,Online,Tarjeta crédito,USD,2023,12
7453,2023-10-21,5,56,2,1099,1,444300,444300,Campo,Tarjeta débito,ARS,2023,10
7454,2024-04-24,922,20,1,1113,5,281450,1407250,Mostrador,Transferencia,ARS,2024,4
7455,2024-11-26,83,35,1,1107,2,22300,44600,Campo,Efectivo,USD,2024,11
7456,2024-12-31,6,28,2,1024,4,345580,1382320,Online,Efectivo,ARS,2024,12
7457,2024-04-28,152,53,4,1281,1,258060,258060,Online,Tarjeta crédito,USD,2024,4
7458,2023-12-05,223,51,1,1204,1,4070360,4070360,Campo,Transferencia,USD,2023,12
7459,2023-09-05,181,32,1,1011,1,176170,176170,Mostrador,Tarjeta débito,USD,2023,9
7460,2023-10-10,263,15,1,1244,1,3646290,3646290,Mostrador,Tarjeta crédito,USD,2023,10
7461,2023-12-26,266,51,1,1116,1,5075330,5075330,Campo,Cheque,ARS,2023,12
7462,2023-11-25,167,52,1,1205,1,118820,118820,Teléfono,Efectivo,USD,2023,11
7463,2024-12-08,470,23,3,1025,3,279450,838350,Teléfono,Tarjeta crédito,USD,2024,12
7464,2023-11-26,78,47,1,1140,1,286040,286040,Teléfono,Efectivo,ARS,2023,11
7465,2023-11-27,42,26,2,1123,1,179030,179030,Online,Tarjeta débito,ARS,2023,11
7466,2023-11-30,62,41,3,1011,1,4871020,4871020,Online,Efectivo,USD,2023,11
7467,2024-11-17,381,15,1,1266,1,2100120,2100120,Online,Tarjeta crédito,USD,2024,11
7468,2024-06-14,948,51,1,1081,1,6203960,6203960,Mostrador,Transferencia,USD,2024,6
7469,2024-05-05,790,4,4,1178,1,356460,356460,Campo,Efectivo,USD,2024,5
7470,2023-11-16,313,16,1,1109,1,405140,405140,Campo,Transferencia,USD,2023,11
7471,2024-11-12,864,33,4,1208,1,2397160,2397160,Teléfono,Cheque,ARS,2024,11
7472,2023-02-12,395,15,1,1155,1,144020,144020,Online,Tarjeta débito,USD,2023,2
7473,2024-11-26,910,55,2,1244,1,126840,126840,Teléfono,Tarjeta crédito,ARS,2024,11
7474,2024-01-15,543,47,1,1276,2,277200,554400,Campo,Efectivo,ARS,2024,1
7475,2023-12-04,4,51,1,1261,5,92470,462350,Mostrador,Tarjeta débito,USD,2023,12
7476,2023-12-31,109,5,1,1297,2,115820,231640,Campo,Efectivo,ARS,2023,12
7477,2024-07-03,918,30,1,1063,3,148640,445920,Campo,Cheque,USD,2024,7
7478,2023-01-15,374,25,4,1184,2,56990,113980,Online,Cheque,ARS,2023,1
7479,2024-11-26,93,6,4,1032,3,4417730,13253190,Online,Efectivo,USD,2024,11
7480,2023-12-17,99,47,1,1283,4,140780,563120,Teléfono,Cheque,USD,2023,12
7481,2023-11-19,192,44,3,1119,2,3994480,7988960,Campo,Tarjeta débito,ARS,2023,11
7482,2023-06-01,333,38,4,1007,5,138330,691650,Mostrador,Transferencia,USD,2023,6
7483,2023-12-15,212,40,4,1174,4,124260,497040,Online,Tarjeta débito,ARS,2023,12
7484,2023-12-31,83,16,1,1146,2,365410,730820,Teléfono,Tarjeta crédito,ARS,2023,12
7485,2023-12-05,207,25,4,1252,2,136600,273200,Teléfono,Tarjeta crédito,ARS,2023,12
7486,2024-07-15,627,52,1,1166,2,164870,329740,Campo,Cheque,USD,2024,7
7487,2023-12-10,252,48,2,1103,1,141780,141780,Teléfono,Efectivo,USD,2023,12
7488,2024-12-21,980,28,2,1193,4,4875390,19501560,Teléfono,Efectivo,USD,2024,12
7489,2024-04-19,573,36,4,1017,2,285790,571580,Campo,Tarjeta crédito,ARS,2024,4
7490,2024-11-09,356,1,4,1090,1,2088530,2088530,Campo,Tarjeta crédito,ARS,2024,11
7491,2023-04-30,390,46,4,1086,1,3459350,3459350,Online,Tarjeta crédito,ARS,2023,4
7492,2023-12-03,253,51,1,1103,1,349880,349880,Mostrador,Cheque,USD,2023,12
7493,2023-11-17,79,38,4,1082,5,379080,1895400,Campo,Tarjeta débito,ARS,2023,11
7494,2024-03-17,196,15,1,1126,4,2374780,9499120,Mostrador,Tarjeta débito,USD,2024,3
7495,2024-11-23,262,2,1,1038,3,159550,478650,Online,Tarjeta crédito,USD,2024,11
7496,2023-03-27,322,8,2,1007,1,37370,37370,Teléfono,Transferencia,USD,2023,3
7497,2023-03-21,399,8,2,1213,3,3297010,9891030,Online,Cheque,ARS,2023,3
7498,2024-11-20,332,31,3,1155,5,428250,2141250,Campo,Tarjeta débito,ARS,2024,11
7499,2023-08-22,296,55,2,1225,4,41170,164680,Teléfono,Tarjeta crédito,USD,2023,8
7500,2024-07-04,236,13,4,1222,5,2962820,14814100,Campo,Transferencia,USD,2024,7
7501,2024-02-17,681,2,1,1247,1,128330,128330,Mostrador,Tarjeta crédito,ARS,2024,2
7502,2024-11-16,7,32,1,1136,1,84730,84730,Online,Transferencia,ARS,2024,11
7503,2023-05-18,22,57,4,1286,1,5830020,5830020,Campo,Transferencia,ARS,2023,5
7504,2023-05-23,72,14,1,1231,4,3032400,12129600,Teléfono,Tarjeta débito,USD,2023,5
7505,2024-03-03,500,18,3,1062,5,4333650,21668250,Online,Tarjeta crédito,USD,2024,3
7506,2024-12-17,618,1,4,1009,1,238470,238470,Teléfono,Efectivo,USD,2024,12
7507,2023-12-08,139,56,2,1225,5,369200,1846000,Teléfono,Cheque,USD,2023,12
7508,2023-11-14,386,40,4,1252,1,145120,145120,Online,Tarjeta crédito,USD,2023,11
7509,2024-04-27,542,2,1,1107,1,3884010,3884010,Online,Transferencia,USD,2024,4
7510,2024-12-12,324,6,4,1187,3,146010,438030,Online,Transferencia,USD,2024,12
7511,2024-11-17,949,30,1,1221,1,119950,119950,Online,Efectivo,ARS,2024,11
7512,2024-12-30,601,5,1,1095,2,116980,233960,Mostrador,Transferencia,USD,2024,12
7513,2023-01-25,153,51,1,1195,1,347480,347480,Online,Efectivo,USD,2023,1
7514,2023-05-04,73,56,2,1242,1,4403730,4403730,Online,Tarjeta crédito,ARS,2023,5
7515,2024-04-30,840,25,4,1230,2,327650,655300,Teléfono,Tarjeta débito,ARS,2024,4
7516,2024-11-12,389,6,4,1258,1,5915250,5915250,Online,Tarjeta crédito,ARS,2024,11
7517,2023-11-03,238,25,4,1005,1,2285120,2285120,Campo,Transferencia,ARS,2023,11
7518,2023-09-20,322,55,2,1004,1,359010,359010,Online,Tarjeta crédito,ARS,2023,9
7519,2024-11-03,341,40,4,1264,1,3241420,3241420,Online,Transferencia,ARS,2024,11
7520,2023-03-03,251,39,2,1253,3,167390,502170,Online,Cheque,ARS,2023,3
7521,2023-11-26,305,42,3,1163,1,3054210,3054210,Mostrador,Tarjeta débito,USD,2023,11
7522,2024-01-07,8,42,3,1141,5,272700,1363500,Mostrador,Transferencia,ARS,2024,1
7523,2024-03-07,994,20,1,1296,4,299770,1199080,Teléfono,Tarjeta débito,ARS,2024,3
7524,2024-09-08,983,57,4,1019,2,5228530,10457060,Online,Tarjeta crédito,ARS,2024,9
7525,2023-11-22,207,5,1,1082,3,5490130,16470390,Campo,Tarjeta crédito,ARS,2023,11
7526,2024-05-04,411,22,2,1004,2,36670,73340,Campo,Efectivo,USD,2024,5
7527,2024-04-04,258,9,4,1128,1,375520,375520,Mostrador,Cheque,ARS,2024,4
7528,2024-02-22,796,33,4,1187,4,313860,1255440,Campo,Cheque,ARS,2024,2
7529,2024-06-03,651,13,4,1146,5,326090,1630450,Online,Efectivo,ARS,2024,6
7530,2023-10-12,46,7,2,1152,2,2488850,4977700,Online,Tarjeta débito,ARS,2023,10
7531,2023-04-03,126,29,3,1093,3,2343250,7029750,Mostrador,Efectivo,ARS,2023,4
7532,2023-05-11,21,2,1,1031,3,56990,170970,Mostrador,Tarjeta débito,ARS,2023,5
7533,2023-09-04,170,8,2,1084,1,116190,116190,Mostrador,Cheque,ARS,2023,9
7534,2024-01-01,544,27,4,1028,1,38860,38860,Campo,Tarjeta crédito,ARS,2024,1
7535,2024-11-18,416,40,4,1137,1,1700150,1700150,Mostrador,Cheque,ARS,2024,11
7536,2024-08-09,455,6,4,1090,2,371820,743640,Teléfono,Cheque,ARS,2024,8
7537,2024-11-04,662,19,1,1049,1,3994480,3994480,Campo,Tarjeta débito,USD,2024,11
7538,2023-11-21,206,33,4,1258,5,233030,1165150,Campo,Cheque,USD,2023,11
7539,2023-12-05,333,13,4,1006,1,2182990,2182990,Teléfono,Tarjeta crédito,USD,2023,12
7540,2023-12-02,21,2,1,1029,1,2643340,2643340,Campo,Efectivo,ARS,2023,12
7541,2023-07-30,290,54,2,1156,1,242270,242270,Teléfono,Tarjeta crédito,USD,2023,7
7542,2023-03-09,138,57,4,1263,3,407980,1223940,Campo,Cheque,ARS,2023,3
7543,2024-04-10,65,17,3,1034,4,108430,433720,Mostrador,Tarjeta débito,USD,2024,4
7544,2024-12-29,577,27,4,1237,1,182260,182260,Mostrador,Efectivo,USD,2024,12
7545,2023-07-03,88,8,2,1138,1,3322570,3322570,Campo,Transferencia,ARS,2023,7
7546,2023-02-21,323,57,4,1057,4,1522790,6091160,Online,Tarjeta crédito,USD,2023,2
7547,2024-11-01,479,53,4,1175,1,5591700,5591700,Campo,Cheque,ARS,2024,11
7548,2023-10-05,43,34,2,1214,1,5579210,5579210,Mostrador,Tarjeta crédito,ARS,2023,10
7549,2024-11-15,883,40,4,1027,1,2470670,2470670,Mostrador,Transferencia,ARS,2024,11
7550,2024-08-12,937,28,2,1295,3,128930,386790,Online,Transferencia,ARS,2024,8
7551,2024-12-17,141,19,1,1119,1,233370,233370,Mostrador,Cheque,ARS,2024,12
7552,2023-12-07,374,51,1,1147,1,118390,118390,Campo,Efectivo,ARS,2023,12
7553,2024-06-27,516,51,1,1265,5,327660,1638300,Campo,Cheque,ARS,2024,6
7554,2023-12-22,279,13,4,1258,1,1660050,1660050,Campo,Tarjeta crédito,USD,2023,12
7555,2024-05-23,326,27,4,1007,4,291690,1166760,Teléfono,Cheque,ARS,2024,5
7556,2023-12-18,41,16,1,1189,1,122820,122820,Campo,Transferencia,USD,2023,12
7557,2023-07-26,376,51,1,1068,2,226020,452040,Teléfono,Transferencia,ARS,2023,7
7558,2024-01-10,996,49,1,1231,2,176800,353600,Teléfono,Efectivo,USD,2024,1
7559,2024-02-01,602,53,4,1198,4,3023650,12094600,Online,Transferencia,ARS,2024,2
7560,2024-11-10,993,27,4,1239,3,30830,92490,Teléfono,Tarjeta crédito,ARS,2024,11
7561,2024-09-15,768,60,3,1079,1,4084250,4084250,Teléfono,Transferencia,ARS,2024,9
7562,2024-06-29,929,29,3,1070,1,3489360,3489360,Teléfono,Tarjeta débito,USD,2024,6
7563,2023-05-05,308,34,2,1252,4,123820,495280,Mostrador,Transferencia,USD,2023,5
7564,2024-08-30,657,30,1,1193,5,133070,665350,Campo,Efectivo,USD,2024,8
7565,2024-01-01,307,1,4,1025,4,249720,998880,Campo,Cheque,ARS,2024,1
7566,2024-12-02,899,10,3,1070,1,2212120,2212120,Online,Efectivo,USD,2024,12
7567,2024-12-10,823,42,3,1156,2,375440,750880,Campo,Tarjeta crédito,ARS,2024,12
7568,2023-03-02,184,38,4,1146,1,3838540,3838540,Mostrador,Efectivo,USD,2023,3
7569,2024-11-12,631,57,4,1155,1,105240,105240,Campo,Tarjeta crédito,ARS,2024,11
7570,2023-02-11,113,1,4,1219,1,1759280,1759280,Campo,Tarjeta crédito,ARS,2023,2
7571,2023-11-25,291,13,4,1049,1,149900,149900,Online,Cheque,USD,2023,11
7572,2024-02-16,249,9,4,1194,4,279220,1116880,Mostrador,Transferencia,USD,2024,2
7573,2023-06-12,324,18,3,1040,1,278450,278450,Teléfono,Cheque,ARS,2023,6
7574,2024-09-27,443,47,1,1085,1,240950,240950,Campo,Tarjeta débito,USD,2024,9
7575,2023-01-10,92,39,2,1298,4,183020,732080,Teléfono,Transferencia,USD,2023,1
7576,2023-07-04,59,40,4,1285,1,236860,236860,Online,Cheque,ARS,2023,7
7577,2024-03-30,269,14,1,1004,1,379480,379480,Online,Cheque,USD,2024,3
7578,2024-08-23,318,19,1,1290,1,138330,138330,Campo,Tarjeta débito,ARS,2024,8
7579,2024-12-09,94,5,1,1247,2,5693540,11387080,Mostrador,Tarjeta débito,USD,2024,12
7580,2024-08-13,254,46,4,1005,5,4642040,23210200,Teléfono,Tarjeta débito,ARS,2024,8
7581,2024-07-07,687,54,2,1226,1,271560,271560,Mostrador,Cheque,ARS,2024,7
7582,2023-12-03,3,47,1,1150,1,5314060,5314060,Teléfono,Tarjeta crédito,USD,2023,12
7583,2023-01-02,21,15,1,1238,5,166720,833600,Campo,Efectivo,ARS,2023,1
7584,2023-05-12,104,57,4,1148,1,2463250,2463250,Teléfono,Transferencia,ARS,2023,5
7585,2024-02-08,833,32,1,1103,4,3402730,13610920,Teléfono,Tarjeta crédito,ARS,2024,2
7586,2024-07-11,402,47,1,1175,3,143300,429900,Campo,Tarjeta crédito,ARS,2024,7
7587,2023-12-09,269,29,3,1236,1,220240,220240,Mostrador,Tarjeta débito,USD,2023,12
7588,2024-09-10,967,42,3,1034,1,63170,63170,Teléfono,Tarjeta crédito,ARS,2024,9
7589,2024-01-25,333,20,1,1172,1,296520,296520,Online,Tarjeta débito,ARS,2024,1
7590,2023-03-23,209,44,3,1006,4,373880,1495520,Mostrador,Efectivo,USD,2023,3
7591,2023-07-30,365,15,1,1285,2,2773330,5546660,Teléfono,Efectivo,USD,2023,7
7592,2024-11-18,608,33,4,1225,5,218250,1091250,Online,Tarjeta crédito,ARS,2024,11
7593,2024-09-04,93,43,1,1053,1,2364040,2364040,Online,Transferencia,ARS,2024,9
7594,2024-12-03,557,21,1,1257,1,111740,111740,Teléfono,Tarjeta débito,ARS,2024,12
7595,2023-05-09,62,1,4,1059,1,286040,286040,Mostrador,Efectivo,ARS,2023,5
7596,2024-12-29,542,33,4,1246,3,1896350,5689050,Mostrador,Tarjeta crédito,ARS,2024,12
7597,2023-08-18,270,32,1,1007,3,23940,71820,Online,Transferencia,USD,2023,8
7598,2023-01-13,10,20,1,1214,1,295410,295410,Online,Tarjeta crédito,ARS,2023,1
7599,2024-12-31,456,57,4,1078,1,2841400,2841400,Teléfono,Transferencia,USD,2024,12
7600,2023-11-02,6,57,4,1189,4,301320,1205280,Teléfono,Tarjeta débito,ARS,2023,11
7601,2024-07-03,979,2,1,1202,1,2192950,2192950,Campo,Cheque,ARS,2024,7
7602,2023-07-13,375,17,3,1216,1,134770,134770,Campo,Efectivo,USD,2023,7
7603,2024-03-29,531,14,1,1283,1,132620,132620,Teléfono,Transferencia,USD,2024,3
7604,2024-12-05,524,22,2,1155,1,145530,145530,Mostrador,Transferencia,USD,2024,12
7605,2023-11-12,373,2,1,1061,1,171310,171310,Online,Tarjeta débito,USD,2023,11
7606,2024-07-06,704,21,1,1061,1,50990,50990,Campo,Cheque,USD,2024,7
7607,2023-07-26,103,30,1,1215,1,369660,369660,Campo,Cheque,ARS,2023,7
7608,2024-05-17,882,28,2,1045,5,426910,2134550,Mostrador,Tarjeta crédito,ARS,2024,5
7609,2023-11-17,250,52,1,1172,2,3697940,7395880,Campo,Tarjeta crédito,ARS,2023,11
7610,2023-08-20,244,2,1,1221,3,87120,261360,Teléfono,Tarjeta débito,ARS,2023,8
7611,2023-11-10,338,2,1,1095,1,56830,56830,Mostrador,Tarjeta crédito,ARS,2023,11
7612,2023-07-16,195,30,1,1048,1,3326870,3326870,Mostrador,Cheque,USD,2023,7
7613,2024-12-05,265,57,4,1044,3,3135020,9405060,Mostrador,Efectivo,ARS,2024,12
7614,2023-12-03,134,2,1,1228,3,3630510,10891530,Online,Tarjeta crédito,ARS,2023,12
7615,2023-09-27,385,36,4,1062,3,134640,403920,Teléfono,Tarjeta crédito,USD,2023,9
7616,2023-12-17,349,51,1,1255,1,2176160,2176160,Teléfono,Tarjeta crédito,USD,2023,12
7617,2023-11-12,177,14,1,1219,3,155400,466200,Online,Tarjeta crédito,ARS,2023,11
7618,2024-09-25,867,11,3,1226,5,56830,284150,Teléfono,Cheque,ARS,2024,9
7619,2024-12-24,99,53,4,1089,3,116980,350940,Online,Tarjeta crédito,ARS,2024,12
7620,2023-12-15,30,15,1,1112,5,2425070,12125350,Mostrador,Efectivo,ARS,2023,12
7621,2024-11-23,291,16,1,1207,4,416080,1664320,Online,Tarjeta débito,USD,2024,11
7622,2024-03-13,575,18,3,1135,1,3376460,3376460,Mostrador,Tarjeta crédito,USD,2024,3
7623,2023-06-22,28,57,4,1203,4,2972240,11888960,Teléfono,Efectivo,USD,2023,6
7624,2024-07-28,146,25,4,1297,2,2977140,5954280,Campo,Transferencia,ARS,2024,7
7625,2024-01-16,288,54,2,1033,1,5671320,5671320,Online,Tarjeta crédito,USD,2024,1
7626,2024-06-14,581,59,2,1215,1,145300,145300,Online,Efectivo,ARS,2024,6
7627,2024-12-01,950,60,3,1012,4,184040,736160,Campo,Cheque,USD,2024,12
7628,2023-12-15,252,29,3,1002,2,2669090,5338180,Online,Tarjeta débito,ARS,2023,12
7629,2024-12-04,162,12,3,1149,1,98500,98500,Mostrador,Cheque,USD,2024,12
7630,2024-10-02,927,27,4,1142,1,6222550,6222550,Teléfono,Tarjeta crédito,ARS,2024,10
7631,2023-12-28,110,25,4,1290,1,69610,69610,Campo,Tarjeta débito,ARS,2023,12
7632,2024-04-23,865,48,2,1207,5,179030,895150,Mostrador,Cheque,ARS,2024,4
7633,2023-11-14,132,8,2,1143,1,161990,161990,Campo,Tarjeta crédito,ARS,2023,11
7634,2024-12-27,398,50,3,1192,1,26180,26180,Mostrador,Efectivo,USD,2024,12
7635,2024-07-03,271,55,2,1143,1,54260,54260,Teléfono,Tarjeta crédito,ARS,2024,7
7636,2023-02-18,188,8,2,1135,1,171330,171330,Campo,Transferencia,ARS,2023,2
7637,2023-11-14,20,20,1,1252,5,54290,271450,Campo,Tarjeta débito,USD,2023,11
7638,2024-05-15,276,51,1,1204,1,146340,146340,Campo,Tarjeta débito,USD,2024,5
7639,2023-03-03,177,56,2,1046,1,275870,275870,Mostrador,Tarjeta crédito,USD,2023,3
7640,2023-01-27,99,36,4,1261,5,5159590,25797950,Online,Efectivo,USD,2023,1
7641,2023-12-18,247,16,1,1066,3,173800,521400,Online,Efectivo,ARS,2023,12
7642,2023-11-16,324,39,2,1150,3,187390,562170,Mostrador,Tarjeta débito,USD,2023,11
7643,2023-12-15,18,35,1,1070,1,290660,290660,Mostrador,Cheque,USD,2023,12
7644,2023-10-16,289,21,1,1002,3,383280,1149840,Teléfono,Tarjeta débito,USD,2023,10
7645,2023-06-30,125,57,4,1029,1,3506910,3506910,Campo,Tarjeta crédito,USD,2023,6
7646,2024-07-26,320,33,4,1256,4,61420,245680,Teléfono,Tarjeta crédito,USD,2024,7
7647,2024-01-17,153,15,1,1061,1,134090,134090,Teléfono,Tarjeta crédito,ARS,2024,1
7648,2023-08-08,69,38,4,1100,3,294100,882300,Mostrador,Tarjeta débito,ARS,2023,8
7649,2023-11-12,146,20,1,1144,1,82080,82080,Mostrador,Tarjeta crédito,ARS,2023,11
7650,2024-04-11,557,1,4,1192,3,3704970,11114910,Mostrador,Tarjeta débito,ARS,2024,4
7651,2023-03-21,366,15,1,1270,1,2398970,2398970,Mostrador,Transferencia,USD,2023,3
7652,2023-06-11,20,43,1,1299,3,365680,1097040,Teléfono,Cheque,ARS,2023,6
7653,2023-03-22,291,42,3,1216,1,219950,219950,Online,Tarjeta débito,ARS,2023,3
7654,2024-11-10,247,57,4,1026,2,2583230,5166460,Online,Transferencia,USD,2024,11
7655,2024-10-04,390,47,1,1204,1,3147190,3147190,Campo,Tarjeta débito,ARS,2024,10
7656,2024-10-05,347,13,4,1245,1,4091920,4091920,Online,Tarjeta crédito,ARS,2024,10
7657,2024-08-25,476,49,1,1031,2,2617810,5235620,Mostrador,Tarjeta crédito,USD,2024,8
7658,2024-07-05,203,38,4,1201,3,1689500,5068500,Campo,Efectivo,USD,2024,7
7659,2023-12-25,9,47,1,1052,1,2619710,2619710,Mostrador,Transferencia,ARS,2023,12
7660,2024-06-05,692,57,4,1243,1,362800,362800,Online,Cheque,USD,2024,6
7661,2023-02-12,156,56,2,1263,1,35040,35040,Mostrador,Tarjeta crédito,ARS,2023,2
7662,2024-05-13,531,39,2,1174,2,282700,565400,Teléfono,Transferencia,ARS,2024,5
7663,2024-11-01,103,46,4,1100,2,3854370,7708740,Mostrador,Transferencia,USD,2024,11
7664,2024-01-01,246,25,4,1061,5,101230,506150,Campo,Efectivo,USD,2024,1
7665,2023-11-23,85,50,3,1188,1,3808950,3808950,Mostrador,Cheque,ARS,2023,11
7666,2023-11-01,319,14,1,1007,2,311370,622740,Mostrador,Efectivo,USD,2023,11
7667,2024-06-06,351,55,2,1189,1,210990,210990,Teléfono,Cheque,USD,2024,6
7668,2024-07-31,234,34,2,1083,1,145110,145110,Online,Tarjeta crédito,USD,2024,7
7669,2024-11-26,647,54,2,1283,1,379320,379320,Campo,Efectivo,ARS,2024,11
7670,2023-11-18,37,50,3,1124,5,271250,1356250,Campo,Cheque,ARS,2023,11
7671,2024-10-23,345,49,1,1157,3,5035050,15105150,Campo,Efectivo,ARS,2024,10
7672,2024-03-08,604,53,4,1087,1,431330,431330,Mostrador,Efectivo,USD,2024,3
7673,2024-11-29,292,46,4,1148,1,122460,122460,Mostrador,Cheque,ARS,2024,11
7674,2024-02-01,17,52,1,1070,1,130990,130990,Campo,Tarjeta débito,USD,2024,2
7675,2024-01-20,90,41,3,1076,1,164870,164870,Online,Tarjeta débito,USD,2024,1
7676,2024-03-26,348,58,3,1114,1,448110,448110,Online,Cheque,ARS,2024,3
7677,2024-09-30,677,9,4,1003,4,308020,1232080,Campo,Cheque,USD,2024,9
7678,2024-12-22,977,52,1,1234,1,40140,40140,Online,Cheque,ARS,2024,12
7679,2023-03-22,253,29,3,1167,5,1688270,8441350,Campo,Tarjeta débito,ARS,2023,3
7680,2023-02-28,305,52,1,1099,4,162660,650640,Campo,Transferencia,ARS,2023,2
7681,2024-12-14,593,39,2,1124,4,307130,1228520,Campo,Efectivo,USD,2024,12
7682,2024-02-03,993,46,4,1045,1,3480170,3480170,Online,Tarjeta crédito,USD,2024,2
7683,2024-05-06,184,57,4,1119,1,367330,367330,Teléfono,Transferencia,ARS,2024,5
7684,2023-12-27,290,32,1,1287,3,3820690,11462070,Teléfono,Efectivo,ARS,2023,12
7685,2023-04-13,249,37,3,1106,1,53930,53930,Online,Cheque,USD,2023,4
7686,2024-10-21,215,1,4,1294,3,5799460,17398380,Teléfono,Tarjeta crédito,ARS,2024,10
7687,2024-09-28,158,49,1,1134,4,2369900,9479600,Campo,Tarjeta crédito,USD,2024,9
7688,2023-11-10,179,13,4,1008,1,2879000,2879000,Mostrador,Efectivo,ARS,2023,11
7689,2023-11-08,393,13,4,1028,1,306090,306090,Online,Efectivo,ARS,2023,11
7690,2024-11-17,20,46,4,1271,1,5490130,5490130,Online,Transferencia,USD,2024,11
7691,2023-03-21,147,14,1,1223,3,74210,222630,Mostrador,Tarjeta débito,ARS,2023,3
7692,2024-11-29,997,5,1,1008,1,2607130,2607130,Teléfono,Efectivo,ARS,2024,11
7693,2023-10-09,68,1,4,1178,1,2377880,2377880,Campo,Tarjeta débito,USD,2023,10
7694,2024-04-12,77,47,1,1134,1,4260020,4260020,Teléfono,Transferencia,USD,2024,4
7695,2024-12-14,102,15,1,1029,1,287960,287960,Teléfono,Tarjeta débito,ARS,2024,12
7696,2024-07-14,652,37,3,1115,4,387040,1548160,Campo,Tarjeta débito,USD,2024,7
7697,2023-12-08,381,32,1,1034,2,43340,86680,Mostrador,Cheque,ARS,2023,12
7698,2024-07-27,585,4,4,1007,1,4719260,4719260,Online,Tarjeta crédito,USD,2024,7
7699,2023-11-19,207,58,3,1040,1,316470,316470,Mostrador,Efectivo,USD,2023,11
7700,2023-11-01,213,38,4,1006,5,412250,2061250,Online,Tarjeta débito,ARS,2023,11
7701,2024-12-31,79,46,4,1062,1,2691820,2691820,Online,Tarjeta débito,USD,2024,12
7702,2024-10-02,113,5,1,1086,3,164950,494850,Mostrador,Cheque,USD,2024,10
7703,2024-06-08,765,2,1,1213,1,3163140,3163140,Teléfono,Tarjeta crédito,ARS,2024,6
7704,2023-11-22,133,38,4,1116,1,286040,286040,Teléfono,Tarjeta crédito,USD,2023,11
7705,2023-02-23,197,32,1,1065,5,212950,1064750,Online,Tarjeta crédito,ARS,2023,2
7706,2023-02-04,25,46,4,1297,3,5044150,15132450,Mostrador,Transferencia,USD,2023,2
7707,2024-02-29,472,38,4,1170,5,4035330,20176650,Online,Cheque,USD,2024,2
7708,2024-10-14,613,32,1,1116,1,124260,124260,Campo,Efectivo,USD,2024,10
7709,2024-02-11,757,36,4,1230,5,154470,772350,Online,Cheque,ARS,2024,2
7710,2024-11-18,543,5,1,1116,4,428670,1714680,Teléfono,Cheque,ARS,2024,11
7711,2023-02-06,290,32,1,1221,1,2465310,2465310,Teléfono,Tarjeta débito,USD,2023,2
7712,2023-11-25,256,9,4,1050,1,5208310,5208310,Teléfono,Tarjeta débito,USD,2023,11
7713,2023-09-18,206,6,4,1079,1,81760,81760,Campo,Efectivo,ARS,2023,9
7714,2023-12-17,68,7,2,1285,1,5591700,5591700,Teléfono,Tarjeta crédito,USD,2023,12
7715,2023-03-21,215,21,1,1079,3,6459780,19379340,Online,Efectivo,ARS,2023,3
7716,2024-12-19,634,5,1,1020,1,2731380,2731380,Teléfono,Transferencia,ARS,2024,12
7717,2023-09-02,46,35,1,1037,2,254860,509720,Teléfono,Tarjeta crédito,ARS,2023,9
7718,2024-12-10,581,21,1,1259,1,2827290,2827290,Teléfono,Efectivo,USD,2024,12
7719,2023-12-11,27,43,1,1093,1,5301390,5301390,Online,Cheque,USD,2023,12
7720,2024-12-28,683,3,3,1187,1,86480,86480,Teléfono,Tarjeta crédito,USD,2024,12
7721,2024-02-29,757,25,4,1201,1,277130,277130,Mostrador,Efectivo,ARS,2024,2
7722,2024-12-13,462,52,1,1288,1,2844000,2844000,Mostrador,Efectivo,USD,2024,12
7723,2023-01-06,301,15,1,1048,1,284740,284740,Campo,Efectivo,ARS,2023,1
7724,2024-09-29,786,6,4,1253,1,4629310,4629310,Teléfono,Tarjeta débito,ARS,2024,9
7725,2024-12-05,288,1,4,1046,1,3770480,3770480,Mostrador,Transferencia,ARS,2024,12
7726,2023-06-03,249,38,4,1231,5,98020,490100,Online,Tarjeta crédito,ARS,2023,6
7727,2023-04-16,2,52,1,1095,5,289200,1446000,Mostrador,Tarjeta débito,ARS,2023,4
7728,2023-12-11,20,35,1,1212,2,162340,324680,Campo,Tarjeta crédito,ARS,2023,12
7729,2024-12-13,477,56,2,1218,4,201210,804840,Mostrador,Tarjeta débito,ARS,2024,12
7730,2024-02-16,954,3,3,1040,1,1979820,1979820,Teléfono,Transferencia,USD,2024,2
7731,2024-01-31,491,55,2,1203,1,27130,27130,Mostrador,Tarjeta crédito,ARS,2024,1
7732,2023-06-04,294,18,3,1116,5,196120,980600,Online,Tarjeta débito,ARS,2023,6
7733,2023-01-01,257,52,1,1091,1,4629310,4629310,Mostrador,Tarjeta débito,ARS,2023,1
7734,2024-11-09,453,22,2,1058,5,309250,1546250,Teléfono,Tarjeta crédito,ARS,2024,11
7735,2023-04-07,249,41,3,1010,3,167360,502080,Teléfono,Cheque,ARS,2023,4
7736,2024-05-27,398,43,1,1256,1,5258020,5258020,Online,Efectivo,ARS,2024,5
7737,2024-12-08,153,4,4,1255,5,379010,1895050,Teléfono,Efectivo,USD,2024,12
7738,2023-08-17,137,54,2,1249,1,1987080,1987080,Mostrador,Tarjeta débito,USD,2023,8
7739,2024-06-30,222,14,1,1255,1,142260,142260,Teléfono,Transferencia,USD,2024,6
7740,2023-03-28,211,43,1,1006,3,1601670,4805010,Mostrador,Transferencia,ARS,2023,3
7741,2024-04-24,701,51,1,1258,1,191060,191060,Teléfono,Tarjeta débito,ARS,2024,4
7742,2023-06-29,232,21,1,1188,1,89760,89760,Mostrador,Efectivo,ARS,2023,6
7743,2024-09-16,136,40,4,1235,3,4860090,14580270,Online,Efectivo,USD,2024,9
7744,2023-11-07,16,27,4,1183,2,318720,637440,Teléfono,Cheque,ARS,2023,11
7745,2023-12-22,114,52,1,1287,1,108240,108240,Campo,Tarjeta crédito,ARS,2023,12
7746,2024-04-19,776,47,1,1123,2,192170,384340,Teléfono,Efectivo,ARS,2024,4
7747,2023-07-07,279,57,4,1158,1,5416400,5416400,Online,Tarjeta crédito,USD,2023,7
7748,2024-09-22,585,43,1,1197,5,4314300,21571500,Teléfono,Tarjeta débito,ARS,2024,9
7749,2023-11-07,224,51,1,1013,4,227630,910520,Teléfono,Efectivo,ARS,2023,11
7750,2024-06-27,485,47,1,1068,3,376190,1128570,Campo,Efectivo,ARS,2024,6
7751,2023-06-23,34,27,4,1054,3,6546190,19638570,Mostrador,Tarjeta crédito,USD,2023,6
7752,2024-07-25,245,16,1,1277,1,355110,355110,Online,Tarjeta crédito,ARS,2024,7
7753,2023-05-21,238,41,3,1043,1,351250,351250,Teléfono,Cheque,USD,2023,5
7754,2023-12-11,18,32,1,1267,1,3874560,3874560,Teléfono,Tarjeta crédito,USD,2023,12
7755,2023-09-29,365,14,1,1109,1,140930,140930,Mostrador,Tarjeta débito,ARS,2023,9
7756,2024-09-29,556,2,1,1197,1,2068930,2068930,Mostrador,Tarjeta débito,USD,2024,9
7757,2023-10-15,143,1,4,1166,1,2289930,2289930,Campo,Efectivo,ARS,2023,10
7758,2024-11-29,501,50,3,1106,4,3718730,14874920,Teléfono,Tarjeta crédito,USD,2024,11
7759,2024-12-02,527,52,1,1051,5,5975500,29877500,Teléfono,Efectivo,USD,2024,12
7760,2023-08-04,93,15,1,1204,5,367330,1836650,Online,Cheque,ARS,2023,8
7761,2024-05-05,383,31,3,1218,1,335720,335720,Online,Tarjeta crédito,ARS,2024,5
7762,2023-04-07,377,38,4,1043,1,2617810,2617810,Campo,Cheque,ARS,2023,4
7763,2023-12-02,279,32,1,1283,3,191970,575910,Teléfono,Cheque,ARS,2023,12
7764,2024-08-22,727,60,3,1085,1,3667930,3667930,Teléfono,Efectivo,USD,2024,8
7765,2024-06-24,449,47,1,1217,5,3539110,17695550,Teléfono,Tarjeta débito,ARS,2024,6
7766,2024-05-17,761,19,1,1158,1,28440,28440,Campo,Tarjeta crédito,USD,2024,5
7767,2023-11-02,71,20,1,1244,1,4432020,4432020,Online,Tarjeta débito,USD,2023,11
7768,2023-11-28,109,1,4,1127,1,68780,68780,Campo,Transferencia,USD,2023,11
7769,2023-04-23,288,5,1,1191,3,318240,954720,Mostrador,Cheque,USD,2023,4
7770,2024-08-28,476,36,4,1266,3,340300,1020900,Campo,Efectivo,USD,2024,8
7771,2024-01-05,882,36,4,1060,4,190090,760360,Mostrador,Tarjeta débito,ARS,2024,1
7772,2024-08-17,672,25,4,1283,5,149570,747850,Campo,Efectivo,USD,2024,8
7773,2023-10-01,289,35,1,1062,1,319330,319330,Teléfono,Efectivo,ARS,2023,10
7774,2023-11-13,171,15,1,1218,3,3788550,11365650,Mostrador,Efectivo,USD,2023,11
7775,2023-11-16,13,27,4,1126,1,358770,358770,Online,Efectivo,USD,2023,11
7776,2023-01-29,372,13,4,1172,1,5131880,5131880,Mostrador,Transferencia,ARS,2023,1
7777,2023-11-18,220,6,4,1063,4,2656740,10626960,Campo,Tarjeta débito,ARS,2023,11
7778,2024-11-08,393,15,1,1260,1,241410,241410,Teléfono,Cheque,USD,2024,11
7779,2024-12-03,958,5,1,1016,2,230950,461900,Campo,Tarjeta crédito,USD,2024,12
7780,2024-01-21,185,57,4,1179,5,153980,769900,Online,Tarjeta débito,ARS,2024,1
7781,2023-12-19,323,19,1,1006,5,154900,774500,Teléfono,Efectivo,USD,2023,12
7782,2023-02-03,209,11,3,1101,1,4291050,4291050,Teléfono,Tarjeta débito,USD,2023,2
7783,2024-11-28,994,20,1,1176,3,230220,690660,Online,Tarjeta crédito,USD,2024,11
7784,2023-01-15,288,15,1,1193,3,2088530,6265590,Campo,Cheque,ARS,2023,1
7785,2024-12-16,329,49,1,1085,3,6133880,18401640,Teléfono,Tarjeta crédito,USD,2024,12
7786,2023-12-29,361,21,1,1273,1,146820,146820,Mostrador,Tarjeta débito,USD,2023,12
7787,2023-11-18,385,52,1,1261,2,3566460,7132920,Teléfono,Efectivo,USD,2023,11
7788,2024-12-11,441,44,3,1175,1,4788250,4788250,Teléfono,Efectivo,USD,2024,12
7789,2023-01-27,369,2,1,1234,3,152360,457080,Mostrador,Tarjeta crédito,USD,2023,1
7790,2024-03-30,106,30,1,1300,5,154900,774500,Mostrador,Efectivo,ARS,2024,3
7791,2024-02-24,724,6,4,1216,2,307840,615680,Online,Transferencia,USD,2024,2
7792,2023-08-29,325,22,2,1247,2,5287870,10575740,Mostrador,Tarjeta crédito,USD,2023,8
7793,2023-12-12,232,51,1,1021,5,313330,1566650,Online,Transferencia,USD,2023,12
7794,2024-06-16,725,13,4,1119,2,6133880,12267760,Campo,Tarjeta débito,ARS,2024,6
7795,2024-09-06,837,38,4,1243,5,89390,446950,Campo,Tarjeta crédito,USD,2024,9
7796,2023-01-01,196,52,1,1288,1,1906240,1906240,Teléfono,Cheque,USD,2023,1
7797,2024-12-14,249,7,2,1280,3,3162490,9487470,Mostrador,Efectivo,ARS,2024,12
7798,2023-06-30,317,12,3,1244,2,6340490,12680980,Mostrador,Efectivo,USD,2023,6
7799,2023-09-14,264,49,1,1163,2,244230,488460,Mostrador,Tarjeta débito,USD,2023,9
7800,2023-10-17,217,4,4,1146,5,138350,691750,Campo,Cheque,ARS,2023,10
7801,2023-02-11,263,46,4,1067,1,191970,191970,Online,Efectivo,USD,2023,2
7802,2023-05-15,170,25,4,1103,2,5824530,11649060,Mostrador,Transferencia,ARS,2023,5
7803,2024-12-28,416,32,1,1178,1,113510,113510,Campo,Tarjeta crédito,ARS,2024,12
7804,2023-11-11,156,15,1,1125,1,3046440,3046440,Campo,Tarjeta crédito,ARS,2023,11
7805,2023-05-07,70,1,4,1117,4,198050,792200,Teléfono,Tarjeta crédito,ARS,2023,5
7806,2023-04-28,234,22,2,1251,1,184040,184040,Online,Transferencia,ARS,2023,4
7807,2024-08-29,432,20,1,1066,2,202810,405620,Campo,Tarjeta crédito,ARS,2024,8
7808,2024-11-22,54,57,4,1226,1,305950,305950,Campo,Tarjeta débito,ARS,2024,11
7809,2023-10-09,170,14,1,1188,1,2203280,2203280,Teléfono,Cheque,USD,2023,10
7810,2023-01-23,36,47,1,1187,1,6191670,6191670,Campo,Tarjeta crédito,ARS,2023,1
7811,2023-09-02,322,25,4,1076,4,2458460,9833840,Teléfono,Cheque,ARS,2023,9
7812,2023-03-03,259,35,1,1273,1,346950,346950,Online,Cheque,USD,2023,3
7813,2023-04-24,251,51,1,1149,1,3383770,3383770,Teléfono,Transferencia,ARS,2023,4
7814,2023-12-13,13,19,1,1195,5,374600,1873000,Teléfono,Cheque,USD,2023,12
7815,2023-09-10,159,58,3,1284,1,2568600,2568600,Mostrador,Transferencia,USD,2023,9
7816,2024-01-18,541,2,1,1044,1,5467910,5467910,Teléfono,Cheque,ARS,2024,1
7817,2023-10-06,57,8,2,1170,1,127220,127220,Campo,Transferencia,USD,2023,10
7818,2024-12-15,161,31,3,1094,4,426750,1707000,Campo,Tarjeta crédito,USD,2024,12
7819,2024-12-06,437,40,4,1224,1,122520,122520,Teléfono,Tarjeta débito,ARS,2024,12
7820,2024-03-14,778,43,1,1278,1,446560,446560,Teléfono,Tarjeta débito,USD,2024,3
7821,2023-11-22,230,40,4,1038,1,417860,417860,Online,Transferencia,USD,2023,11
7822,2023-11-29,319,19,1,1270,1,5126900,5126900,Campo,Efectivo,USD,2023,11
7823,2023-12-07,329,4,4,1235,5,120190,600950,Mostrador,Efectivo,ARS,2023,12
7824,2024-09-07,193,51,1,1111,1,23360,23360,Online,Efectivo,USD,2024,9
7825,2023-12-18,108,52,1,1168,1,139150,139150,Online,Transferencia,ARS,2023,12
7826,2024-11-22,357,57,4,1054,2,4753180,9506360,Campo,Efectivo,ARS,2024,11
7827,2024-12-16,352,47,1,1127,1,1889710,1889710,Mostrador,Tarjeta crédito,USD,2024,12
7828,2023-11-17,353,52,1,1275,2,5491540,10983080,Online,Efectivo,ARS,2023,11
7829,2024-03-08,258,5,1,1042,4,167710,670840,Online,Efectivo,ARS,2024,3
7830,2023-04-15,110,41,3,1041,4,30160,120640,Teléfono,Transferencia,USD,2023,4
7831,2023-08-08,130,47,1,1050,1,3822190,3822190,Mostrador,Cheque,USD,2023,8
7832,2023-12-08,123,49,1,1159,1,4562450,4562450,Teléfono,Tarjeta crédito,USD,2023,12
7833,2023-08-15,116,21,1,1201,3,273210,819630,Campo,Tarjeta crédito,ARS,2023,8
7834,2024-11-28,742,34,2,1182,5,1933730,9668650,Teléfono,Cheque,ARS,2024,11
7835,2023-06-23,293,49,1,1181,3,358440,1075320,Online,Cheque,ARS,2023,6
7836,2023-12-19,386,21,1,1166,1,6561570,6561570,Campo,Efectivo,USD,2023,12
7837,2024-04-26,745,51,1,1232,3,35070,105210,Campo,Tarjeta crédito,USD,2024,4
7838,2024-07-29,829,15,1,1206,1,1732910,1732910,Mostrador,Efectivo,USD,2024,7
7839,2023-11-30,234,40,4,1050,4,267120,1068480,Campo,Efectivo,ARS,2023,11
7840,2024-11-26,296,6,4,1146,1,4616920,4616920,Online,Transferencia,USD,2024,11
7841,2024-03-16,703,27,4,1298,2,4835290,9670580,Online,Cheque,ARS,2024,3
7842,2023-12-15,25,51,1,1145,2,3316690,6633380,Mostrador,Cheque,USD,2023,12
7843,2023-03-15,379,27,4,1016,1,340590,340590,Mostrador,Tarjeta débito,ARS,2023,3
7844,2023-12-22,166,5,1,1085,1,219240,219240,Online,Tarjeta débito,USD,2023,12
7845,2024-11-12,805,1,4,1216,1,160960,160960,Mostrador,Efectivo,ARS,2024,11
7846,2024-05-06,210,35,1,1052,1,258800,258800,Campo,Tarjeta débito,ARS,2024,5
7847,2024-11-15,539,45,2,1036,3,217770,653310,Online,Efectivo,ARS,2024,11
7848,2023-12-30,340,14,1,1107,1,402660,402660,Mostrador,Tarjeta crédito,USD,2023,12
7849,2023-05-10,178,19,1,1219,1,383780,383780,Teléfono,Transferencia,ARS,2023,5
7850,2023-01-15,44,27,4,1181,1,218250,218250,Teléfono,Tarjeta débito,ARS,2023,1
7851,2023-11-08,72,33,4,1298,2,2321310,4642620,Mostrador,Efectivo,ARS,2023,11
7852,2024-08-05,900,25,4,1254,5,87260,436300,Online,Tarjeta crédito,USD,2024,8
7853,2024-11-04,508,23,3,1068,4,6535180,26140720,Mostrador,Cheque,USD,2024,11
7854,2023-11-06,222,45,2,1187,1,2715550,2715550,Teléfono,Tarjeta crédito,USD,2023,11
7855,2023-12-30,311,49,1,1124,1,219650,219650,Teléfono,Cheque,ARS,2023,12
7856,2023-12-10,228,33,4,1030,3,240950,722850,Teléfono,Cheque,ARS,2023,12
7857,2023-12-07,329,59,2,1185,5,135440,677200,Mostrador,Efectivo,ARS,2023,12
7858,2023-09-11,233,6,4,1289,5,5963470,29817350,Teléfono,Transferencia,USD,2023,9
7859,2023-05-30,268,5,1,1053,4,274530,1098120,Campo,Tarjeta crédito,USD,2023,5
7860,2023-08-04,398,59,2,1177,1,3439180,3439180,Mostrador,Transferencia,ARS,2023,8
7861,2023-03-02,254,36,4,1133,2,253060,506120,Online,Efectivo,ARS,2023,3
7862,2023-08-06,163,19,1,1077,1,21940,21940,Online,Cheque,ARS,2023,8
7863,2023-01-11,6,32,1,1244,1,92550,92550,Campo,Tarjeta crédito,USD,2023,1
7864,2024-05-20,47,52,1,1060,1,404280,404280,Teléfono,Tarjeta débito,USD,2024,5
7865,2023-11-11,371,6,4,1026,1,413670,413670,Teléfono,Transferencia,ARS,2023,11
7866,2024-12-24,580,16,1,1091,5,292240,1461200,Campo,Efectivo,ARS,2024,12
7867,2023-08-01,254,2,1,1298,1,371380,371380,Mostrador,Tarjeta débito,USD,2023,8
7868,2023-11-19,59,5,1,1164,3,1945770,5837310,Mostrador,Cheque,ARS,2023,11
7869,2023-11-23,393,48,2,1280,2,258120,516240,Online,Efectivo,ARS,2023,11
7870,2023-01-10,119,32,1,1199,2,417830,835660,Online,Transferencia,ARS,2023,1
7871,2024-11-17,698,35,1,1118,5,453270,2266350,Campo,Cheque,ARS,2024,11
7872,2023-02-05,48,38,4,1183,5,133320,666600,Teléfono,Efectivo,ARS,2023,2
7873,2024-12-15,191,6,4,1055,5,108850,544250,Mostrador,Efectivo,USD,2024,12
7874,2024-12-02,265,21,1,1271,5,326460,1632300,Campo,Tarjeta débito,ARS,2024,12
7875,2024-02-09,684,38,4,1005,2,202660,405320,Mostrador,Cheque,USD,2024,2
7876,2024-02-18,558,24,3,1101,1,4262210,4262210,Teléfono,Cheque,ARS,2024,2
7877,2024-06-18,143,51,1,1286,1,293690,293690,Online,Efectivo,ARS,2024,6
7878,2023-12-01,246,16,1,1053,1,5025120,5025120,Campo,Cheque,USD,2023,12
7879,2024-06-11,216,45,2,1218,1,4964440,4964440,Online,Tarjeta crédito,USD,2024,6
7880,2023-02-19,176,5,1,1214,1,5031870,5031870,Mostrador,Tarjeta crédito,ARS,2023,2
7881,2023-03-01,328,5,1,1286,1,1779760,1779760,Online,Efectivo,ARS,2023,3
7882,2023-12-20,384,46,4,1240,1,2842030,2842030,Campo,Cheque,ARS,2023,12
7883,2024-02-24,938,26,2,1214,4,2153770,8615080,Campo,Tarjeta débito,USD,2024,2
7884,2024-12-01,878,24,3,1104,4,398140,1592560,Mostrador,Tarjeta débito,USD,2024,12
7885,2023-04-25,145,5,1,1222,1,2415270,2415270,Campo,Efectivo,ARS,2023,4
7886,2024-11-13,547,26,2,1127,1,5131880,5131880,Mostrador,Tarjeta débito,USD,2024,11
7887,2023-08-19,132,21,1,1007,1,2420310,2420310,Online,Tarjeta crédito,ARS,2023,8
7888,2023-12-03,304,22,2,1189,1,149270,149270,Teléfono,Cheque,ARS,2023,12
7889,2023-11-11,398,33,4,1079,1,259940,259940,Campo,Tarjeta débito,USD,2023,11
7890,2023-12-04,153,46,4,1119,1,128210,128210,Online,Cheque,USD,2023,12
7891,2023-06-15,302,5,1,1026,1,200480,200480,Mostrador,Efectivo,USD,2023,6
7892,2024-01-05,560,57,4,1099,5,2176160,10880800,Teléfono,Transferencia,USD,2024,1
7893,2024-11-07,168,1,4,1097,2,97130,194260,Online,Efectivo,USD,2024,11
7894,2023-12-16,178,44,3,1079,1,3884010,3884010,Mostrador,Efectivo,ARS,2023,12
7895,2023-12-29,263,49,1,1073,4,1782010,7128040,Campo,Tarjeta crédito,USD,2023,12
7896,2024-11-20,607,57,4,1256,1,128410,128410,Mostrador,Efectivo,USD,2024,11
7897,2024-08-14,828,19,1,1231,1,297450,297450,Teléfono,Tarjeta débito,USD,2024,8
7898,2023-12-29,291,33,4,1170,1,5440170,5440170,Online,Efectivo,USD,2023,12
7899,2023-10-10,230,48,2,1103,1,162960,162960,Online,Transferencia,USD,2023,10
7900,2024-11-30,703,32,1,1157,4,316030,1264120,Online,Efectivo,ARS,2024,11
7901,2024-03-25,404,21,1,1222,1,256530,256530,Mostrador,Tarjeta débito,USD,2024,3
7902,2023-08-31,144,5,1,1131,4,282380,1129520,Campo,Efectivo,USD,2023,8
7903,2023-10-23,164,1,4,1099,3,4833650,14500950,Online,Efectivo,ARS,2023,10
7904,2024-11-08,531,20,1,1220,1,175880,175880,Teléfono,Transferencia,USD,2024,11
7905,2023-02-18,386,39,2,1244,5,43610,218050,Online,Tarjeta débito,USD,2023,2
7906,2024-12-29,68,53,4,1259,1,4345990,4345990,Mostrador,Efectivo,USD,2024,12
7907,2023-05-23,98,52,1,1194,1,2684080,2684080,Campo,Cheque,ARS,2023,5
7908,2024-11-06,7,43,1,1150,1,177040,177040,Mostrador,Tarjeta débito,USD,2024,11
7909,2023-12-03,303,18,3,1155,1,43880,43880,Mostrador,Transferencia,ARS,2023,12
7910,2023-12-29,177,39,2,1022,1,87600,87600,Campo,Tarjeta débito,ARS,2023,12
7911,2024-11-29,206,49,1,1116,4,1629320,6517280,Online,Efectivo,ARS,2024,11
7912,2023-12-08,299,30,1,1113,1,280230,280230,Mostrador,Transferencia,ARS,2023,12
7913,2024-02-11,800,60,3,1211,1,2588550,2588550,Mostrador,Tarjeta débito,USD,2024,2
7914,2023-02-24,229,53,4,1024,1,4247290,4247290,Campo,Efectivo,ARS,2023,2
7915,2023-01-03,384,14,1,1283,3,314110,942330,Mostrador,Efectivo,ARS,2023,1
7916,2023-09-26,119,16,1,1292,1,1786430,1786430,Online,Tarjeta débito,USD,2023,9
7917,2024-07-17,270,14,1,1056,2,3495040,6990080,Campo,Transferencia,ARS,2024,7
7918,2023-05-14,81,33,4,1266,4,331310,1325240,Teléfono,Cheque,ARS,2023,5
7919,2023-05-05,160,32,1,1054,1,74220,74220,Campo,Transferencia,USD,2023,5
7920,2023-12-07,188,25,4,1181,2,280350,560700,Teléfono,Efectivo,USD,2023,12
7921,2024-06-11,700,5,1,1108,1,5864510,5864510,Campo,Tarjeta débito,USD,2024,6
7922,2024-08-21,820,1,4,1202,4,3584360,14337440,Mostrador,Cheque,ARS,2024,8
7923,2023-07-15,194,37,3,1202,2,1757550,3515100,Online,Transferencia,USD,2023,7
7924,2023-03-29,260,29,3,1181,5,39820,199100,Online,Tarjeta débito,ARS,2023,3
7925,2024-12-15,488,2,1,1218,5,158110,790550,Online,Cheque,ARS,2024,12
7926,2023-10-13,191,6,4,1243,1,193290,193290,Online,Cheque,ARS,2023,10
7927,2024-11-21,289,47,1,1178,2,240720,481440,Campo,Transferencia,ARS,2024,11
7928,2024-11-24,106,19,1,1061,2,296600,593200,Campo,Tarjeta crédito,USD,2024,11
7929,2024-10-26,641,16,1,1036,3,156620,469860,Online,Transferencia,USD,2024,10
7930,2023-07-05,97,9,4,1046,3,368430,1105290,Online,Tarjeta crédito,ARS,2023,7
7931,2024-11-13,996,53,4,1095,3,244480,733440,Online,Tarjeta crédito,ARS,2024,11
7932,2024-10-22,576,8,2,1079,1,439420,439420,Online,Transferencia,ARS,2024,10
7933,2024-04-16,640,41,3,1044,4,4116050,16464200,Campo,Tarjeta débito,ARS,2024,4
7934,2023-11-17,223,43,1,1062,2,4623750,9247500,Campo,Transferencia,USD,2023,11
7935,2023-10-15,293,46,4,1226,1,1900300,1900300,Online,Transferencia,ARS,2023,10
7936,2023-05-14,382,9,4,1146,1,292930,292930,Teléfono,Transferencia,USD,2023,5
7937,2024-01-12,838,17,3,1269,5,176660,883300,Campo,Transferencia,ARS,2024,1
7938,2024-04-04,903,56,2,1013,5,146450,732250,Teléfono,Cheque,ARS,2024,4
7939,2023-11-23,104,4,4,1025,4,40360,161440,Campo,Efectivo,USD,2023,11
7940,2023-12-25,152,38,4,1261,4,2527930,10111720,Teléfono,Cheque,USD,2023,12
7941,2023-11-24,114,60,3,1128,1,5046420,5046420,Online,Cheque,USD,2023,11
7942,2024-06-04,508,20,1,1039,4,2643340,10573360,Mostrador,Tarjeta crédito,USD,2024,6
7943,2024-12-04,964,31,3,1157,1,5200850,5200850,Online,Efectivo,USD,2024,12
7944,2023-06-29,55,18,3,1185,3,4976950,14930850,Online,Efectivo,USD,2023,6
7945,2023-11-29,121,2,1,1174,3,53420,160260,Mostrador,Cheque,ARS,2023,11
7946,2023-06-04,217,21,1,1186,1,136450,136450,Mostrador,Cheque,USD,2023,6
7947,2024-05-17,635,5,1,1281,1,424740,424740,Mostrador,Efectivo,ARS,2024,5
7948,2024-09-08,3,41,3,1074,1,169250,169250,Mostrador,Cheque,ARS,2024,9
7949,2024-12-13,92,14,1,1295,2,6233610,12467220,Teléfono,Tarjeta crédito,ARS,2024,12
7950,2023-11-01,164,21,1,1016,3,267730,803190,Mostrador,Tarjeta débito,USD,2023,11
7951,2024-12-18,441,9,4,1188,1,109760,109760,Online,Efectivo,ARS,2024,12
7952,2023-03-11,119,28,2,1172,1,230220,230220,Mostrador,Cheque,USD,2023,3
7953,2024-04-23,432,30,1,1186,1,4138500,4138500,Online,Tarjeta débito,ARS,2024,4
7954,2023-03-04,397,35,1,1032,5,104440,522200,Campo,Transferencia,ARS,2023,3
7955,2024-12-02,61,27,4,1063,1,57940,57940,Teléfono,Efectivo,ARS,2024,12
7956,2024-02-03,726,38,4,1128,3,4786210,14358630,Mostrador,Tarjeta débito,USD,2024,2
7957,2024-07-05,473,43,1,1085,1,311940,311940,Mostrador,Transferencia,ARS,2024,7
7958,2024-11-15,247,27,4,1017,2,1515040,3030080,Online,Tarjeta débito,ARS,2024,11
7959,2023-06-14,235,2,1,1189,1,2685830,2685830,Mostrador,Tarjeta débito,ARS,2023,6
7960,2023-02-12,357,1,4,1135,1,118820,118820,Online,Cheque,USD,2023,2
7961,2024-11-28,372,51,1,1026,1,3361440,3361440,Teléfono,Tarjeta crédito,ARS,2024,11
7962,2023-11-11,289,21,1,1131,5,2516650,12583250,Mostrador,Tarjeta débito,USD,2023,11
7963,2023-05-22,78,32,1,1039,1,3791650,3791650,Teléfono,Transferencia,ARS,2023,5
7964,2023-12-23,24,2,1,1193,2,6144410,12288820,Mostrador,Transferencia,ARS,2023,12
7965,2024-04-18,406,54,2,1163,1,68420,68420,Online,Tarjeta débito,ARS,2024,4
7966,2023-02-03,308,4,4,1053,1,377250,377250,Teléfono,Cheque,ARS,2023,2
7967,2023-10-29,101,9,4,1174,3,309250,927750,Campo,Tarjeta crédito,ARS,2023,10
7968,2023-02-05,372,30,1,1196,1,122200,122200,Mostrador,Tarjeta débito,USD,2023,2
7969,2023-12-10,251,20,1,1211,4,263270,1053080,Campo,Cheque,ARS,2023,12
7970,2024-12-03,635,47,1,1278,1,271400,271400,Mostrador,Efectivo,ARS,2024,12
7971,2024-12-27,215,47,1,1188,1,206420,206420,Mostrador,Tarjeta débito,USD,2024,12
7972,2024-05-30,262,41,3,1249,2,5167810,10335620,Teléfono,Tarjeta débito,USD,2024,5
7973,2023-06-27,332,20,1,1258,1,4456710,4456710,Campo,Transferencia,ARS,2023,6
7974,2024-12-06,346,46,4,1214,1,2066530,2066530,Online,Cheque,ARS,2024,12
7975,2024-01-19,413,54,2,1214,1,66050,66050,Teléfono,Transferencia,USD,2024,1
7976,2023-06-18,123,20,1,1029,1,138990,138990,Mostrador,Tarjeta débito,USD,2023,6
7977,2024-12-10,764,28,2,1171,5,27130,135650,Campo,Tarjeta débito,USD,2024,12
7978,2024-10-09,320,2,1,1122,5,2148940,10744700,Mostrador,Efectivo,USD,2024,10
7979,2024-09-11,910,16,1,1159,1,332600,332600,Teléfono,Cheque,ARS,2024,9
7980,2024-08-17,337,33,4,1086,1,2107630,2107630,Teléfono,Efectivo,ARS,2024,8
7981,2023-08-08,158,56,2,1218,2,3068880,6137760,Online,Transferencia,ARS,2023,8
7982,2023-08-20,327,43,1,1004,5,87260,436300,Online,Transferencia,ARS,2023,8
7983,2024-07-26,661,27,4,1002,5,358350,1791750,Campo,Tarjeta débito,USD,2024,7
7984,2023-08-30,65,51,1,1133,3,2382730,7148190,Online,Transferencia,USD,2023,8
7985,2023-12-15,369,27,4,1218,4,57040,228160,Teléfono,Tarjeta débito,ARS,2023,12
7986,2024-11-02,870,8,2,1079,3,2818610,8455830,Teléfono,Tarjeta crédito,USD,2024,11
7987,2024-11-02,4,7,2,1147,1,123090,123090,Online,Transferencia,ARS,2024,11
7988,2023-12-19,174,9,4,1166,1,3642100,3642100,Campo,Tarjeta crédito,ARS,2023,12
7989,2024-11-05,648,33,4,1068,4,236680,946720,Online,Tarjeta crédito,ARS,2024,11
7990,2024-11-17,914,49,1,1238,5,186220,931100,Online,Tarjeta crédito,USD,2024,11
7991,2024-06-19,756,2,1,1104,2,264130,528260,Online,Efectivo,USD,2024,6
7992,2023-09-08,60,53,4,1276,4,416370,1665480,Campo,Tarjeta crédito,USD,2023,9
7993,2023-10-28,45,5,1,1204,5,2322200,11611000,Mostrador,Efectivo,ARS,2023,10
7994,2023-11-11,72,39,2,1053,5,216880,1084400,Campo,Tarjeta crédito,USD,2023,11
7995,2023-05-09,95,13,4,1107,1,87760,87760,Mostrador,Transferencia,ARS,2023,5
7996,2023-10-27,31,18,3,1055,3,2843310,8529930,Mostrador,Cheque,USD,2023,10
7997,2023-08-18,156,46,4,1246,1,412400,412400,Teléfono,Tarjeta crédito,USD,2023,8
7998,2023-12-19,376,33,4,1164,3,3779070,11337210,Mostrador,Transferencia,ARS,2023,12
7999,2024-12-06,752,46,4,1015,4,3620570,14482280,Teléfono,Efectivo,USD,2024,12
8000,2023-04-25,64,36,4,1001,1,120690,120690,Campo,Tarjeta crédito,USD,2023,4
8001,2024-08-30,421,50,3,1137,1,322800,322800,Teléfono,Transferencia,USD,2024,8
8002,2024-07-24,323,21,1,1151,5,382360,1911800,Online,Transferencia,USD,2024,7
8003,2023-04-16,109,56,2,1180,3,3534760,10604280,Campo,Tarjeta débito,USD,2023,4
8004,2024-12-10,463,57,4,1232,3,336430,1009290,Campo,Cheque,USD,2024,12
8005,2024-03-16,580,1,4,1188,1,4843750,4843750,Mostrador,Cheque,ARS,2024,3
8006,2023-11-24,35,49,1,1018,4,298730,1194920,Teléfono,Tarjeta crédito,USD,2023,11
8007,2024-10-08,251,35,1,1225,1,136230,136230,Campo,Efectivo,ARS,2024,10
8008,2023-10-10,354,9,4,1105,1,315390,315390,Teléfono,Cheque,USD,2023,10
8009,2024-07-31,510,17,3,1206,1,148260,148260,Mostrador,Tarjeta débito,ARS,2024,7
8010,2023-02-13,36,47,1,1186,1,378200,378200,Campo,Cheque,USD,2023,2
8011,2024-11-17,441,18,3,1065,5,82900,414500,Mostrador,Transferencia,ARS,2024,11
8012,2023-12-17,132,57,4,1103,1,32090,32090,Campo,Cheque,USD,2023,12
8013,2024-05-30,817,25,4,1207,1,407850,407850,Campo,Transferencia,ARS,2024,5
8014,2023-08-31,222,57,4,1229,1,162340,162340,Mostrador,Efectivo,ARS,2023,8
8015,2024-07-13,679,14,1,1069,1,4374550,4374550,Campo,Transferencia,USD,2024,7
8016,2024-10-26,274,46,4,1142,1,3849550,3849550,Campo,Tarjeta débito,ARS,2024,10
8017,2023-12-24,60,8,2,1206,4,4552290,18209160,Online,Tarjeta débito,ARS,2023,12
8018,2024-05-09,342,4,4,1174,1,4207750,4207750,Campo,Transferencia,USD,2024,5
8019,2023-12-20,394,51,1,1197,3,3466070,10398210,Online,Cheque,USD,2023,12
8020,2024-12-02,113,20,1,1258,1,2437390,2437390,Mostrador,Cheque,USD,2024,12
8021,2023-12-31,221,28,2,1202,5,5178040,25890200,Online,Tarjeta débito,ARS,2023,12
8022,2024-11-18,791,43,1,1197,2,65560,131120,Teléfono,Efectivo,ARS,2024,11
8023,2024-11-07,68,38,4,1228,3,2596000,7788000,Teléfono,Transferencia,ARS,2024,11
8024,2023-12-07,315,1,4,1271,1,379280,379280,Teléfono,Cheque,USD,2023,12
8025,2023-09-10,346,46,4,1199,1,333190,333190,Campo,Transferencia,USD,2023,9
8026,2023-12-06,263,13,4,1164,1,1779760,1779760,Campo,Transferencia,ARS,2023,12
8027,2024-11-14,781,55,2,1015,2,6261920,12523840,Campo,Efectivo,USD,2024,11
8028,2023-09-07,131,1,4,1286,1,1605100,1605100,Online,Tarjeta crédito,ARS,2023,9
8029,2024-01-28,424,36,4,1039,1,383070,383070,Campo,Efectivo,ARS,2024,1
8030,2024-11-08,267,33,4,1216,2,164300,328600,Mostrador,Transferencia,ARS,2024,11
8031,2023-11-21,208,26,2,1035,1,403830,403830,Teléfono,Tarjeta crédito,USD,2023,11
8032,2024-06-05,212,37,3,1069,1,1741020,1741020,Online,Cheque,ARS,2024,6
8033,2023-09-27,51,1,4,1212,4,286690,1146760,Campo,Cheque,ARS,2023,9
8034,2023-04-30,288,35,1,1046,1,209970,209970,Online,Tarjeta crédito,USD,2023,4
8035,2024-11-05,425,33,4,1248,1,42740,42740,Campo,Tarjeta crédito,ARS,2024,11
8036,2023-04-19,42,13,4,1085,2,380220,760440,Online,Tarjeta débito,ARS,2023,4
8037,2023-10-25,247,7,2,1048,1,4321570,4321570,Campo,Transferencia,ARS,2023,10
8038,2024-11-22,934,4,4,1231,5,4527950,22639750,Teléfono,Efectivo,USD,2024,11
8039,2023-11-20,195,13,4,1067,2,342040,684080,Online,Tarjeta débito,USD,2023,11
8040,2024-12-24,244,24,3,1089,1,134640,134640,Campo,Tarjeta crédito,USD,2024,12
8041,2024-12-26,712,55,2,1219,3,147170,441510,Online,Cheque,USD,2024,12
8042,2023-10-22,358,38,4,1052,1,173630,173630,Teléfono,Cheque,ARS,2023,10
8043,2023-02-14,121,45,2,1022,2,2060970,4121940,Campo,Tarjeta débito,ARS,2023,2
8044,2024-08-13,1000,47,1,1099,3,410160,1230480,Mostrador,Cheque,ARS,2024,8
8045,2023-12-18,334,36,4,1131,2,2456120,4912240,Mostrador,Transferencia,USD,2023,12
8046,2023-04-21,328,4,4,1088,1,5725930,5725930,Campo,Tarjeta crédito,ARS,2023,4
8047,2024-08-16,715,27,4,1136,1,4452070,4452070,Teléfono,Transferencia,USD,2024,8
8048,2023-02-04,106,32,1,1039,1,232590,232590,Campo,Tarjeta débito,USD,2023,2
8049,2024-11-26,762,16,1,1018,1,5018000,5018000,Mostrador,Tarjeta débito,ARS,2024,11
8050,2023-06-02,375,6,4,1105,3,3803840,11411520,Teléfono,Tarjeta débito,ARS,2023,6
8051,2023-05-20,289,52,1,1146,1,63390,63390,Online,Tarjeta débito,ARS,2023,5
8052,2023-07-12,79,38,4,1285,2,5368500,10737000,Mostrador,Efectivo,USD,2023,7
8053,2024-12-21,165,57,4,1224,3,3562170,10686510,Online,Cheque,ARS,2024,12
8054,2024-07-31,846,33,4,1117,3,4980560,14941680,Campo,Tarjeta crédito,ARS,2024,7
8055,2024-11-07,631,52,1,1001,1,4674820,4674820,Teléfono,Efectivo,USD,2024,11
8056,2023-12-04,57,4,4,1117,1,189610,189610,Online,Efectivo,ARS,2023,12
8057,2023-11-17,188,9,4,1026,2,3950810,7901620,Teléfono,Tarjeta débito,ARS,2023,11
8058,2023-09-15,52,47,1,1012,1,5210100,5210100,Teléfono,Cheque,USD,2023,9
8059,2023-12-26,72,43,1,1294,1,200610,200610,Campo,Transferencia,USD,2023,12
8060,2024-02-27,753,16,1,1143,1,200480,200480,Teléfono,Tarjeta débito,USD,2024,2
8061,2024-05-25,324,16,1,1169,4,177660,710640,Teléfono,Transferencia,ARS,2024,5
8062,2023-10-10,100,9,4,1053,1,74230,74230,Online,Tarjeta crédito,ARS,2023,10
8063,2024-12-17,338,6,4,1269,2,103410,206820,Campo,Tarjeta crédito,USD,2024,12
8064,2023-07-06,155,6,4,1248,2,2160580,4321160,Teléfono,Tarjeta débito,USD,2023,7
8065,2024-12-22,59,17,3,1128,2,160100,320200,Mostrador,Tarjeta débito,ARS,2024,12
8066,2023-01-17,275,46,4,1076,3,63170,189510,Online,Tarjeta crédito,ARS,2023,1
8067,2023-12-26,259,32,1,1269,3,2924730,8774190,Mostrador,Tarjeta crédito,ARS,2023,12
8068,2023-11-16,201,53,4,1146,4,45190,180760,Mostrador,Cheque,ARS,2023,11
8069,2023-12-18,295,18,3,1048,1,3926530,3926530,Teléfono,Efectivo,ARS,2023,12
8070,2024-03-19,322,53,4,1199,5,390890,1954450,Mostrador,Efectivo,USD,2024,3
8071,2023-12-14,329,1,4,1071,2,124260,248520,Online,Tarjeta débito,USD,2023,12
8072,2023-12-08,390,40,4,1092,4,3334810,13339240,Mostrador,Efectivo,USD,2023,12
8073,2024-09-12,998,9,4,1209,2,267730,535460,Teléfono,Efectivo,USD,2024,9
8074,2024-07-23,284,38,4,1109,4,81810,327240,Campo,Tarjeta crédito,USD,2024,7
8075,2024-11-16,176,49,1,1167,1,4983510,4983510,Teléfono,Tarjeta débito,USD,2024,11
8076,2023-10-02,98,38,4,1048,3,2896400,8689200,Mostrador,Cheque,ARS,2023,10
8077,2024-04-30,349,18,3,1029,1,443410,443410,Teléfono,Cheque,USD,2024,4
8078,2024-04-03,432,47,1,1176,5,165450,827250,Online,Cheque,USD,2024,4
8079,2023-11-26,182,52,1,1019,1,232970,232970,Teléfono,Tarjeta débito,USD,2023,11
8080,2023-12-28,382,4,4,1047,5,153710,768550,Mostrador,Tarjeta crédito,ARS,2023,12
8081,2023-11-11,272,32,1,1133,1,173630,173630,Online,Tarjeta débito,USD,2023,11
8082,2023-06-05,35,28,2,1060,1,2721970,2721970,Teléfono,Cheque,ARS,2023,6
8083,2023-08-23,331,40,4,1176,1,3297010,3297010,Online,Tarjeta crédito,USD,2023,8
8084,2023-04-26,363,36,4,1255,1,95110,95110,Online,Efectivo,ARS,2023,4
8085,2024-07-20,599,6,4,1229,5,73980,369900,Teléfono,Efectivo,ARS,2024,7
8086,2024-06-25,158,22,2,1147,1,368600,368600,Teléfono,Cheque,USD,2024,6
8087,2024-12-18,432,30,1,1298,2,3455140,6910280,Online,Tarjeta crédito,USD,2024,12
8088,2024-09-09,325,52,1,1103,1,2097980,2097980,Campo,Tarjeta débito,USD,2024,9
8089,2023-02-27,116,47,1,1239,1,1663640,1663640,Teléfono,Tarjeta débito,ARS,2023,2
8090,2024-11-30,520,14,1,1201,1,5769900,5769900,Teléfono,Efectivo,ARS,2024,11
8091,2024-11-24,619,9,4,1188,4,146450,585800,Online,Tarjeta crédito,USD,2024,11
8092,2023-12-16,107,12,3,1119,3,236680,710040,Mostrador,Transferencia,USD,2023,12
8093,2024-04-04,626,52,1,1226,1,5621470,5621470,Campo,Tarjeta crédito,ARS,2024,4
8094,2024-12-25,435,16,1,1209,1,281450,281450,Mostrador,Tarjeta débito,ARS,2024,12
8095,2024-02-05,522,8,2,1075,4,1947940,7791760,Campo,Tarjeta débito,USD,2024,2
8096,2024-12-06,796,45,2,1183,5,407850,2039250,Mostrador,Transferencia,USD,2024,12
8097,2023-04-02,60,47,1,1087,2,229930,459860,Campo,Transferencia,ARS,2023,4
8098,2023-07-29,266,36,4,1271,4,196830,787320,Campo,Efectivo,ARS,2023,7
8099,2023-12-15,398,32,1,1180,1,138990,138990,Campo,Efectivo,ARS,2023,12
8100,2024-04-03,102,15,1,1245,1,276480,276480,Teléfono,Efectivo,ARS,2024,4
8101,2024-11-11,63,14,1,1131,3,136060,408180,Online,Tarjeta débito,USD,2024,11
8102,2024-12-28,997,12,3,1007,1,211560,211560,Campo,Tarjeta débito,ARS,2024,12
8103,2023-12-01,175,47,1,1269,2,2998050,5996100,Online,Transferencia,USD,2023,12
8104,2023-02-22,197,47,1,1013,1,170580,170580,Teléfono,Transferencia,ARS,2023,2
8105,2024-11-07,824,20,1,1226,5,115110,575550,Online,Cheque,ARS,2024,11
8106,2024-04-25,902,60,3,1266,1,206070,206070,Campo,Tarjeta débito,ARS,2024,4
8107,2023-08-06,222,35,1,1242,3,370540,1111620,Campo,Tarjeta crédito,ARS,2023,8
8108,2023-12-30,190,35,1,1180,5,118190,590950,Campo,Tarjeta débito,USD,2023,12
8109,2024-09-23,640,5,1,1180,1,249970,249970,Online,Transferencia,USD,2024,9
8110,2024-10-24,945,52,1,1126,1,5334380,5334380,Online,Tarjeta crédito,ARS,2024,10
8111,2024-01-01,334,54,2,1283,1,4900480,4900480,Online,Cheque,USD,2024,1
8112,2023-11-08,395,16,1,1190,1,58690,58690,Teléfono,Tarjeta crédito,USD,2023,11
8113,2024-12-24,558,30,1,1016,1,126780,126780,Mostrador,Cheque,ARS,2024,12
8114,2024-06-28,581,59,2,1068,2,71710,143420,Online,Tarjeta débito,ARS,2024,6
8115,2023-12-06,301,19,1,1021,4,399990,1599960,Campo,Tarjeta débito,USD,2023,12
8116,2023-11-01,351,52,1,1016,3,139170,417510,Mostrador,Efectivo,USD,2023,11
8117,2024-09-11,876,14,1,1269,3,180630,541890,Teléfono,Tarjeta crédito,USD,2024,9
8118,2023-09-23,58,6,4,1033,1,6004570,6004570,Online,Efectivo,ARS,2023,9
8119,2023-07-08,216,53,4,1182,1,4289090,4289090,Mostrador,Tarjeta crédito,ARS,2023,7
8120,2024-02-03,115,27,4,1069,1,98420,98420,Campo,Cheque,ARS,2024,2
8121,2023-11-04,10,6,4,1052,5,2426320,12131600,Online,Cheque,ARS,2023,11
8122,2024-05-21,909,38,4,1065,1,5079250,5079250,Mostrador,Efectivo,ARS,2024,5
8123,2023-05-10,367,6,4,1300,1,157380,157380,Campo,Tarjeta débito,ARS,2023,5
8124,2024-06-19,269,29,3,1226,1,120870,120870,Campo,Cheque,ARS,2024,6
8125,2023-11-02,292,14,1,1228,1,4964440,4964440,Teléfono,Efectivo,USD,2023,11
8126,2023-01-01,86,21,1,1222,4,357290,1429160,Mostrador,Tarjeta débito,USD,2023,1
8127,2023-05-20,384,1,4,1272,4,276200,1104800,Online,Transferencia,USD,2023,5
8128,2024-12-13,969,57,4,1018,1,267880,267880,Mostrador,Transferencia,USD,2024,12
8129,2024-11-25,378,56,2,1218,1,356220,356220,Campo,Transferencia,USD,2024,11
8130,2023-09-14,147,33,4,1273,1,122200,122200,Online,Efectivo,ARS,2023,9
8131,2024-11-01,118,55,2,1249,5,3701480,18507400,Mostrador,Efectivo,USD,2024,11
8132,2024-04-29,135,5,1,1173,2,124680,249360,Teléfono,Tarjeta débito,USD,2024,4
8133,2024-12-24,527,15,1,1056,4,274010,1096040,Mostrador,Tarjeta débito,ARS,2024,12
8134,2023-11-27,337,39,2,1128,1,156330,156330,Campo,Tarjeta débito,ARS,2023,11
8135,2024-07-18,814,19,1,1009,1,169250,169250,Campo,Efectivo,USD,2024,7
8136,2023-03-11,206,46,4,1283,1,317990,317990,Teléfono,Transferencia,USD,2023,3
8137,2023-12-03,233,36,4,1293,1,2132520,2132520,Teléfono,Tarjeta débito,USD,2023,12
8138,2024-12-22,816,57,4,1022,5,3117030,15585150,Mostrador,Transferencia,USD,2024,12
8139,2024-02-13,66,21,1,1072,1,2957210,2957210,Mostrador,Efectivo,USD,2024,2
8140,2023-11-03,4,4,4,1104,2,4902750,9805500,Teléfono,Cheque,USD,2023,11
8141,2023-05-12,3,47,1,1172,1,251920,251920,Online,Tarjeta débito,USD,2023,5
8142,2024-08-11,259,15,1,1123,3,5686230,17058690,Online,Tarjeta crédito,USD,2024,8
8143,2024-06-08,715,1,4,1091,4,3528880,14115520,Online,Tarjeta débito,USD,2024,6
8144,2023-11-27,325,20,1,1224,1,74420,74420,Mostrador,Tarjeta crédito,USD,2023,11
8145,2024-12-18,240,51,1,1292,4,235240,940960,Teléfono,Transferencia,USD,2024,12
8146,2023-01-25,93,15,1,1252,5,1463970,7319850,Online,Cheque,ARS,2023,1
8147,2023-11-08,284,33,4,1298,1,194560,194560,Campo,Transferencia,ARS,2023,11
8148,2024-12-10,535,5,1,1256,2,6275220,12550440,Teléfono,Efectivo,ARS,2024,12
8149,2023-11-13,286,50,3,1013,1,146450,146450,Teléfono,Tarjeta crédito,ARS,2023,11
8150,2023-10-04,318,24,3,1226,1,153980,153980,Online,Cheque,ARS,2023,10
8151,2024-02-08,599,4,4,1118,5,132880,664400,Teléfono,Efectivo,ARS,2024,2
8152,2024-11-13,51,40,4,1178,1,2516650,2516650,Mostrador,Efectivo,ARS,2024,11
8153,2023-04-24,297,21,1,1249,1,25950,25950,Online,Tarjeta débito,USD,2023,4
8154,2024-12-16,470,47,1,1161,1,307130,307130,Mostrador,Efectivo,USD,2024,12
8155,2024-11-05,832,47,1,1095,2,78070,156140,Campo,Tarjeta débito,USD,2024,11
8156,2023-07-18,43,2,1,1084,1,232590,232590,Online,Transferencia,ARS,2023,7
8157,2024-08-21,204,53,4,1168,3,4972510,14917530,Campo,Efectivo,ARS,2024,8
8158,2023-11-30,347,5,1,1087,5,73650,368250,Online,Efectivo,ARS,2023,11
8159,2023-12-05,58,16,1,1003,1,430330,430330,Mostrador,Transferencia,USD,2023,12
8160,2024-11-02,59,1,4,1016,2,4372120,8744240,Campo,Tarjeta crédito,USD,2024,11
8161,2024-12-21,680,46,4,1130,5,85420,427100,Mostrador,Tarjeta débito,USD,2024,12
8162,2023-05-19,174,13,4,1023,1,181220,181220,Teléfono,Tarjeta crédito,USD,2023,5
8163,2023-12-10,318,13,4,1098,3,1545240,4635720,Teléfono,Tarjeta crédito,ARS,2023,12
8164,2023-12-26,372,27,4,1158,2,3353150,6706300,Campo,Transferencia,ARS,2023,12
8165,2023-11-28,207,4,4,1239,1,3994480,3994480,Teléfono,Cheque,USD,2023,11
8166,2023-11-24,111,5,1,1010,4,2377880,9511520,Campo,Tarjeta débito,USD,2023,11
8167,2023-02-27,23,46,4,1066,2,314220,628440,Mostrador,Cheque,USD,2023,2
8168,2024-07-23,428,37,3,1022,1,445750,445750,Online,Tarjeta débito,USD,2024,7
8169,2023-12-14,233,47,1,1249,1,159870,159870,Teléfono,Tarjeta débito,USD,2023,12
8170,2023-08-02,275,32,1,1184,1,50820,50820,Mostrador,Tarjeta débito,ARS,2023,8
8171,2024-11-11,684,6,4,1217,2,5056440,10112880,Campo,Tarjeta crédito,USD,2024,11
8172,2024-11-07,11,53,4,1214,1,74700,74700,Online,Tarjeta débito,ARS,2024,11
8173,2023-12-28,60,47,1,1285,3,2132520,6397560,Mostrador,Cheque,ARS,2023,12
8174,2023-11-06,232,21,1,1158,5,5004940,25024700,Campo,Cheque,USD,2023,11
8175,2024-05-31,747,6,4,1210,1,2959640,2959640,Campo,Tarjeta débito,USD,2024,5
8176,2023-11-04,3,38,4,1133,1,194750,194750,Campo,Cheque,ARS,2023,11
8177,2023-09-16,144,15,1,1053,1,164270,164270,Teléfono,Efectivo,ARS,2023,9
8178,2024-09-10,992,49,1,1229,1,166720,166720,Teléfono,Tarjeta débito,USD,2024,9
8179,2023-02-14,230,60,3,1183,1,330370,330370,Online,Tarjeta crédito,USD,2023,2
8180,2023-04-14,9,2,1,1023,1,5388330,5388330,Mostrador,Cheque,ARS,2023,4
8181,2023-01-08,297,36,4,1106,1,336560,336560,Mostrador,Efectivo,ARS,2023,1
8182,2023-06-17,294,51,1,1091,4,379480,1517920,Campo,Cheque,USD,2023,6
8183,2023-03-17,325,43,1,1119,1,2946430,2946430,Campo,Tarjeta crédito,USD,2023,3
8184,2024-12-30,193,19,1,1138,1,4684590,4684590,Campo,Transferencia,USD,2024,12
8185,2023-11-04,291,16,1,1120,1,229610,229610,Online,Cheque,ARS,2023,11
8186,2023-06-13,127,5,1,1161,1,340190,340190,Online,Tarjeta crédito,USD,2023,6
8187,2023-09-22,48,5,1,1208,1,4070360,4070360,Mostrador,Cheque,ARS,2023,9
8188,2024-12-14,107,27,4,1128,4,172550,690200,Mostrador,Transferencia,ARS,2024,12
8189,2024-01-23,264,19,1,1228,1,5218960,5218960,Online,Transferencia,USD,2024,1
8190,2023-11-25,253,46,4,1242,5,152140,760700,Mostrador,Tarjeta crédito,ARS,2023,11
8191,2024-11-27,539,49,1,1155,2,2488850,4977700,Mostrador,Transferencia,USD,2024,11
8192,2023-12-03,9,53,4,1263,3,1765000,5295000,Campo,Cheque,ARS,2023,12
8193,2023-11-16,220,21,1,1155,1,167390,167390,Mostrador,Transferencia,USD,2023,11
8194,2023-08-16,158,14,1,1006,1,2773330,2773330,Campo,Tarjeta crédito,USD,2023,8
8195,2023-11-28,14,11,3,1252,3,1747220,5241660,Teléfono,Efectivo,USD,2023,11
8196,2023-11-11,29,42,3,1286,1,71810,71810,Teléfono,Tarjeta débito,USD,2023,11
8197,2024-07-14,538,13,4,1259,1,212520,212520,Campo,Tarjeta crédito,USD,2024,7
8198,2023-11-04,214,38,4,1157,1,6465950,6465950,Teléfono,Tarjeta crédito,USD,2023,11
8199,2024-03-26,143,9,4,1014,1,3324060,3324060,Mostrador,Tarjeta débito,USD,2024,3
8200,2023-03-14,115,56,2,1077,5,176180,880900,Campo,Transferencia,ARS,2023,3
8201,2023-07-29,329,33,4,1167,1,4081810,4081810,Online,Tarjeta débito,USD,2023,7
8202,2023-12-06,218,24,3,1226,3,137140,411420,Teléfono,Tarjeta crédito,ARS,2023,12
8203,2024-12-14,593,27,4,1220,2,113330,226660,Teléfono,Cheque,ARS,2024,12
8204,2023-11-28,201,4,4,1232,4,168970,675880,Teléfono,Efectivo,USD,2023,11
8205,2024-06-29,67,30,1,1294,1,5552780,5552780,Online,Cheque,ARS,2024,6
8206,2023-10-07,249,35,1,1142,1,3155580,3155580,Campo,Cheque,ARS,2023,10
8207,2023-05-20,144,42,3,1251,1,180630,180630,Campo,Cheque,ARS,2023,5
8208,2023-03-06,141,25,4,1296,4,1779760,7119040,Mostrador,Transferencia,ARS,2023,3
8209,2023-11-08,346,55,2,1140,2,142420,284840,Teléfono,Tarjeta débito,USD,2023,11
8210,2023-06-22,96,40,4,1142,2,2617810,5235620,Mostrador,Tarjeta débito,USD,2023,6
8211,2023-07-10,118,19,1,1129,1,32390,32390,Online,Efectivo,ARS,2023,7
8212,2024-10-13,830,43,1,1119,1,425240,425240,Teléfono,Transferencia,ARS,2024,10
8213,2023-01-18,185,5,1,1032,2,4922750,9845500,Campo,Efectivo,ARS,2023,1
8214,2024-03-04,804,29,3,1018,1,4379210,4379210,Online,Transferencia,ARS,2024,3
8215,2023-11-29,245,1,4,1243,1,5289960,5289960,Teléfono,Tarjeta débito,ARS,2023,11
8216,2024-01-08,982,52,1,1164,1,5609560,5609560,Online,Cheque,USD,2024,1
8217,2024-03-10,380,18,3,1062,1,267800,267800,Mostrador,Tarjeta débito,USD,2024,3
8218,2023-11-10,201,49,1,1096,1,290660,290660,Mostrador,Cheque,USD,2023,11
8219,2023-11-05,278,21,1,1028,1,119450,119450,Online,Transferencia,USD,2023,11
8220,2024-09-13,361,4,4,1230,1,359420,359420,Online,Tarjeta débito,USD,2024,9
8221,2024-11-26,370,14,1,1025,2,198730,397460,Campo,Efectivo,ARS,2024,11
8222,2023-07-31,110,38,4,1175,4,2623850,10495400,Online,Transferencia,USD,2023,7
8223,2023-04-18,212,38,4,1161,3,3331210,9993630,Online,Tarjeta crédito,USD,2023,4
8224,2024-12-03,259,27,4,1030,4,2221230,8884920,Mostrador,Tarjeta débito,USD,2024,12
8225,2023-11-20,164,47,1,1165,4,2377880,9511520,Online,Efectivo,ARS,2023,11
8226,2024-02-26,97,59,2,1208,5,61490,307450,Campo,Efectivo,USD,2024,2
8227,2023-11-23,210,40,4,1102,5,4098100,20490500,Online,Efectivo,USD,2023,11
8228,2023-05-19,36,46,4,1106,1,96390,96390,Mostrador,Cheque,USD,2023,5
8229,2024-04-08,778,1,4,1006,4,4925360,19701440,Teléfono,Transferencia,ARS,2024,4
8230,2024-01-29,612,16,1,1069,1,266860,266860,Campo,Cheque,USD,2024,1
8231,2023-08-11,21,35,1,1008,1,350210,350210,Teléfono,Tarjeta crédito,ARS,2023,8
8232,2023-12-18,217,23,3,1123,3,81960,245880,Online,Efectivo,ARS,2023,12
8233,2024-11-06,433,53,4,1101,4,4028400,16113600,Campo,Cheque,USD,2024,11
8234,2024-04-09,616,32,1,1001,4,3523250,14093000,Teléfono,Tarjeta crédito,USD,2024,4
8235,2023-04-17,371,32,1,1007,2,3172280,6344560,Campo,Tarjeta crédito,USD,2023,4
8236,2024-02-23,393,53,4,1228,3,4561650,13684950,Campo,Cheque,USD,2024,2
8237,2024-08-10,624,20,1,1111,4,47550,190200,Campo,Cheque,USD,2024,8
8238,2024-11-05,219,14,1,1298,4,3230950,12923800,Campo,Tarjeta débito,ARS,2024,11
8239,2024-05-22,504,49,1,1186,4,5384640,21538560,Mostrador,Cheque,ARS,2024,5
8240,2023-06-17,120,20,1,1216,3,386060,1158180,Teléfono,Tarjeta crédito,USD,2023,6
8241,2024-08-19,761,60,3,1298,2,349320,698640,Teléfono,Transferencia,ARS,2024,8
8242,2024-07-14,847,35,1,1123,1,76770,76770,Campo,Tarjeta crédito,ARS,2024,7
8243,2023-01-27,96,15,1,1201,1,5332890,5332890,Online,Cheque,ARS,2023,1
8244,2023-12-07,188,51,1,1008,1,158020,158020,Campo,Cheque,USD,2023,12
8245,2023-11-16,364,20,1,1064,1,49870,49870,Campo,Efectivo,ARS,2023,11
8246,2024-07-05,375,12,3,1136,1,116770,116770,Mostrador,Cheque,USD,2024,7
8247,2023-08-26,144,2,1,1186,1,351250,351250,Campo,Cheque,USD,2023,8
8248,2024-04-10,540,12,3,1127,1,199390,199390,Online,Tarjeta débito,ARS,2024,4
8249,2024-12-08,499,5,1,1049,1,323750,323750,Online,Transferencia,ARS,2024,12
8250,2024-11-06,6,15,1,1166,2,161670,323340,Mostrador,Efectivo,USD,2024,11
8251,2024-12-10,317,21,1,1127,1,300780,300780,Online,Tarjeta crédito,ARS,2024,12
8252,2024-12-26,774,21,1,1218,1,259530,259530,Mostrador,Cheque,ARS,2024,12
8253,2023-01-12,230,13,4,1066,1,4993100,4993100,Online,Tarjeta débito,ARS,2023,1
8254,2024-05-15,122,8,2,1177,1,5041790,5041790,Mostrador,Cheque,USD,2024,5
8255,2023-12-08,194,27,4,1203,1,95550,95550,Campo,Efectivo,ARS,2023,12
8256,2024-11-23,617,14,1,1157,1,3709990,3709990,Mostrador,Efectivo,ARS,2024,11
8257,2023-10-04,199,19,1,1131,1,200610,200610,Online,Tarjeta débito,ARS,2023,10
8258,2024-12-26,475,30,1,1219,2,162220,324440,Online,Cheque,USD,2024,12
8259,2024-05-05,574,53,4,1285,1,157280,157280,Mostrador,Cheque,USD,2024,5
8260,2024-11-05,796,52,1,1289,5,134380,671900,Mostrador,Tarjeta débito,USD,2024,11
8261,2023-04-04,80,16,1,1028,2,4427560,8855120,Teléfono,Cheque,USD,2023,4
8262,2023-07-21,175,30,1,1083,4,2891140,11564560,Mostrador,Transferencia,ARS,2023,7
8263,2024-10-10,521,15,1,1112,4,2568600,10274400,Mostrador,Cheque,USD,2024,10
8264,2023-01-25,180,36,4,1154,1,81160,81160,Online,Tarjeta débito,ARS,2023,1
8265,2024-11-11,271,7,2,1029,1,365680,365680,Campo,Tarjeta crédito,USD,2024,11
8266,2023-01-16,162,9,4,1213,1,330080,330080,Mostrador,Tarjeta crédito,ARS,2023,1
8267,2024-06-21,788,50,3,1102,5,6134380,30671900,Teléfono,Cheque,ARS,2024,6
8268,2023-11-25,206,55,2,1214,3,1974750,5924250,Online,Efectivo,ARS,2023,11
8269,2024-05-02,572,49,1,1287,1,437460,437460,Mostrador,Tarjeta crédito,USD,2024,5
8270,2024-08-03,186,60,3,1155,1,145690,145690,Campo,Cheque,ARS,2024,8
8271,2023-11-18,75,43,1,1200,4,4813170,19252680,Teléfono,Tarjeta crédito,ARS,2023,11
8272,2023-04-29,94,52,1,1168,1,245680,245680,Mostrador,Transferencia,USD,2023,4
8273,2023-03-18,67,42,3,1238,1,97550,97550,Teléfono,Tarjeta crédito,ARS,2023,3
8274,2024-04-08,514,36,4,1159,1,6256420,6256420,Campo,Tarjeta crédito,USD,2024,4
8275,2024-01-24,178,33,4,1193,1,300020,300020,Mostrador,Transferencia,ARS,2024,1
8276,2024-09-23,654,33,4,1167,4,2012510,8050040,Mostrador,Tarjeta débito,USD,2024,9
8277,2024-01-12,952,49,1,1226,4,221090,884360,Online,Tarjeta crédito,USD,2024,1
8278,2023-12-10,44,51,1,1251,1,104030,104030,Teléfono,Cheque,USD,2023,12
8279,2023-12-04,174,52,1,1280,3,148250,444750,Mostrador,Cheque,ARS,2023,12
8280,2023-01-30,390,27,4,1221,1,4794650,4794650,Online,Transferencia,USD,2023,1
8281,2023-11-17,392,36,4,1023,5,181940,909700,Teléfono,Tarjeta débito,ARS,2023,11
8282,2024-12-25,295,51,1,1189,4,107440,429760,Online,Transferencia,ARS,2024,12
8283,2024-11-27,231,35,1,1272,4,31760,127040,Online,Tarjeta débito,ARS,2024,11
8284,2023-11-15,236,55,2,1027,3,4783670,14351010,Teléfono,Tarjeta débito,ARS,2023,11
8285,2024-04-06,93,53,4,1210,1,338100,338100,Online,Tarjeta crédito,USD,2024,4
8286,2024-11-20,487,22,2,1035,1,2466760,2466760,Online,Cheque,ARS,2024,11
8287,2023-12-16,44,20,1,1198,1,146690,146690,Online,Transferencia,ARS,2023,12
8288,2023-01-20,27,25,4,1174,2,3809250,7618500,Campo,Transferencia,ARS,2023,1
8289,2023-03-23,272,13,4,1218,2,43790,87580,Teléfono,Tarjeta crédito,USD,2023,3
8290,2024-01-12,475,51,1,1056,2,2255180,4510360,Online,Efectivo,ARS,2024,1
8291,2024-12-23,39,36,4,1152,3,4618440,13855320,Online,Transferencia,ARS,2024,12
8292,2024-07-31,1000,26,2,1038,2,37320,74640,Teléfono,Tarjeta crédito,USD,2024,7
8293,2023-03-19,385,14,1,1198,3,114390,343170,Campo,Efectivo,USD,2023,3
8294,2023-07-27,289,59,2,1009,2,2660270,5320540,Online,Tarjeta débito,ARS,2023,7
8295,2024-10-25,248,40,4,1178,5,3534760,17673800,Teléfono,Tarjeta débito,ARS,2024,10
8296,2024-11-18,562,58,3,1164,1,3349270,3349270,Campo,Cheque,ARS,2024,11
8297,2024-05-09,359,5,1,1176,1,4298950,4298950,Mostrador,Tarjeta débito,ARS,2024,5
8298,2024-06-07,438,1,4,1261,1,4417730,4417730,Campo,Tarjeta débito,ARS,2024,6
8299,2023-02-01,283,14,1,1084,2,1782370,3564740,Online,Cheque,USD,2023,2
8300,2024-11-14,209,33,4,1139,1,274640,274640,Teléfono,Tarjeta débito,ARS,2024,11
8301,2024-11-03,124,41,3,1242,3,74210,222630,Online,Cheque,USD,2024,11
8302,2023-10-12,342,19,1,1116,1,318190,318190,Mostrador,Tarjeta débito,ARS,2023,10
8303,2024-08-17,761,5,1,1155,1,55220,55220,Online,Transferencia,USD,2024,8
8304,2023-08-24,284,33,4,1221,1,2399250,2399250,Online,Tarjeta crédito,USD,2023,8
8305,2023-02-14,151,52,1,1135,2,113510,227020,Teléfono,Cheque,ARS,2023,2
8306,2023-08-09,64,17,3,1188,5,49870,249350,Online,Tarjeta crédito,ARS,2023,8
8307,2023-07-15,241,56,2,1178,5,308720,1543600,Online,Tarjeta débito,ARS,2023,7
8308,2023-11-17,167,9,4,1067,4,4498970,17995880,Mostrador,Tarjeta débito,ARS,2023,11
8309,2023-12-09,240,7,2,1069,2,4116050,8232100,Campo,Tarjeta débito,USD,2023,12
8310,2024-01-10,561,43,1,1077,1,35870,35870,Teléfono,Tarjeta crédito,USD,2024,1
8311,2023-12-25,187,47,1,1012,5,158390,791950,Mostrador,Transferencia,USD,2023,12
8312,2023-10-24,148,1,4,1283,4,266860,1067440,Campo,Tarjeta débito,USD,2023,10
8313,2023-02-02,189,26,2,1246,1,350300,350300,Teléfono,Tarjeta crédito,USD,2023,2
8314,2024-04-25,623,43,1,1237,1,50140,50140,Campo,Efectivo,USD,2024,4
8315,2023-12-03,384,53,4,1252,1,243310,243310,Mostrador,Cheque,USD,2023,12
8316,2023-11-06,265,36,4,1207,4,1784150,7136600,Online,Transferencia,ARS,2023,11
8317,2024-11-25,501,32,1,1143,1,379580,379580,Campo,Tarjeta débito,ARS,2024,11
8318,2024-09-28,279,38,4,1108,4,272110,1088440,Campo,Transferencia,USD,2024,9
8319,2024-11-22,749,25,4,1209,1,1599940,1599940,Campo,Efectivo,USD,2024,11
8320,2023-12-30,391,2,1,1026,4,240810,963240,Mostrador,Efectivo,ARS,2023,12
8321,2023-05-24,159,43,1,1249,5,223530,1117650,Campo,Tarjeta débito,USD,2023,5
8322,2024-08-03,60,33,4,1293,3,189470,568410,Teléfono,Efectivo,USD,2024,8
8323,2023-08-15,317,46,4,1113,1,86330,86330,Teléfono,Transferencia,USD,2023,8
8324,2023-12-16,75,30,1,1015,1,265230,265230,Campo,Cheque,ARS,2023,12
8325,2023-03-13,228,52,1,1127,1,3507470,3507470,Mostrador,Transferencia,USD,2023,3
8326,2024-11-14,666,5,1,1083,1,29790,29790,Online,Efectivo,USD,2024,11
8327,2023-05-19,356,58,3,1065,1,228130,228130,Mostrador,Cheque,ARS,2023,5
8328,2024-12-05,466,52,1,1003,1,353650,353650,Campo,Tarjeta crédito,USD,2024,12
8329,2024-11-24,822,19,1,1236,2,351000,702000,Teléfono,Cheque,USD,2024,11
8330,2023-12-22,287,27,4,1129,4,6042390,24169560,Mostrador,Tarjeta crédito,USD,2023,12
8331,2024-09-25,753,40,4,1247,5,376800,1884000,Campo,Cheque,USD,2024,9
8332,2024-05-11,227,59,2,1235,1,1890070,1890070,Mostrador,Efectivo,USD,2024,5
8333,2024-11-07,169,2,1,1030,1,38110,38110,Mostrador,Cheque,ARS,2024,11
8334,2023-12-13,284,49,1,1071,1,3953500,3953500,Campo,Efectivo,USD,2023,12
8335,2024-11-03,858,35,1,1148,1,335860,335860,Mostrador,Efectivo,USD,2024,11
8336,2023-12-21,262,13,4,1093,1,2016290,2016290,Campo,Cheque,USD,2023,12
8337,2024-12-15,802,40,4,1283,1,73650,73650,Online,Efectivo,ARS,2024,12
8338,2023-12-28,348,35,1,1217,2,5654830,11309660,Teléfono,Tarjeta crédito,USD,2023,12
8339,2023-12-21,364,16,1,1238,3,4169450,12508350,Campo,Transferencia,ARS,2023,12
8340,2024-11-03,521,22,2,1227,1,128890,128890,Online,Efectivo,ARS,2024,11
8341,2024-11-13,861,10,3,1219,1,232720,232720,Mostrador,Tarjeta débito,ARS,2024,11
8342,2024-03-01,98,7,2,1155,1,2669090,2669090,Mostrador,Efectivo,ARS,2024,3
8343,2023-07-17,12,25,4,1181,1,4318360,4318360,Teléfono,Tarjeta crédito,ARS,2023,7
8344,2023-12-23,272,27,4,1031,2,4693720,9387440,Teléfono,Tarjeta crédito,USD,2023,12
8345,2024-12-23,583,8,2,1114,1,287480,287480,Teléfono,Efectivo,USD,2024,12
8346,2024-10-05,927,4,4,1102,1,327660,327660,Campo,Tarjeta débito,ARS,2024,10
8347,2024-11-10,417,13,4,1093,3,4081810,12245430,Teléfono,Transferencia,ARS,2024,11
8348,2023-02-06,135,13,4,1207,1,208570,208570,Campo,Tarjeta crédito,ARS,2023,2
8349,2023-12-23,259,53,4,1229,2,5143410,10286820,Mostrador,Tarjeta débito,ARS,2023,12
8350,2024-06-10,916,14,1,1071,1,3918710,3918710,Mostrador,Cheque,ARS,2024,6
8351,2024-11-15,517,14,1,1109,1,86480,86480,Online,Cheque,ARS,2024,11
8352,2023-02-24,239,1,4,1136,3,336560,1009680,Online,Transferencia,USD,2023,2
8353,2024-11-21,294,6,4,1284,1,162340,162340,Mostrador,Cheque,ARS,2024,11
8354,2024-02-23,847,36,4,1242,4,416790,1667160,Mostrador,Tarjeta débito,USD,2024,2
8355,2023-08-05,99,5,1,1017,1,1961730,1961730,Online,Transferencia,USD,2023,8
8356,2023-11-12,151,60,3,1215,1,137730,137730,Online,Transferencia,ARS,2023,11
8357,2023-11-02,258,30,1,1244,1,4688400,4688400,Online,Cheque,ARS,2023,11
8358,2024-02-04,868,28,2,1095,1,81380,81380,Online,Cheque,USD,2024,2
8359,2023-02-26,149,21,1,1121,2,4421730,8843460,Online,Cheque,ARS,2023,2
8360,2023-06-23,142,35,1,1006,1,4338760,4338760,Online,Transferencia,USD,2023,6
8361,2024-11-10,251,15,1,1268,4,216200,864800,Teléfono,Transferencia,ARS,2024,11
8362,2023-05-26,234,24,3,1087,4,390690,1562760,Online,Efectivo,ARS,2023,5
8363,2023-09-14,395,43,1,1189,1,5019750,5019750,Online,Cheque,USD,2023,9
8364,2023-12-19,132,16,1,1103,3,3949520,11848560,Mostrador,Tarjeta crédito,ARS,2023,12
8365,2024-01-20,47,19,1,1104,1,177660,177660,Mostrador,Tarjeta débito,USD,2024,1
8366,2024-10-16,372,19,1,1291,3,350020,1050060,Teléfono,Tarjeta crédito,USD,2024,10
8367,2023-12-17,94,25,4,1067,2,4411710,8823420,Teléfono,Tarjeta débito,USD,2023,12
8368,2024-11-04,761,5,1,1106,1,5802720,5802720,Mostrador,Transferencia,USD,2024,11
8369,2024-05-10,356,32,1,1248,1,4501410,4501410,Mostrador,Efectivo,USD,2024,5
8370,2023-05-05,20,38,4,1007,4,87450,349800,Campo,Tarjeta débito,USD,2023,5
8371,2023-06-21,180,29,3,1207,5,132010,660050,Teléfono,Tarjeta crédito,ARS,2023,6
8372,2023-12-14,272,27,4,1205,1,278970,278970,Teléfono,Cheque,USD,2023,12
8373,2023-12-03,136,11,3,1155,3,379280,1137840,Campo,Transferencia,USD,2023,12
8374,2024-09-24,749,4,4,1083,2,396300,792600,Teléfono,Tarjeta crédito,ARS,2024,9
8375,2024-03-30,702,15,1,1082,1,275040,275040,Mostrador,Efectivo,USD,2024,3
8376,2023-12-01,212,33,4,1287,1,303600,303600,Teléfono,Tarjeta crédito,USD,2023,12
8377,2023-07-07,64,36,4,1037,4,263140,1052560,Campo,Efectivo,ARS,2023,7
8378,2023-09-06,360,10,3,1213,1,310190,310190,Online,Efectivo,USD,2023,9
8379,2024-03-24,926,58,3,1133,3,290590,871770,Mostrador,Cheque,ARS,2024,3
8380,2023-12-11,164,18,3,1115,1,2582660,2582660,Mostrador,Tarjeta crédito,ARS,2023,12
8381,2024-01-17,389,21,1,1211,1,3839320,3839320,Mostrador,Tarjeta débito,ARS,2024,1
8382,2023-07-07,38,14,1,1132,4,29390,117560,Campo,Efectivo,USD,2023,7
8383,2024-06-28,727,40,4,1154,1,91120,91120,Teléfono,Cheque,USD,2024,6
8384,2024-11-21,531,48,2,1294,1,56110,56110,Campo,Efectivo,USD,2024,11
8385,2023-10-10,254,15,1,1182,1,47930,47930,Mostrador,Cheque,USD,2023,10
8386,2023-12-29,74,13,4,1147,2,152140,304280,Teléfono,Tarjeta crédito,USD,2023,12
8387,2024-12-25,923,56,2,1222,1,3725200,3725200,Teléfono,Cheque,USD,2024,12
8388,2023-11-16,141,20,1,1282,1,136720,136720,Online,Tarjeta crédito,USD,2023,11
8389,2024-04-14,905,57,4,1127,2,1965460,3930920,Campo,Transferencia,ARS,2024,4
8390,2023-04-09,17,40,4,1249,4,299770,1199080,Campo,Efectivo,ARS,2023,4
8391,2024-04-26,607,35,1,1203,2,430440,860880,Mostrador,Tarjeta débito,USD,2024,4
8392,2023-04-09,234,13,4,1118,1,191140,191140,Online,Cheque,USD,2023,4
8393,2024-12-20,940,52,1,1061,4,1750880,7003520,Mostrador,Cheque,USD,2024,12
8394,2024-08-25,301,26,2,1231,4,2841400,11365600,Mostrador,Efectivo,ARS,2024,8
8395,2024-11-03,88,15,1,1150,1,5018840,5018840,Mostrador,Transferencia,ARS,2024,11
8396,2024-08-12,810,11,3,1145,4,137510,550040,Mostrador,Transferencia,ARS,2024,8
8397,2024-04-08,563,30,1,1111,1,287780,287780,Mostrador,Tarjeta débito,USD,2024,4
8398,2023-12-18,245,43,1,1167,1,283680,283680,Mostrador,Tarjeta crédito,USD,2023,12
8399,2024-11-23,467,4,4,1189,3,48710,146130,Teléfono,Tarjeta crédito,USD,2024,11
8400,2024-12-20,442,52,1,1049,1,293300,293300,Online,Transferencia,ARS,2024,12
8401,2023-12-31,113,46,4,1107,1,410390,410390,Teléfono,Tarjeta crédito,USD,2023,12
8402,2024-12-13,442,12,3,1093,2,412550,825100,Online,Cheque,USD,2024,12
8403,2024-04-01,926,33,4,1124,3,5351480,16054440,Campo,Cheque,USD,2024,4
8404,2024-02-12,901,23,3,1255,1,298790,298790,Campo,Efectivo,USD,2024,2
8405,2023-12-19,8,21,1,1140,5,221090,1105450,Campo,Transferencia,ARS,2023,12
8406,2023-08-18,37,15,1,1084,1,3704040,3704040,Teléfono,Tarjeta débito,USD,2023,8
8407,2023-01-05,47,40,4,1011,4,3458040,13832160,Campo,Transferencia,ARS,2023,1
8408,2023-09-22,100,4,4,1171,2,4196450,8392900,Campo,Transferencia,USD,2023,9
8409,2024-01-12,345,20,1,1036,2,274640,549280,Campo,Efectivo,ARS,2024,1
8410,2023-11-29,173,41,3,1130,3,191970,575910,Teléfono,Transferencia,USD,2023,11
8411,2023-12-17,241,48,2,1298,4,6068050,24272200,Mostrador,Efectivo,USD,2023,12
8412,2024-12-26,901,25,4,1061,1,157000,157000,Mostrador,Efectivo,USD,2024,12
8413,2023-11-21,191,27,4,1039,3,333200,999600,Mostrador,Tarjeta débito,USD,2023,11
8414,2023-12-19,342,25,4,1049,1,360190,360190,Online,Tarjeta débito,ARS,2023,12
8415,2023-05-27,234,4,4,1186,1,337740,337740,Campo,Efectivo,USD,2023,5
8416,2023-02-22,281,53,4,1221,1,5658750,5658750,Online,Transferencia,USD,2023,2
8417,2024-10-29,235,30,1,1006,1,201570,201570,Teléfono,Tarjeta débito,USD,2024,10
8418,2024-03-19,126,13,4,1300,1,108280,108280,Teléfono,Transferencia,USD,2024,3
8419,2024-10-13,690,46,4,1175,3,355770,1067310,Mostrador,Transferencia,USD,2024,10
8420,2023-06-14,173,6,4,1279,1,326610,326610,Teléfono,Cheque,USD,2023,6
8421,2024-03-20,372,12,3,1204,2,243310,486620,Mostrador,Cheque,ARS,2024,3
8422,2023-10-06,120,15,1,1096,1,57670,57670,Campo,Efectivo,ARS,2023,10
8423,2023-09-08,30,42,3,1282,1,3155580,3155580,Teléfono,Tarjeta débito,ARS,2023,9
8424,2023-01-13,48,46,4,1135,2,265270,530540,Campo,Efectivo,ARS,2023,1
8425,2023-05-23,179,30,1,1033,1,2053490,2053490,Teléfono,Cheque,USD,2023,5
8426,2023-11-09,94,35,1,1082,1,330370,330370,Campo,Transferencia,USD,2023,11
8427,2023-05-09,55,10,3,1148,4,148650,594600,Teléfono,Tarjeta crédito,USD,2023,5
8428,2024-12-28,748,19,1,1095,2,6212670,12425340,Teléfono,Transferencia,ARS,2024,12
8429,2023-11-09,302,43,1,1170,2,38950,77900,Campo,Tarjeta crédito,ARS,2023,11
8430,2023-05-23,287,49,1,1211,4,141230,564920,Campo,Transferencia,USD,2023,5
8431,2023-08-07,348,27,4,1191,4,4889810,19559240,Campo,Tarjeta débito,USD,2023,8
8432,2024-04-06,586,33,4,1007,1,4561650,4561650,Online,Tarjeta crédito,ARS,2024,4
8433,2023-03-12,312,16,1,1084,1,4005150,4005150,Mostrador,Efectivo,USD,2023,3
8434,2024-11-24,954,33,4,1109,1,5482380,5482380,Campo,Transferencia,USD,2024,11
8435,2024-12-21,122,33,4,1034,2,5978650,11957300,Mostrador,Efectivo,ARS,2024,12
8436,2023-09-28,57,49,1,1051,4,40170,160680,Mostrador,Cheque,ARS,2023,9
8437,2023-12-18,273,15,1,1120,1,293230,293230,Mostrador,Transferencia,ARS,2023,12
8438,2023-01-25,139,29,3,1138,3,5181430,15544290,Online,Efectivo,USD,2023,1
8439,2024-06-03,199,54,2,1106,4,279230,1116920,Campo,Efectivo,USD,2024,6
8440,2023-12-08,209,9,4,1282,2,85740,171480,Online,Transferencia,ARS,2023,12
8441,2023-10-24,273,30,1,1032,1,50730,50730,Mostrador,Transferencia,ARS,2023,10
8442,2023-08-15,361,43,1,1124,1,27300,27300,Mostrador,Transferencia,ARS,2023,8
8443,2024-06-18,650,9,4,1170,4,74160,296640,Online,Cheque,ARS,2024,6
8444,2023-12-09,134,2,1,1012,4,442360,1769440,Mostrador,Transferencia,USD,2023,12
8445,2023-07-17,337,9,4,1168,4,326610,1306440,Campo,Tarjeta crédito,USD,2023,7
8446,2024-07-26,528,5,1,1298,4,133140,532560,Mostrador,Transferencia,ARS,2024,7
8447,2024-03-12,615,19,1,1078,5,251920,1259600,Campo,Cheque,USD,2024,3
8448,2024-11-23,243,47,1,1034,1,411880,411880,Online,Cheque,USD,2024,11
8449,2023-05-09,90,51,1,1209,3,5108850,15326550,Online,Efectivo,USD,2023,5
8450,2024-11-03,516,45,2,1216,1,113690,113690,Mostrador,Efectivo,ARS,2024,11
8451,2024-07-09,62,19,1,1008,5,4713520,23567600,Teléfono,Transferencia,ARS,2024,7
8452,2023-05-07,212,29,3,1225,1,139150,139150,Mostrador,Transferencia,USD,2023,5
8453,2024-08-02,248,37,3,1227,1,375800,375800,Mostrador,Tarjeta débito,USD,2024,8
8454,2023-12-16,192,20,1,1175,4,162140,648560,Mostrador,Tarjeta crédito,ARS,2023,12
8455,2024-12-16,497,46,4,1081,4,441540,1766160,Teléfono,Transferencia,ARS,2024,12
8456,2023-06-05,56,16,1,1282,1,1581800,1581800,Campo,Transferencia,ARS,2023,6
8457,2024-06-06,459,21,1,1057,1,3511330,3511330,Teléfono,Efectivo,USD,2024,6
8458,2023-11-29,289,10,3,1135,2,53320,106640,Campo,Tarjeta débito,ARS,2023,11
8459,2024-12-20,543,8,2,1238,1,46050,46050,Mostrador,Transferencia,ARS,2024,12
8460,2023-11-15,391,55,2,1217,4,184170,736680,Mostrador,Efectivo,ARS,2023,11
8461,2024-12-21,470,21,1,1227,1,2444340,2444340,Online,Transferencia,USD,2024,12
8462,2024-12-04,389,25,4,1026,4,120700,482800,Mostrador,Tarjeta crédito,USD,2024,12
8463,2023-10-24,1,37,3,1187,3,4900480,14701440,Mostrador,Tarjeta crédito,ARS,2023,10
8464,2024-11-08,710,21,1,1118,3,3877420,11632260,Teléfono,Transferencia,ARS,2024,11
8465,2024-12-30,557,19,1,1197,1,321200,321200,Online,Efectivo,ARS,2024,12
8466,2023-10-05,47,36,4,1116,1,49550,49550,Mostrador,Cheque,ARS,2023,10
8467,2023-12-14,222,44,3,1212,2,157450,314900,Teléfono,Tarjeta crédito,ARS,2023,12
8468,2024-01-23,798,14,1,1102,1,176250,176250,Online,Tarjeta débito,ARS,2024,1
8469,2023-11-05,81,30,1,1163,1,1573880,1573880,Teléfono,Cheque,USD,2023,11
8470,2023-01-17,280,32,1,1178,1,2451060,2451060,Mostrador,Transferencia,USD,2023,1
8471,2023-08-30,287,28,2,1280,2,145300,290600,Campo,Transferencia,ARS,2023,8
8472,2023-11-02,284,25,4,1286,2,298410,596820,Teléfono,Tarjeta crédito,USD,2023,11
8473,2023-12-16,388,15,1,1212,4,4988600,19954400,Teléfono,Efectivo,USD,2023,12
8474,2023-07-07,189,14,1,1054,1,1533910,1533910,Online,Tarjeta crédito,USD,2023,7
8475,2024-11-27,551,38,4,1067,1,136230,136230,Teléfono,Cheque,ARS,2024,11
8476,2024-08-13,595,44,3,1032,1,53140,53140,Campo,Efectivo,USD,2024,8
8477,2023-04-04,327,17,3,1251,5,195280,976400,Campo,Efectivo,USD,2023,4
8478,2024-06-14,942,43,1,1008,1,1732910,1732910,Teléfono,Cheque,USD,2024,6
8479,2024-06-18,949,10,3,1215,1,3924120,3924120,Campo,Tarjeta crédito,USD,2024,6
8480,2024-12-19,176,50,3,1046,4,4347240,17388960,Teléfono,Efectivo,USD,2024,12
8481,2023-01-04,9,19,1,1080,1,1725420,1725420,Campo,Tarjeta crédito,USD,2023,1
8482,2023-09-29,278,57,4,1035,1,31430,31430,Teléfono,Efectivo,ARS,2023,9
8483,2024-12-12,383,33,4,1189,1,40940,40940,Teléfono,Cheque,USD,2024,12
8484,2024-12-13,258,57,4,1089,1,176180,176180,Mostrador,Efectivo,ARS,2024,12
8485,2024-08-30,347,22,2,1226,5,1469140,7345700,Campo,Efectivo,USD,2024,8
8486,2024-10-19,272,34,2,1136,1,2755660,2755660,Campo,Transferencia,USD,2024,10
8487,2023-04-11,261,35,1,1034,2,6684510,13369020,Online,Tarjeta débito,USD,2023,4
8488,2024-01-16,396,52,1,1281,1,66390,66390,Online,Tarjeta crédito,USD,2024,1
8489,2023-09-12,180,57,4,1113,1,387040,387040,Online,Tarjeta débito,ARS,2023,9
8490,2023-07-18,154,48,2,1172,1,2752300,2752300,Campo,Transferencia,ARS,2023,7
8491,2024-11-09,527,57,4,1167,1,2203280,2203280,Mostrador,Efectivo,ARS,2024,11
8492,2023-05-29,67,2,1,1043,2,361120,722240,Mostrador,Cheque,ARS,2023,5
8493,2023-12-23,329,22,2,1013,1,3803840,3803840,Mostrador,Transferencia,USD,2023,12
8494,2024-12-15,699,10,3,1174,1,72250,72250,Online,Efectivo,USD,2024,12
8495,2023-07-23,348,56,2,1125,3,5110740,15332220,Campo,Transferencia,USD,2023,7
8496,2024-12-25,935,33,4,1201,5,3200680,16003400,Mostrador,Tarjeta débito,USD,2024,12
8497,2024-12-30,63,36,4,1207,1,71710,71710,Campo,Tarjeta débito,ARS,2024,12
8498,2024-03-02,356,32,1,1298,3,330540,991620,Teléfono,Transferencia,USD,2024,3
8499,2023-07-06,281,19,1,1104,4,436280,1745120,Campo,Tarjeta crédito,USD,2023,7
8500,2023-11-11,41,14,1,1130,4,2841640,11366560,Online,Tarjeta crédito,USD,2023,11
8501,2023-12-11,28,38,4,1040,1,5782300,5782300,Teléfono,Tarjeta crédito,ARS,2023,12
8502,2023-11-09,367,21,1,1023,3,240810,722430,Campo,Tarjeta crédito,USD,2023,11
8503,2023-11-01,277,38,4,1252,5,2470690,12353450,Teléfono,Efectivo,ARS,2023,11
8504,2024-12-24,221,51,1,1164,2,4719260,9438520,Mostrador,Tarjeta crédito,USD,2024,12
8505,2023-06-18,217,10,3,1290,1,4026840,4026840,Campo,Cheque,USD,2023,6
8506,2024-09-13,734,40,4,1202,3,166010,498030,Teléfono,Efectivo,USD,2024,9
8507,2023-01-01,61,39,2,1155,1,87260,87260,Campo,Efectivo,ARS,2023,1
8508,2024-04-16,103,7,2,1055,5,424830,2124150,Mostrador,Transferencia,ARS,2024,4
8509,2024-12-08,185,21,1,1106,1,46840,46840,Mostrador,Tarjeta crédito,ARS,2024,12
8510,2023-11-03,395,43,1,1260,3,5865940,17597820,Campo,Tarjeta crédito,ARS,2023,11
8511,2023-07-23,147,28,2,1200,1,2246500,2246500,Online,Transferencia,USD,2023,7
8512,2024-06-15,75,48,2,1216,5,294260,1471300,Online,Cheque,USD,2024,6
8513,2024-08-21,473,46,4,1217,1,426290,426290,Mostrador,Tarjeta crédito,USD,2024,8
8514,2024-07-25,1,40,4,1047,1,202300,202300,Campo,Efectivo,ARS,2024,7
8515,2023-11-12,365,46,4,1117,1,2440210,2440210,Teléfono,Tarjeta débito,ARS,2023,11
8516,2023-10-04,333,14,1,1212,1,74700,74700,Campo,Tarjeta débito,ARS,2023,10
8517,2024-12-19,674,46,4,1155,1,4623750,4623750,Teléfono,Tarjeta débito,USD,2024,12
8518,2024-12-10,17,20,1,1263,5,4269540,21347700,Teléfono,Tarjeta crédito,USD,2024,12
8519,2023-12-20,243,21,1,1151,2,3539110,7078220,Online,Tarjeta crédito,USD,2023,12
8520,2024-11-19,439,2,1,1212,1,91380,91380,Mostrador,Tarjeta crédito,ARS,2024,11
8521,2023-12-19,367,49,1,1192,1,6233610,6233610,Mostrador,Efectivo,USD,2023,12
8522,2023-12-11,19,19,1,1243,1,367620,367620,Online,Tarjeta débito,ARS,2023,12
8523,2023-06-21,330,55,2,1098,4,364520,1458080,Online,Cheque,USD,2023,6
8524,2023-12-11,59,4,4,1029,4,331210,1324840,Teléfono,Tarjeta débito,ARS,2023,12
8525,2024-02-11,713,21,1,1189,4,120170,480680,Campo,Efectivo,USD,2024,2
8526,2023-01-25,115,25,4,1172,1,59320,59320,Mostrador,Tarjeta crédito,USD,2023,1
8527,2023-12-16,203,35,1,1197,5,71710,358550,Teléfono,Transferencia,ARS,2023,12
8528,2024-11-02,806,51,1,1155,2,280420,560840,Campo,Tarjeta débito,USD,2024,11
8529,2024-07-17,543,55,2,1140,4,4279730,17118920,Mostrador,Cheque,ARS,2024,7
8530,2024-05-28,194,46,4,1293,3,5131880,15395640,Campo,Efectivo,USD,2024,5
8531,2024-12-07,472,14,1,1290,2,98420,196840,Online,Tarjeta débito,USD,2024,12
8532,2023-01-20,106,15,1,1256,4,27130,108520,Online,Cheque,USD,2023,1
8533,2024-03-04,879,39,2,1164,3,168280,504840,Campo,Tarjeta crédito,ARS,2024,3
8534,2024-11-03,965,30,1,1134,3,40940,122820,Mostrador,Tarjeta crédito,USD,2024,11
8535,2024-02-15,818,40,4,1214,1,4755580,4755580,Online,Tarjeta débito,USD,2024,2
8536,2023-11-13,126,54,2,1266,1,2880170,2880170,Teléfono,Efectivo,ARS,2023,11
8537,2023-05-30,103,5,1,1029,1,1702140,1702140,Online,Efectivo,USD,2023,5
8538,2024-12-01,675,36,4,1139,1,3761190,3761190,Mostrador,Cheque,USD,2024,12
8539,2023-12-24,315,51,1,1007,5,88830,444150,Mostrador,Transferencia,ARS,2023,12
8540,2024-11-28,121,25,4,1110,5,98940,494700,Online,Tarjeta débito,USD,2024,11
8541,2024-04-04,752,4,4,1085,5,237080,1185400,Mostrador,Cheque,USD,2024,4
8542,2024-07-10,913,33,4,1249,1,420350,420350,Mostrador,Transferencia,ARS,2024,7
8543,2024-11-08,607,26,2,1084,2,122240,244480,Online,Transferencia,ARS,2024,11
8544,2024-06-24,962,42,3,1233,1,194100,194100,Mostrador,Tarjeta crédito,ARS,2024,6
8545,2023-12-04,208,51,1,1249,2,46470,92940,Online,Cheque,ARS,2023,12
8546,2024-01-16,661,33,4,1061,1,266200,266200,Mostrador,Tarjeta débito,ARS,2024,1
8547,2024-11-07,350,55,2,1273,2,2153770,4307540,Mostrador,Transferencia,ARS,2024,11
8548,2023-11-27,308,20,1,1219,1,3528880,3528880,Teléfono,Efectivo,USD,2023,11
8549,2023-12-01,193,27,4,1286,1,6542540,6542540,Teléfono,Transferencia,ARS,2023,12
8550,2023-04-15,142,35,1,1249,4,80360,321440,Online,Tarjeta débito,USD,2023,4
8551,2024-12-08,784,53,4,1072,1,291130,291130,Online,Tarjeta crédito,USD,2024,12
8552,2023-04-10,311,57,4,1293,3,47360,142080,Campo,Cheque,ARS,2023,4
8553,2024-06-12,393,39,2,1198,5,183770,918850,Campo,Tarjeta débito,USD,2024,6
8554,2023-12-08,392,8,2,1080,1,243380,243380,Campo,Tarjeta débito,USD,2023,12
8555,2023-12-06,201,21,1,1137,5,3241420,16207100,Mostrador,Tarjeta débito,USD,2023,12
8556,2024-07-16,674,4,4,1213,1,358350,358350,Teléfono,Cheque,USD,2024,7
8557,2023-03-15,109,14,1,1079,5,138160,690800,Teléfono,Efectivo,ARS,2023,3
8558,2024-04-13,929,31,3,1107,4,5019970,20079880,Teléfono,Tarjeta débito,ARS,2024,4
8559,2024-10-25,470,27,4,1207,1,3100390,3100390,Teléfono,Tarjeta débito,ARS,2024,10
8560,2024-11-14,350,27,4,1152,5,317990,1589950,Mostrador,Cheque,ARS,2024,11
8561,2023-07-07,263,46,4,1133,1,352990,352990,Campo,Tarjeta débito,ARS,2023,7
8562,2024-12-03,722,23,3,1166,5,1772580,8862900,Mostrador,Efectivo,ARS,2024,12
8563,2024-06-20,149,15,1,1180,1,5112530,5112530,Teléfono,Tarjeta crédito,USD,2024,6
8564,2024-11-29,256,16,1,1121,1,4309600,4309600,Teléfono,Tarjeta débito,ARS,2024,11
8565,2023-12-28,389,20,1,1174,1,5401560,5401560,Teléfono,Tarjeta crédito,USD,2023,12
8566,2024-02-16,199,33,4,1258,1,3517730,3517730,Teléfono,Cheque,USD,2024,2
8567,2024-12-09,908,6,4,1068,2,4405890,8811780,Online,Transferencia,ARS,2024,12
8568,2024-12-04,443,25,4,1187,1,195650,195650,Mostrador,Transferencia,USD,2024,12
8569,2023-12-17,337,41,3,1138,1,66940,66940,Campo,Efectivo,USD,2023,12
8570,2023-10-29,186,48,2,1249,1,321740,321740,Mostrador,Efectivo,ARS,2023,10
8571,2023-12-02,344,32,1,1006,4,1938940,7755760,Mostrador,Transferencia,USD,2023,12
8572,2023-12-01,165,49,1,1238,2,411160,822320,Online,Efectivo,USD,2023,12
8573,2023-11-03,108,35,1,1018,4,211300,845200,Mostrador,Transferencia,ARS,2023,11
8574,2023-10-22,83,46,4,1076,1,6240340,6240340,Teléfono,Tarjeta débito,USD,2023,10
8575,2024-11-23,813,16,1,1151,3,5467090,16401270,Mostrador,Transferencia,USD,2024,11
8576,2023-03-18,80,9,4,1108,2,2177160,4354320,Teléfono,Cheque,USD,2023,3
8577,2024-07-14,253,36,4,1153,3,43350,130050,Online,Efectivo,USD,2024,7
8578,2023-07-09,25,26,2,1116,4,2617430,10469720,Campo,Transferencia,USD,2023,7
8579,2023-11-19,283,14,1,1037,1,223850,223850,Mostrador,Tarjeta crédito,USD,2023,11
8580,2023-03-09,51,47,1,1103,1,1800090,1800090,Campo,Tarjeta crédito,ARS,2023,3
8581,2023-10-24,375,20,1,1146,1,364740,364740,Mostrador,Transferencia,USD,2023,10
8582,2024-10-21,938,13,4,1126,1,114180,114180,Campo,Tarjeta débito,USD,2024,10
8583,2024-11-30,620,2,1,1285,5,162600,813000,Mostrador,Tarjeta débito,ARS,2024,11
8584,2023-09-01,238,33,4,1108,4,171060,684240,Campo,Cheque,USD,2023,9
8585,2023-12-22,316,40,4,1286,5,234220,1171100,Campo,Tarjeta crédito,USD,2023,12
8586,2023-12-23,328,2,1,1240,1,338340,338340,Mostrador,Tarjeta crédito,ARS,2023,12
8587,2024-11-27,463,36,4,1102,3,355500,1066500,Teléfono,Tarjeta crédito,USD,2024,11
8588,2024-10-15,698,1,4,1220,1,5963470,5963470,Online,Transferencia,USD,2024,10
8589,2024-01-15,592,9,4,1007,4,3779070,15116280,Teléfono,Tarjeta débito,USD,2024,1
8590,2024-07-06,840,32,1,1216,5,5794590,28972950,Online,Tarjeta débito,USD,2024,7
8591,2024-11-20,996,15,1,1169,5,2177160,10885800,Mostrador,Transferencia,ARS,2024,11
8592,2023-01-11,96,35,1,1074,3,3644900,10934700,Mostrador,Tarjeta crédito,USD,2023,1
8593,2023-12-05,382,49,1,1293,2,5754930,11509860,Teléfono,Efectivo,ARS,2023,12
8594,2024-12-06,465,36,4,1027,2,77470,154940,Online,Tarjeta crédito,USD,2024,12
8595,2024-09-21,996,1,4,1277,1,217640,217640,Online,Tarjeta crédito,USD,2024,9
8596,2024-02-17,150,38,4,1043,1,2412080,2412080,Online,Tarjeta crédito,ARS,2024,2
8597,2024-02-03,352,47,1,1202,1,133030,133030,Mostrador,Efectivo,USD,2024,2
8598,2023-11-20,395,30,1,1093,1,81680,81680,Online,Tarjeta débito,ARS,2023,11
8599,2024-01-24,365,9,4,1071,1,358440,358440,Campo,Tarjeta débito,ARS,2024,1
8600,2024-06-19,6,20,1,1269,1,5031870,5031870,Mostrador,Tarjeta crédito,USD,2024,6
8601,2023-12-09,22,30,1,1109,4,159680,638720,Campo,Tarjeta crédito,ARS,2023,12
8602,2024-08-23,974,55,2,1181,1,160260,160260,Teléfono,Cheque,USD,2024,8
8603,2024-11-23,220,20,1,1215,1,4318360,4318360,Teléfono,Efectivo,USD,2024,11
8604,2023-06-19,359,10,3,1114,1,3139540,3139540,Mostrador,Efectivo,ARS,2023,6
8605,2023-12-18,12,19,1,1185,3,355550,1066650,Online,Transferencia,USD,2023,12
8606,2023-12-06,283,42,3,1125,5,4878360,24391800,Mostrador,Cheque,USD,2023,12
8607,2024-07-25,385,25,4,1105,4,321930,1287720,Mostrador,Transferencia,USD,2024,7
8608,2023-10-02,192,14,1,1237,1,3737150,3737150,Teléfono,Tarjeta débito,ARS,2023,10
8609,2024-06-03,458,9,4,1141,3,4019840,12059520,Online,Efectivo,ARS,2024,6
8610,2024-11-28,225,34,2,1293,1,2140180,2140180,Campo,Transferencia,ARS,2024,11
8611,2023-12-09,336,40,4,1158,4,4205590,16822360,Mostrador,Efectivo,ARS,2023,12
8612,2024-12-07,167,19,1,1274,1,156480,156480,Teléfono,Transferencia,USD,2024,12
8613,2024-12-30,316,60,3,1143,1,286340,286340,Online,Tarjeta crédito,USD,2024,12
8614,2023-04-27,116,32,1,1117,2,107910,215820,Mostrador,Cheque,ARS,2023,4
8615,2023-09-13,326,33,4,1062,1,317850,317850,Mostrador,Cheque,USD,2023,9
8616,2024-12-18,950,29,3,1024,1,321130,321130,Campo,Transferencia,USD,2024,12
8617,2024-12-20,921,8,2,1060,5,4503400,22517000,Campo,Efectivo,USD,2024,12
8618,2023-04-18,148,9,4,1116,1,111740,111740,Campo,Efectivo,USD,2023,4
8619,2023-01-17,36,35,1,1265,1,117660,117660,Mostrador,Tarjeta crédito,USD,2023,1
8620,2023-06-26,385,19,1,1180,1,130750,130750,Teléfono,Tarjeta crédito,ARS,2023,6
8621,2024-12-30,757,50,3,1232,1,176530,176530,Mostrador,Tarjeta débito,ARS,2024,12
8622,2023-07-17,308,58,3,1143,4,310420,1241680,Campo,Cheque,USD,2023,7
8623,2024-01-04,642,32,1,1103,1,4643740,4643740,Online,Tarjeta débito,ARS,2024,1
8624,2024-11-20,240,7,2,1245,4,1864260,7457040,Online,Tarjeta débito,USD,2024,11
8625,2023-01-23,393,38,4,1081,3,215940,647820,Mostrador,Tarjeta crédito,ARS,2023,1
8626,2024-04-25,367,38,4,1126,1,2095650,2095650,Mostrador,Cheque,ARS,2024,4
8627,2023-10-31,344,16,1,1137,4,4104870,16419480,Campo,Tarjeta débito,USD,2023,10
8628,2024-11-24,304,19,1,1056,1,2106730,2106730,Mostrador,Tarjeta crédito,USD,2024,11
8629,2023-11-02,105,57,4,1213,4,4426090,17704360,Online,Tarjeta crédito,USD,2023,11
8630,2024-07-24,167,27,4,1094,1,2673760,2673760,Campo,Tarjeta débito,ARS,2024,7
8631,2024-07-10,554,9,4,1292,1,2194210,2194210,Teléfono,Tarjeta débito,ARS,2024,7
8632,2023-08-31,254,49,1,1128,2,123620,247240,Online,Tarjeta débito,ARS,2023,8
8633,2023-02-08,350,36,4,1217,3,25400,76200,Campo,Transferencia,USD,2023,2
8634,2023-12-07,301,1,4,1199,1,149900,149900,Teléfono,Tarjeta crédito,USD,2023,12
8635,2023-11-04,386,14,1,1020,1,3660250,3660250,Teléfono,Efectivo,ARS,2023,11
8636,2024-11-09,972,54,2,1055,1,419870,419870,Mostrador,Transferencia,USD,2024,11
8637,2024-11-07,205,10,3,1246,3,187800,563400,Campo,Cheque,USD,2024,11
8638,2023-12-20,195,8,2,1251,1,357200,357200,Online,Tarjeta débito,USD,2023,12
8639,2024-04-27,171,1,4,1060,3,136190,408570,Teléfono,Cheque,ARS,2024,4
8640,2024-04-24,762,53,4,1163,1,2929560,2929560,Online,Tarjeta débito,USD,2024,4
8641,2024-11-14,616,6,4,1202,1,294260,294260,Mostrador,Efectivo,ARS,2024,11
8642,2023-12-11,363,38,4,1227,1,1955860,1955860,Mostrador,Tarjeta débito,ARS,2023,12
8643,2023-10-30,39,28,2,1129,2,2596360,5192720,Teléfono,Tarjeta débito,ARS,2023,10
8644,2023-10-18,236,19,1,1045,5,2529340,12646700,Mostrador,Transferencia,ARS,2023,10
8645,2024-02-10,646,33,4,1197,1,141770,141770,Campo,Tarjeta débito,USD,2024,2
8646,2023-12-18,252,26,2,1166,3,76770,230310,Campo,Tarjeta débito,USD,2023,12
8647,2023-12-15,170,2,1,1247,2,5927680,11855360,Teléfono,Tarjeta débito,USD,2023,12
8648,2023-04-10,283,56,2,1226,4,4082210,16328840,Online,Tarjeta débito,ARS,2023,4
8649,2024-08-28,207,52,1,1280,2,327080,654160,Teléfono,Cheque,USD,2024,8
8650,2023-08-23,143,36,4,1260,1,139170,139170,Campo,Efectivo,ARS,2023,8
8651,2023-08-05,19,14,1,1048,1,119580,119580,Mostrador,Tarjeta crédito,USD,2023,8
8652,2023-12-08,190,21,1,1197,1,5747740,5747740,Teléfono,Transferencia,USD,2023,12
8653,2023-09-07,64,57,4,1107,1,3405680,3405680,Online,Cheque,ARS,2023,9
8654,2024-04-02,742,9,4,1269,1,27730,27730,Online,Tarjeta débito,USD,2024,4
8655,2023-11-26,307,40,4,1232,3,395550,1186650,Online,Tarjeta crédito,ARS,2023,11
8656,2023-12-18,175,50,3,1101,1,209730,209730,Online,Cheque,ARS,2023,12
8657,2024-02-11,825,6,4,1160,5,2125680,10628400,Online,Efectivo,USD,2024,2
8658,2023-08-12,20,6,4,1095,1,1811060,1811060,Mostrador,Tarjeta crédito,ARS,2023,8
8659,2023-06-20,276,58,3,1207,1,5663510,5663510,Campo,Efectivo,ARS,2023,6
8660,2024-11-29,850,46,4,1252,5,3120730,15603650,Mostrador,Transferencia,ARS,2024,11
8661,2023-12-13,226,51,1,1235,1,327480,327480,Online,Efectivo,USD,2023,12
8662,2023-12-08,231,27,4,1079,1,87600,87600,Teléfono,Tarjeta débito,ARS,2023,12
8663,2023-02-09,101,5,1,1154,1,377550,377550,Campo,Cheque,ARS,2023,2
8664,2023-12-31,227,45,2,1100,4,4436590,17746360,Mostrador,Tarjeta crédito,USD,2023,12
8665,2024-02-29,294,35,1,1238,2,4161610,8323220,Teléfono,Transferencia,ARS,2024,2
8666,2024-03-06,550,8,2,1107,3,2464690,7394070,Teléfono,Efectivo,ARS,2024,3
8667,2024-08-15,65,3,3,1131,1,66860,66860,Teléfono,Tarjeta débito,USD,2024,8
8668,2023-07-14,76,33,4,1130,1,2284420,2284420,Mostrador,Transferencia,ARS,2023,7
8669,2023-10-04,389,9,4,1299,3,175640,526920,Teléfono,Cheque,ARS,2023,10
8670,2024-11-10,704,25,4,1043,1,5202360,5202360,Mostrador,Cheque,USD,2024,11
8671,2024-12-17,635,52,1,1063,1,339550,339550,Mostrador,Tarjeta débito,USD,2024,12
8672,2023-05-30,125,53,4,1073,3,336120,1008360,Teléfono,Cheque,USD,2023,5
8673,2023-12-31,27,7,2,1186,1,262800,262800,Mostrador,Efectivo,ARS,2023,12
8674,2023-08-23,103,6,4,1117,1,3737940,3737940,Mostrador,Tarjeta crédito,USD,2023,8
8675,2023-03-07,276,20,1,1287,2,369660,739320,Campo,Tarjeta débito,ARS,2023,3
8676,2023-11-14,60,39,2,1005,1,50370,50370,Online,Cheque,ARS,2023,11
8677,2023-06-07,168,40,4,1076,5,358420,1792100,Teléfono,Tarjeta crédito,USD,2023,6
8678,2024-08-18,83,33,4,1291,4,2152190,8608760,Mostrador,Tarjeta crédito,ARS,2024,8
8679,2024-02-07,486,57,4,1128,1,3884010,3884010,Campo,Tarjeta débito,ARS,2024,2
8680,2023-06-07,6,4,4,1083,1,319820,319820,Teléfono,Tarjeta crédito,USD,2023,6
8681,2023-01-11,164,20,1,1060,1,114760,114760,Teléfono,Transferencia,ARS,2023,1
8682,2024-11-09,368,9,4,1107,4,265270,1061080,Online,Transferencia,USD,2024,11
8683,2023-07-13,202,50,3,1117,4,2205060,8820240,Online,Efectivo,ARS,2023,7
8684,2024-04-27,449,30,1,1202,1,1730000,1730000,Teléfono,Tarjeta crédito,USD,2024,4
8685,2023-11-17,395,49,1,1048,3,2104990,6314970,Online,Tarjeta débito,ARS,2023,11
8686,2024-04-04,689,2,1,1082,1,2352700,2352700,Teléfono,Tarjeta crédito,ARS,2024,4
8687,2023-11-11,370,1,4,1068,4,30520,122080,Teléfono,Transferencia,ARS,2023,11
8688,2023-04-06,340,52,1,1062,1,5565250,5565250,Online,Tarjeta crédito,ARS,2023,4
8689,2023-09-02,156,28,2,1141,3,4207750,12623250,Mostrador,Cheque,ARS,2023,9
8690,2023-07-26,278,16,1,1222,1,5039240,5039240,Mostrador,Tarjeta débito,ARS,2023,7
8691,2023-12-12,340,55,2,1070,1,362270,362270,Mostrador,Transferencia,ARS,2023,12
8692,2024-06-23,815,33,4,1012,4,6004570,24018280,Teléfono,Tarjeta crédito,ARS,2024,6
8693,2023-10-17,102,27,4,1297,1,25450,25450,Campo,Tarjeta débito,ARS,2023,10
8694,2023-01-14,80,55,2,1105,2,156750,313500,Teléfono,Transferencia,USD,2023,1
8695,2024-01-22,706,22,2,1207,3,336430,1009290,Teléfono,Transferencia,USD,2024,1
8696,2024-04-26,793,21,1,1065,1,134830,134830,Teléfono,Efectivo,ARS,2024,4
8697,2024-12-21,603,57,4,1063,3,280230,840690,Online,Efectivo,USD,2024,12
8698,2024-04-08,67,15,1,1178,1,254330,254330,Online,Tarjeta débito,USD,2024,4
8699,2023-12-24,215,14,1,1008,1,392510,392510,Mostrador,Cheque,USD,2023,12
8700,2024-03-22,416,4,4,1159,4,122210,488840,Mostrador,Tarjeta crédito,USD,2024,3
8701,2024-12-12,145,30,1,1011,3,139590,418770,Online,Tarjeta crédito,USD,2024,12
8702,2024-11-14,552,57,4,1273,1,389560,389560,Mostrador,Cheque,ARS,2024,11
8703,2023-11-13,212,43,1,1095,5,3474620,17373100,Mostrador,Cheque,USD,2023,11
8704,2023-09-18,286,27,4,1155,3,110850,332550,Mostrador,Tarjeta débito,USD,2023,9
8705,2023-10-16,59,16,1,1206,3,4843750,14531250,Campo,Tarjeta débito,USD,2023,10
8706,2024-01-06,540,30,1,1115,1,226210,226210,Online,Transferencia,ARS,2024,1
8707,2024-09-25,47,14,1,1087,1,171330,171330,Campo,Cheque,ARS,2024,9
8708,2024-01-05,237,53,4,1110,5,168080,840400,Mostrador,Tarjeta crédito,USD,2024,1
8709,2023-03-16,117,53,4,1197,3,147810,443430,Campo,Efectivo,ARS,2023,3
8710,2024-09-02,151,59,2,1244,5,244230,1221150,Teléfono,Transferencia,ARS,2024,9
8711,2024-11-08,83,25,4,1098,5,3870760,19353800,Campo,Efectivo,ARS,2024,11
8712,2023-11-04,57,33,4,1019,1,168400,168400,Campo,Efectivo,USD,2023,11
8713,2024-06-29,729,36,4,1252,1,4372740,4372740,Mostrador,Cheque,USD,2024,6
8714,2023-12-11,385,9,4,1016,1,1740480,1740480,Mostrador,Tarjeta débito,ARS,2023,12
8715,2024-12-01,220,2,1,1045,5,341140,1705700,Online,Transferencia,USD,2024,12
8716,2024-11-19,285,33,4,1155,1,56220,56220,Campo,Tarjeta crédito,ARS,2024,11
8717,2024-01-29,754,54,2,1231,1,139210,139210,Mostrador,Cheque,ARS,2024,1
8718,2024-07-29,434,14,1,1157,2,25820,51640,Teléfono,Cheque,USD,2024,7
8719,2024-11-30,320,19,1,1113,1,294180,294180,Teléfono,Transferencia,ARS,2024,11
8720,2023-12-30,99,9,4,1044,4,1704530,6818120,Teléfono,Cheque,USD,2023,12
8721,2023-11-10,242,25,4,1110,4,1933730,7734920,Teléfono,Efectivo,USD,2023,11
8722,2024-10-05,465,46,4,1111,1,2539510,2539510,Campo,Tarjeta crédito,ARS,2024,10
8723,2023-08-30,203,6,4,1223,3,4693720,14081160,Online,Tarjeta crédito,USD,2023,8
8724,2023-12-01,37,27,4,1265,2,119580,239160,Teléfono,Tarjeta débito,USD,2023,12
8725,2024-11-25,758,5,1,1271,4,231870,927480,Mostrador,Cheque,ARS,2024,11
8726,2024-09-03,445,16,1,1212,5,267810,1339050,Online,Transferencia,ARS,2024,9
8727,2023-12-05,128,14,1,1084,1,416320,416320,Online,Transferencia,ARS,2023,12
8728,2023-08-24,135,52,1,1258,4,4937660,19750640,Online,Tarjeta débito,USD,2023,8
8729,2023-11-22,346,16,1,1247,1,81810,81810,Online,Transferencia,USD,2023,11
8730,2023-11-02,343,22,2,1055,1,66430,66430,Campo,Tarjeta crédito,ARS,2023,11
8731,2023-07-13,64,36,4,1017,1,5452250,5452250,Mostrador,Efectivo,USD,2023,7
8732,2024-09-24,786,33,4,1244,3,45700,137100,Teléfono,Transferencia,ARS,2024,9
8733,2023-10-04,29,24,3,1072,1,5346610,5346610,Campo,Transferencia,ARS,2023,10
8734,2023-12-19,370,57,4,1296,2,117350,234700,Campo,Cheque,USD,2023,12
8735,2023-11-30,226,45,2,1213,1,2152690,2152690,Campo,Tarjeta crédito,ARS,2023,11
8736,2024-12-27,572,38,4,1295,1,1892850,1892850,Mostrador,Efectivo,USD,2024,12
8737,2023-12-02,54,22,2,1171,5,313800,1569000,Online,Efectivo,ARS,2023,12
8738,2023-03-29,328,32,1,1246,2,159660,319320,Mostrador,Tarjeta débito,USD,2023,3
8739,2023-04-09,149,13,4,1141,3,261750,785250,Mostrador,Transferencia,ARS,2023,4
8740,2024-04-10,405,5,1,1104,1,2536920,2536920,Campo,Tarjeta débito,ARS,2024,4
8741,2024-04-19,570,54,2,1105,3,221220,663660,Teléfono,Transferencia,ARS,2024,4
8742,2023-12-09,36,19,1,1240,5,157000,785000,Online,Efectivo,USD,2023,12
8743,2023-12-13,145,12,3,1026,1,54590,54590,Mostrador,Tarjeta crédito,USD,2023,12
8744,2023-03-01,250,6,4,1066,1,316750,316750,Mostrador,Transferencia,ARS,2023,3
8745,2024-01-19,80,2,1,1280,1,2582660,2582660,Online,Cheque,USD,2024,1
8746,2024-01-06,949,33,4,1022,1,3456990,3456990,Teléfono,Efectivo,ARS,2024,1
8747,2023-06-14,15,21,1,1078,1,350020,350020,Online,Cheque,ARS,2023,6
8748,2023-04-24,40,2,1,1085,1,315800,315800,Mostrador,Transferencia,ARS,2023,4
8749,2023-05-16,81,43,1,1195,1,54200,54200,Campo,Tarjeta débito,ARS,2023,5
8750,2023-04-21,307,25,4,1062,1,132620,132620,Campo,Tarjeta crédito,USD,2023,4
8751,2024-04-30,705,43,1,1021,3,5669610,17008830,Online,Tarjeta débito,ARS,2024,4
8752,2023-08-04,397,7,2,1160,1,52940,52940,Teléfono,Cheque,USD,2023,8
8753,2023-10-03,166,47,1,1232,2,20150,40300,Online,Cheque,ARS,2023,10
8754,2023-07-10,353,30,1,1085,1,4561650,4561650,Online,Tarjeta débito,USD,2023,7
8755,2024-12-20,922,1,4,1044,1,333190,333190,Campo,Cheque,USD,2024,12
8756,2024-11-22,204,51,1,1297,1,90460,90460,Teléfono,Transferencia,USD,2024,11
8757,2023-09-10,211,52,1,1180,1,2109870,2109870,Mostrador,Transferencia,ARS,2023,9
8758,2023-11-14,399,14,1,1101,1,4371270,4371270,Online,Efectivo,ARS,2023,11
8759,2023-08-19,373,29,3,1115,1,58510,58510,Teléfono,Tarjeta crédito,USD,2023,8
8760,2023-12-29,389,60,3,1213,1,319160,319160,Mostrador,Cheque,USD,2023,12
8761,2023-01-22,258,51,1,1018,1,1805920,1805920,Mostrador,Tarjeta débito,USD,2023,1
8762,2024-07-07,115,5,1,1027,1,260670,260670,Teléfono,Cheque,USD,2024,7
8763,2024-01-26,334,15,1,1285,2,156480,312960,Teléfono,Cheque,ARS,2024,1
8764,2024-12-04,349,20,1,1149,1,130990,130990,Mostrador,Cheque,ARS,2024,12
8765,2023-06-30,233,33,4,1285,4,4298950,17195800,Online,Tarjeta crédito,USD,2023,6
8766,2024-11-08,509,1,4,1137,1,146690,146690,Campo,Efectivo,ARS,2024,11
8767,2024-11-04,449,3,3,1189,1,4019840,4019840,Teléfono,Cheque,ARS,2024,11
8768,2023-05-20,77,16,1,1190,1,5725930,5725930,Campo,Efectivo,ARS,2023,5
8769,2023-12-04,316,33,4,1199,1,148760,148760,Teléfono,Transferencia,ARS,2023,12
8770,2023-07-06,96,1,4,1102,1,2322200,2322200,Campo,Tarjeta débito,USD,2023,7
8771,2023-10-07,98,11,3,1091,1,159270,159270,Campo,Efectivo,USD,2023,10
8772,2023-10-16,56,25,4,1224,4,431240,1724960,Mostrador,Tarjeta crédito,USD,2023,10
8773,2024-03-03,630,53,4,1005,3,154600,463800,Online,Efectivo,USD,2024,3
8774,2023-12-07,119,60,3,1015,3,145330,435990,Teléfono,Transferencia,ARS,2023,12
8775,2024-12-17,38,49,1,1005,4,183730,734920,Online,Cheque,ARS,2024,12
8776,2023-05-19,185,6,4,1230,5,1892850,9464250,Campo,Tarjeta crédito,ARS,2023,5
8777,2024-12-24,358,43,1,1181,1,126920,126920,Mostrador,Cheque,USD,2024,12
8778,2023-09-11,242,1,4,1114,1,32230,32230,Online,Cheque,ARS,2023,9
8779,2024-10-26,51,9,4,1004,2,3838540,7677080,Teléfono,Cheque,ARS,2024,10
8780,2023-11-17,127,36,4,1184,1,167230,167230,Online,Efectivo,USD,2023,11
8781,2023-06-06,103,59,2,1213,1,384360,384360,Teléfono,Cheque,ARS,2023,6
8782,2024-11-23,966,52,1,1247,5,135340,676700,Online,Cheque,USD,2024,11
8783,2023-11-09,229,16,1,1034,3,6806920,20420760,Campo,Efectivo,ARS,2023,11
8784,2024-06-23,723,57,4,1296,1,234220,234220,Mostrador,Tarjeta débito,ARS,2024,6
8785,2024-03-14,436,6,4,1196,2,6081970,12163940,Mostrador,Transferencia,ARS,2024,3
8786,2023-12-24,385,44,3,1127,5,181130,905650,Teléfono,Transferencia,USD,2023,12
8787,2023-12-30,85,19,1,1142,1,313140,313140,Mostrador,Efectivo,USD,2023,12
8788,2024-09-12,359,40,4,1136,2,339400,678800,Campo,Transferencia,USD,2024,9
8789,2023-04-07,274,36,4,1128,3,3736480,11209440,Teléfono,Cheque,USD,2023,4
8790,2024-07-03,27,15,1,1197,1,281450,281450,Campo,Tarjeta débito,USD,2024,7
8791,2024-12-03,860,12,3,1174,1,6445280,6445280,Campo,Tarjeta débito,USD,2024,12
8792,2023-03-05,72,36,4,1218,1,69220,69220,Mostrador,Tarjeta débito,ARS,2023,3
8793,2023-06-04,95,4,4,1114,5,86480,432400,Online,Tarjeta crédito,USD,2023,6
8794,2024-08-26,588,38,4,1244,3,306230,918690,Mostrador,Tarjeta crédito,USD,2024,8
8795,2023-12-14,6,5,1,1012,3,134260,402780,Online,Efectivo,ARS,2023,12
8796,2023-12-05,90,23,3,1244,1,3460390,3460390,Mostrador,Efectivo,USD,2023,12
8797,2023-05-31,80,13,4,1052,5,43740,218700,Mostrador,Cheque,USD,2023,5
8798,2024-01-08,222,57,4,1186,1,358350,358350,Teléfono,Cheque,USD,2024,1
8799,2023-05-19,83,13,4,1233,3,4821860,14465580,Teléfono,Efectivo,ARS,2023,5
8800,2023-12-25,82,36,4,1002,3,130180,390540,Teléfono,Tarjeta crédito,ARS,2023,12
8801,2024-10-16,152,59,2,1001,1,278080,278080,Teléfono,Cheque,USD,2024,10
8802,2023-10-11,45,38,4,1239,5,1605140,8025700,Teléfono,Tarjeta crédito,ARS,2023,10
8803,2023-12-26,212,16,1,1055,2,319820,639640,Mostrador,Cheque,USD,2023,12
8804,2024-12-29,583,30,1,1220,1,287780,287780,Teléfono,Tarjeta débito,ARS,2024,12
8805,2024-07-24,263,21,1,1104,1,264130,264130,Teléfono,Efectivo,ARS,2024,7
8806,2024-11-18,912,25,4,1119,1,343490,343490,Online,Tarjeta débito,USD,2024,11
8807,2023-12-08,382,13,4,1242,3,2104990,6314970,Teléfono,Cheque,ARS,2023,12
8808,2024-10-21,570,47,1,1135,1,242350,242350,Teléfono,Transferencia,USD,2024,10
8809,2023-02-14,57,16,1,1277,1,2212120,2212120,Mostrador,Tarjeta débito,USD,2023,2
8810,2023-05-15,111,13,4,1010,1,319330,319330,Online,Tarjeta débito,ARS,2023,5
8811,2023-08-11,142,44,3,1143,3,132890,398670,Mostrador,Tarjeta crédito,USD,2023,8
8812,2023-12-05,56,1,4,1104,1,5231590,5231590,Mostrador,Transferencia,USD,2023,12
8813,2024-11-19,524,35,1,1133,1,5571410,5571410,Mostrador,Efectivo,USD,2024,11
8814,2023-11-19,349,16,1,1198,1,2261550,2261550,Teléfono,Efectivo,USD,2023,11
8815,2024-06-19,15,22,2,1014,3,6528050,19584150,Teléfono,Efectivo,USD,2024,6
8816,2024-08-18,8,19,1,1168,5,2191920,10959600,Online,Efectivo,USD,2024,8
8817,2024-04-05,231,30,1,1242,3,66430,199290,Mostrador,Tarjeta crédito,USD,2024,4
8818,2023-11-22,186,43,1,1030,1,359460,359460,Online,Efectivo,ARS,2023,11
8819,2024-03-26,53,51,1,1014,2,146820,293640,Online,Tarjeta débito,ARS,2024,3
8820,2023-11-18,137,14,1,1238,3,189590,568770,Mostrador,Tarjeta crédito,ARS,2023,11
8821,2023-04-03,174,1,4,1062,1,197180,197180,Teléfono,Efectivo,USD,2023,4
8822,2024-12-30,860,21,1,1110,1,3100390,3100390,Teléfono,Tarjeta débito,ARS,2024,12
8823,2023-05-20,219,43,1,1017,5,4803840,24019200,Campo,Tarjeta débito,USD,2023,5
8824,2023-03-21,263,53,4,1160,1,5951640,5951640,Campo,Cheque,ARS,2023,3
8825,2024-11-28,255,57,4,1201,5,395790,1978950,Online,Tarjeta crédito,USD,2024,11
8826,2023-11-07,300,44,3,1055,1,162070,162070,Teléfono,Transferencia,USD,2023,11
8827,2024-06-14,270,36,4,1249,3,2437150,7311450,Online,Cheque,USD,2024,6
8828,2023-11-15,75,38,4,1256,1,238220,238220,Online,Tarjeta débito,USD,2023,11
8829,2023-12-02,224,9,4,1022,1,1879200,1879200,Online,Efectivo,ARS,2023,12
8830,2023-10-15,371,44,3,1103,4,138430,553720,Online,Efectivo,ARS,2023,10
8831,2023-11-19,92,57,4,1085,5,86090,430450,Mostrador,Tarjeta crédito,USD,2023,11
8832,2023-12-07,134,59,2,1264,4,4673740,18694960,Mostrador,Transferencia,ARS,2023,12
8833,2024-08-30,163,16,1,1236,2,3459350,6918700,Campo,Tarjeta débito,ARS,2024,8
8834,2024-01-14,710,6,4,1066,3,4855320,14565960,Campo,Tarjeta débito,USD,2024,1
8835,2024-12-16,701,59,2,1233,1,237580,237580,Campo,Cheque,USD,2024,12
8836,2023-02-15,73,33,4,1168,4,164300,657200,Teléfono,Transferencia,ARS,2023,2
8837,2024-01-04,898,14,1,1233,1,3624150,3624150,Mostrador,Tarjeta débito,ARS,2024,1
8838,2024-04-02,998,15,1,1005,1,5332890,5332890,Teléfono,Tarjeta débito,ARS,2024,4
8839,2024-12-10,718,38,4,1045,1,108280,108280,Campo,Efectivo,USD,2024,12
8840,2023-02-23,31,43,1,1046,1,215550,215550,Mostrador,Cheque,USD,2023,2
8841,2024-03-22,894,27,4,1164,1,95110,95110,Online,Tarjeta crédito,ARS,2024,3
8842,2024-11-21,990,4,4,1169,1,4426090,4426090,Online,Efectivo,USD,2024,11
8843,2023-09-23,119,1,4,1226,1,5307400,5307400,Online,Tarjeta crédito,USD,2023,9
8844,2024-11-28,795,12,3,1164,4,258970,1035880,Online,Tarjeta débito,ARS,2024,11
8845,2023-01-21,366,24,3,1256,1,299500,299500,Online,Cheque,USD,2023,1
8846,2024-09-12,671,1,4,1066,5,2301060,11505300,Online,Tarjeta crédito,USD,2024,9
8847,2024-12-13,255,38,4,1260,5,1917110,9585550,Mostrador,Tarjeta crédito,ARS,2024,12
8848,2024-06-21,757,44,3,1088,1,260340,260340,Teléfono,Tarjeta crédito,ARS,2024,6
8849,2023-12-15,106,57,4,1240,1,115400,115400,Teléfono,Tarjeta débito,USD,2023,12
8850,2023-02-19,198,6,4,1026,3,204120,612360,Online,Efectivo,ARS,2023,2
8851,2024-12-10,427,9,4,1059,4,330790,1323160,Campo,Tarjeta crédito,ARS,2024,12
8852,2023-12-23,120,15,1,1170,1,60070,60070,Online,Tarjeta crédito,USD,2023,12
8853,2023-02-01,82,52,1,1258,1,159440,159440,Mostrador,Transferencia,USD,2023,2
8854,2024-07-27,308,22,2,1046,1,136040,136040,Campo,Efectivo,ARS,2024,7
8855,2023-12-27,270,14,1,1002,4,5381350,21525400,Mostrador,Efectivo,ARS,2023,12
8856,2023-05-17,187,53,4,1129,4,40360,161440,Teléfono,Tarjeta crédito,ARS,2023,5
8857,2023-08-24,276,20,1,1269,1,2827290,2827290,Online,Tarjeta crédito,ARS,2023,8
8858,2023-03-12,374,33,4,1216,4,4436590,17746360,Campo,Transferencia,USD,2023,3
8859,2024-03-23,564,49,1,1278,2,2217020,4434040,Mostrador,Transferencia,ARS,2024,3
8860,2024-05-14,459,47,1,1017,1,1979820,1979820,Teléfono,Transferencia,ARS,2024,5
8861,2024-01-07,501,32,1,1187,1,199180,199180,Teléfono,Cheque,ARS,2024,1
8862,2024-11-11,357,44,3,1109,5,238890,1194450,Online,Cheque,ARS,2024,11
8863,2024-11-23,296,15,1,1216,1,6034910,6034910,Online,Transferencia,USD,2024,11
8864,2024-05-07,580,35,1,1116,5,89500,447500,Online,Tarjeta crédito,ARS,2024,5
8865,2023-01-14,300,40,4,1259,5,359220,1796100,Mostrador,Transferencia,ARS,2023,1
8866,2024-08-02,646,51,1,1249,1,116270,116270,Mostrador,Tarjeta débito,ARS,2024,8
8867,2023-12-09,343,21,1,1198,1,355500,355500,Teléfono,Tarjeta débito,USD,2023,12
8868,2024-03-13,120,33,4,1181,3,52290,156870,Teléfono,Transferencia,ARS,2024,3
8869,2024-06-13,569,19,1,1227,1,357540,357540,Teléfono,Transferencia,USD,2024,6
8870,2023-11-21,186,2,1,1177,1,128210,128210,Mostrador,Tarjeta débito,USD,2023,11
8871,2024-12-09,584,20,1,1243,5,287130,1435650,Campo,Transferencia,ARS,2024,12
8872,2023-05-27,158,20,1,1035,5,6007740,30038700,Campo,Tarjeta débito,USD,2023,5
8873,2024-07-07,228,13,4,1135,1,1629340,1629340,Online,Tarjeta débito,ARS,2024,7
8874,2023-01-05,308,19,1,1135,1,3809250,3809250,Online,Efectivo,USD,2023,1
8875,2024-12-11,234,57,4,1010,1,2203990,2203990,Teléfono,Transferencia,ARS,2024,12
8876,2023-05-04,11,36,4,1183,2,2183560,4367120,Teléfono,Tarjeta débito,ARS,2023,5
8877,2023-04-15,175,14,1,1202,1,5393470,5393470,Online,Tarjeta crédito,ARS,2023,4
8878,2023-11-16,261,46,4,1019,1,126680,126680,Online,Tarjeta crédito,ARS,2023,11
8879,2023-11-27,131,15,1,1023,1,4632730,4632730,Mostrador,Transferencia,ARS,2023,11
8880,2023-08-24,399,30,1,1095,4,369440,1477760,Campo,Efectivo,USD,2023,8
8881,2024-04-03,898,51,1,1064,4,28430,113720,Campo,Efectivo,ARS,2024,4
8882,2023-12-16,2,47,1,1220,1,5149680,5149680,Campo,Efectivo,ARS,2023,12
8883,2023-02-07,249,44,3,1096,1,84960,84960,Teléfono,Tarjeta débito,USD,2023,2
8884,2023-11-12,200,47,1,1265,2,108430,216860,Mostrador,Cheque,ARS,2023,11
8885,2024-11-10,182,36,4,1157,1,173590,173590,Online,Efectivo,ARS,2024,11
8886,2024-07-27,942,13,4,1207,1,196120,196120,Campo,Transferencia,USD,2024,7
8887,2024-09-04,350,14,1,1274,2,215940,431880,Mostrador,Efectivo,ARS,2024,9
8888,2024-08-05,639,33,4,1242,4,39110,156440,Teléfono,Tarjeta crédito,ARS,2024,8
8889,2023-11-10,382,53,4,1246,1,44130,44130,Mostrador,Efectivo,ARS,2023,11
8890,2023-04-20,297,30,1,1199,2,2218520,4437040,Online,Cheque,ARS,2023,4
8891,2023-10-26,197,2,1,1285,2,382030,764060,Mostrador,Efectivo,USD,2023,10
8892,2024-11-15,286,28,2,1083,5,2283570,11417850,Campo,Efectivo,USD,2024,11
8893,2024-12-26,556,48,2,1255,4,2183560,8734240,Mostrador,Cheque,ARS,2024,12
8894,2023-12-30,10,55,2,1133,4,4470820,17883280,Mostrador,Tarjeta crédito,ARS,2023,12
8895,2023-01-11,225,5,1,1105,4,61670,246680,Campo,Tarjeta crédito,ARS,2023,1
8896,2023-06-03,216,53,4,1237,1,300110,300110,Campo,Cheque,ARS,2023,6
8897,2023-11-13,211,3,3,1069,1,389560,389560,Mostrador,Cheque,ARS,2023,11
8898,2024-03-27,286,24,3,1184,5,401560,2007800,Mostrador,Transferencia,USD,2024,3
8899,2023-03-24,217,51,1,1118,2,37810,75620,Mostrador,Efectivo,ARS,2023,3
8900,2024-12-16,331,34,2,1180,1,321200,321200,Online,Tarjeta crédito,ARS,2024,12
8901,2023-11-25,49,49,1,1271,1,157280,157280,Mostrador,Tarjeta débito,ARS,2023,11
8902,2024-12-08,163,8,2,1090,1,165220,165220,Campo,Cheque,USD,2024,12
8903,2024-11-01,193,6,4,1088,1,22180,22180,Campo,Cheque,USD,2024,11
8904,2024-10-07,145,28,2,1083,1,5018840,5018840,Online,Tarjeta débito,ARS,2024,10
8905,2024-04-27,671,2,1,1020,5,21940,109700,Teléfono,Efectivo,USD,2024,4
8906,2024-05-19,838,5,1,1107,3,2218510,6655530,Mostrador,Efectivo,USD,2024,5
8907,2024-05-31,973,40,4,1214,3,145810,437430,Mostrador,Efectivo,USD,2024,5
8908,2024-05-21,692,46,4,1007,4,367500,1470000,Teléfono,Cheque,ARS,2024,5
8909,2024-02-29,538,7,2,1272,4,174210,696840,Mostrador,Efectivo,USD,2024,2
8910,2024-12-28,612,49,1,1258,1,72450,72450,Mostrador,Tarjeta crédito,ARS,2024,12
8911,2024-09-12,901,55,2,1098,1,50070,50070,Campo,Tarjeta crédito,ARS,2024,9
8912,2024-10-31,623,44,3,1232,1,2438270,2438270,Teléfono,Tarjeta débito,USD,2024,10
8913,2024-11-27,270,13,4,1057,3,5416400,16249200,Online,Tarjeta crédito,ARS,2024,11
8914,2023-08-25,51,18,3,1149,1,109740,109740,Campo,Transferencia,USD,2023,8
8915,2023-04-02,15,53,4,1235,1,1899960,1899960,Online,Tarjeta débito,ARS,2023,4
8916,2023-12-27,128,22,2,1137,1,284740,284740,Mostrador,Efectivo,ARS,2023,12
8917,2024-01-16,652,35,1,1267,1,4149860,4149860,Campo,Tarjeta crédito,ARS,2024,1
8918,2024-11-15,754,4,4,1229,4,300110,1200440,Teléfono,Cheque,USD,2024,11
8919,2023-12-16,46,54,2,1066,5,181220,906100,Campo,Cheque,ARS,2023,12
8920,2024-03-19,234,53,4,1282,1,38880,38880,Online,Tarjeta crédito,USD,2024,3
8921,2024-01-31,448,48,2,1202,3,2592990,7778970,Mostrador,Efectivo,USD,2024,1
8922,2023-02-11,72,5,1,1232,3,313270,939810,Teléfono,Tarjeta crédito,ARS,2023,2
8923,2024-05-06,443,57,4,1019,1,168280,168280,Campo,Cheque,USD,2024,5
8924,2024-11-14,503,2,1,1016,1,54720,54720,Mostrador,Tarjeta débito,ARS,2024,11
8925,2023-06-22,95,30,1,1056,1,2066530,2066530,Teléfono,Cheque,ARS,2023,6
8926,2024-04-13,922,21,1,1114,1,267120,267120,Teléfono,Tarjeta crédito,USD,2024,4
8927,2024-04-13,285,33,4,1068,4,39490,157960,Campo,Cheque,ARS,2024,4
8928,2023-06-30,132,39,2,1078,1,6094420,6094420,Online,Cheque,ARS,2023,6
8929,2023-05-16,281,30,1,1030,1,1809960,1809960,Campo,Efectivo,ARS,2023,5
8930,2024-12-26,936,58,3,1007,1,5579210,5579210,Campo,Cheque,ARS,2024,12
8931,2023-12-02,32,14,1,1152,1,207070,207070,Campo,Efectivo,USD,2023,12
8932,2023-09-07,356,33,4,1022,5,135630,678150,Campo,Tarjeta crédito,ARS,2023,9
8933,2023-07-07,37,7,2,1030,5,149570,747850,Campo,Tarjeta débito,USD,2023,7
8934,2024-07-03,638,1,4,1167,3,157760,473280,Campo,Cheque,USD,2024,7
8935,2024-04-30,138,35,1,1148,1,122890,122890,Teléfono,Transferencia,USD,2024,4
8936,2024-06-06,422,53,4,1049,2,3686740,7373480,Mostrador,Tarjeta crédito,ARS,2024,6
8937,2023-04-07,100,25,4,1164,1,53110,53110,Mostrador,Tarjeta crédito,USD,2023,4
8938,2024-12-02,242,46,4,1298,1,155050,155050,Campo,Cheque,ARS,2024,12
8939,2023-12-01,245,21,1,1262,4,213380,853520,Online,Cheque,USD,2023,12
8940,2023-11-10,27,45,2,1181,4,4209940,16839760,Teléfono,Transferencia,ARS,2023,11
8941,2023-12-21,209,38,4,1290,2,416320,832640,Online,Transferencia,ARS,2023,12
8942,2023-12-01,391,2,1,1122,1,5671320,5671320,Mostrador,Efectivo,ARS,2023,12
8943,2024-11-24,457,35,1,1124,1,110610,110610,Mostrador,Tarjeta crédito,USD,2024,11
8944,2024-12-12,99,1,4,1266,2,6339270,12678540,Teléfono,Transferencia,ARS,2024,12
8945,2023-11-08,137,30,1,1028,1,272980,272980,Mostrador,Tarjeta crédito,USD,2023,11
8946,2024-11-24,187,36,4,1259,4,1983610,7934440,Campo,Transferencia,USD,2024,11
8947,2024-11-02,36,20,1,1077,4,2841400,11365600,Online,Tarjeta crédito,USD,2024,11
8948,2024-12-13,630,1,4,1194,1,249720,249720,Online,Cheque,USD,2024,12
8949,2023-09-27,158,10,3,1035,1,292940,292940,Teléfono,Efectivo,USD,2023,9
8950,2024-03-25,479,45,2,1114,3,314600,943800,Campo,Cheque,USD,2024,3
8951,2023-10-29,275,33,4,1062,1,4563090,4563090,Online,Cheque,USD,2023,10
8952,2024-11-13,681,35,1,1052,3,351970,1055910,Mostrador,Tarjeta crédito,USD,2024,11
8953,2023-01-06,55,53,4,1116,3,4771690,14315070,Campo,Transferencia,USD,2023,1
8954,2024-03-12,471,13,4,1047,1,339860,339860,Campo,Transferencia,ARS,2024,3
8955,2023-11-18,84,5,1,1101,1,4749510,4749510,Online,Cheque,USD,2023,11
8956,2023-11-13,6,6,4,1279,1,227610,227610,Campo,Tarjeta crédito,USD,2023,11
8957,2024-06-08,891,16,1,1107,4,3325030,13300120,Campo,Transferencia,USD,2024,6
8958,2024-11-21,363,6,4,1035,4,77420,309680,Teléfono,Cheque,USD,2024,11
8959,2024-04-30,856,32,1,1288,5,5375620,26878100,Mostrador,Transferencia,ARS,2024,4
8960,2024-11-21,768,1,4,1002,4,1597700,6390800,Campo,Tarjeta crédito,ARS,2024,11
8961,2023-10-18,198,17,3,1239,1,154650,154650,Mostrador,Tarjeta débito,USD,2023,10
8962,2024-01-22,664,14,1,1272,2,3435850,6871700,Online,Tarjeta crédito,ARS,2024,1
8963,2023-12-18,318,29,3,1144,5,4892050,24460250,Teléfono,Cheque,ARS,2023,12
8964,2023-01-13,170,32,1,1092,4,1965460,7861840,Online,Cheque,USD,2023,1
8965,2024-03-03,760,21,1,1221,2,3273600,6547200,Teléfono,Cheque,USD,2024,3
8966,2024-06-26,249,20,1,1054,1,78990,78990,Campo,Transferencia,ARS,2024,6
8967,2024-04-11,662,43,1,1228,2,53250,106500,Campo,Transferencia,USD,2024,4
8968,2024-09-16,210,49,1,1033,1,2261550,2261550,Campo,Transferencia,ARS,2024,9
8969,2024-03-19,912,59,2,1214,2,288780,577560,Online,Tarjeta crédito,ARS,2024,3
8970,2023-03-15,228,59,2,1136,2,6256420,12512840,Online,Tarjeta crédito,USD,2023,3
8971,2023-05-08,244,55,2,1248,1,81810,81810,Teléfono,Tarjeta débito,USD,2023,5
8972,2024-04-16,141,5,1,1053,1,283870,283870,Teléfono,Cheque,ARS,2024,4
8973,2023-10-29,120,57,4,1064,3,200800,602400,Campo,Cheque,USD,2023,10
8974,2023-03-29,293,38,4,1084,2,4345990,8691980,Mostrador,Tarjeta débito,USD,2023,3
8975,2023-12-12,180,16,1,1037,1,183710,183710,Mostrador,Efectivo,USD,2023,12
8976,2024-03-01,920,13,4,1212,4,352640,1410560,Online,Tarjeta crédito,USD,2024,3
8977,2023-11-15,125,18,3,1012,3,2229620,6688860,Mostrador,Efectivo,ARS,2023,11
8978,2024-08-30,979,25,4,1084,1,2399250,2399250,Campo,Efectivo,ARS,2024,8
8979,2024-06-07,754,14,1,1094,4,4111260,16445040,Online,Efectivo,USD,2024,6
8980,2023-11-16,212,52,1,1109,1,3241190,3241190,Online,Tarjeta crédito,USD,2023,11
8981,2024-10-07,987,40,4,1207,2,2451060,4902120,Mostrador,Transferencia,ARS,2024,10
8982,2024-06-12,17,9,4,1038,5,230950,1154750,Online,Efectivo,ARS,2024,6
8983,2024-05-31,16,2,1,1007,1,149200,149200,Online,Tarjeta débito,ARS,2024,5
8984,2024-02-29,385,35,1,1203,4,254680,1018720,Teléfono,Efectivo,USD,2024,2
8985,2023-01-13,341,60,3,1270,4,2109870,8439480,Campo,Tarjeta crédito,USD,2023,1
8986,2024-08-04,893,17,3,1075,3,95240,285720,Online,Tarjeta débito,USD,2024,8
8987,2023-11-28,257,46,4,1128,1,2521570,2521570,Online,Tarjeta crédito,ARS,2023,11
8988,2024-12-16,798,15,1,1214,4,120340,481360,Online,Tarjeta débito,ARS,2024,12
8989,2024-11-12,980,51,1,1152,1,4180080,4180080,Online,Cheque,ARS,2024,11
8990,2024-04-06,792,20,1,1010,1,4007910,4007910,Mostrador,Tarjeta débito,ARS,2024,4
8991,2023-10-04,46,20,1,1038,1,109020,109020,Online,Tarjeta débito,USD,2023,10
8992,2023-08-12,258,15,1,1105,5,2437390,12186950,Teléfono,Tarjeta crédito,USD,2023,8
8993,2023-11-18,143,38,4,1165,1,290720,290720,Campo,Cheque,USD,2023,11
8994,2023-12-25,285,59,2,1032,1,3978610,3978610,Online,Efectivo,ARS,2023,12
8995,2023-11-06,355,4,4,1212,4,151440,605760,Campo,Efectivo,USD,2023,11
8996,2024-01-17,830,32,1,1014,2,2058910,4117820,Online,Tarjeta crédito,USD,2024,1
8997,2023-07-01,13,15,1,1230,1,43240,43240,Online,Transferencia,USD,2023,7
8998,2024-12-25,979,21,1,1132,2,133560,267120,Teléfono,Tarjeta crédito,USD,2024,12
8999,2023-04-29,321,5,1,1152,3,161020,483060,Mostrador,Tarjeta crédito,USD,2023,4
9000,2024-12-13,557,13,4,1096,1,145110,145110,Online,Tarjeta débito,USD,2024,12
9001,2024-12-08,47,47,1,1010,4,3076860,12307440,Campo,Cheque,ARS,2024,12
9002,2024-01-29,528,20,1,1016,1,282850,282850,Teléfono,Efectivo,USD,2024,1
9003,2024-09-04,894,32,1,1167,5,138330,691650,Mostrador,Tarjeta débito,USD,2024,9
9004,2023-12-14,107,19,1,1096,4,125540,502160,Campo,Tarjeta crédito,USD,2023,12
9005,2024-05-23,3,53,4,1018,1,46740,46740,Campo,Cheque,ARS,2024,5
9006,2023-11-18,104,48,2,1007,1,5471920,5471920,Campo,Transferencia,USD,2023,11
9007,2023-11-07,95,4,4,1184,2,3367150,6734300,Campo,Cheque,ARS,2023,11
9008,2024-03-27,133,9,4,1245,2,34580,69160,Campo,Tarjeta crédito,USD,2024,3
9009,2023-12-31,348,20,1,1082,1,186920,186920,Mostrador,Cheque,ARS,2023,12
9010,2024-03-28,783,43,1,1131,2,165450,330900,Online,Efectivo,USD,2024,3
9011,2023-11-03,201,33,4,1129,1,53540,53540,Online,Tarjeta débito,ARS,2023,11
9012,2023-11-25,254,13,4,1289,5,6684510,33422550,Campo,Transferencia,ARS,2023,11
9013,2023-04-03,183,16,1,1074,3,4082210,12246630,Online,Efectivo,ARS,2023,4
9014,2023-02-27,150,15,1,1059,3,4388420,13165260,Campo,Efectivo,ARS,2023,2
9015,2023-10-06,37,30,1,1072,1,251740,251740,Campo,Tarjeta crédito,ARS,2023,10
9016,2023-03-23,326,43,1,1160,1,3455140,3455140,Teléfono,Cheque,ARS,2023,3
9017,2023-04-24,139,52,1,1087,1,2752260,2752260,Teléfono,Cheque,ARS,2023,4
9018,2024-11-10,612,32,1,1017,1,170320,170320,Teléfono,Transferencia,USD,2024,11
9019,2023-02-12,236,15,1,1089,1,5283390,5283390,Online,Transferencia,USD,2023,2
9020,2024-06-23,596,14,1,1149,1,3103750,3103750,Campo,Tarjeta débito,USD,2024,6
9021,2023-10-26,347,30,1,1026,1,140780,140780,Online,Tarjeta crédito,ARS,2023,10
9022,2024-11-26,966,27,4,1006,1,3809250,3809250,Campo,Efectivo,USD,2024,11
9023,2023-12-28,33,12,3,1084,3,6034910,18104730,Mostrador,Cheque,ARS,2023,12
9024,2023-11-08,121,6,4,1084,1,237710,237710,Campo,Transferencia,ARS,2023,11
9025,2024-01-20,542,32,1,1250,4,49720,198880,Campo,Tarjeta crédito,USD,2024,1
9026,2023-11-29,34,33,4,1154,1,313270,313270,Online,Cheque,USD,2023,11
9027,2024-03-12,645,52,1,1072,1,81680,81680,Online,Tarjeta crédito,ARS,2024,3
9028,2023-05-06,208,12,3,1109,2,29390,58780,Online,Tarjeta débito,ARS,2023,5
9029,2024-12-31,140,32,1,1112,1,181220,181220,Campo,Tarjeta débito,ARS,2024,12
9030,2023-12-11,76,14,1,1172,1,105470,105470,Campo,Transferencia,ARS,2023,12
9031,2023-11-20,75,46,4,1187,1,2369900,2369900,Campo,Cheque,ARS,2023,11
9032,2024-08-19,820,26,2,1285,1,330900,330900,Mostrador,Efectivo,USD,2024,8
9033,2023-11-24,307,4,4,1273,4,307630,1230520,Online,Efectivo,ARS,2023,11
9034,2024-11-16,917,43,1,1018,2,143170,286340,Campo,Tarjeta débito,USD,2024,11
9035,2023-12-19,58,35,1,1168,2,1935710,3871420,Teléfono,Efectivo,ARS,2023,12
9036,2024-08-29,98,15,1,1155,5,5430320,27151600,Campo,Tarjeta débito,USD,2024,8
9037,2023-04-28,125,27,4,1082,4,4646020,18584080,Online,Transferencia,ARS,2023,4
9038,2024-11-19,960,42,3,1075,5,124600,623000,Online,Tarjeta crédito,ARS,2024,11
9039,2024-09-16,349,6,4,1226,3,3054210,9162630,Teléfono,Cheque,ARS,2024,9
9040,2023-08-21,134,2,1,1131,3,291270,873810,Campo,Tarjeta crédito,ARS,2023,8
9041,2023-06-09,226,38,4,1249,1,183730,183730,Online,Transferencia,ARS,2023,6
9042,2023-11-11,200,21,1,1131,1,153710,153710,Campo,Cheque,USD,2023,11
9043,2024-12-25,549,19,1,1201,1,2260380,2260380,Campo,Efectivo,USD,2024,12
9044,2023-10-09,138,22,2,1296,4,5819250,23277000,Campo,Tarjeta débito,ARS,2023,10
9045,2023-12-20,208,45,2,1068,5,3779070,18895350,Online,Tarjeta débito,ARS,2023,12
9046,2023-02-02,194,19,1,1020,4,351250,1405000,Mostrador,Transferencia,USD,2023,2
9047,2023-12-03,56,2,1,1271,3,130660,391980,Campo,Tarjeta crédito,ARS,2023,12
9048,2024-03-19,339,30,1,1093,1,124860,124860,Teléfono,Tarjeta débito,ARS,2024,3
9049,2024-12-19,839,35,1,1133,4,369660,1478640,Mostrador,Cheque,ARS,2024,12
9050,2024-01-19,322,30,1,1295,1,2118770,2118770,Teléfono,Tarjeta débito,USD,2024,1
9051,2024-11-12,813,30,1,1296,2,46390,92780,Mostrador,Cheque,USD,2024,11
9052,2024-02-22,87,49,1,1135,5,117320,586600,Online,Tarjeta crédito,USD,2024,2
9053,2023-02-14,95,53,4,1033,1,337880,337880,Mostrador,Tarjeta crédito,ARS,2023,2
9054,2023-11-11,196,46,4,1293,1,3617020,3617020,Mostrador,Cheque,ARS,2023,11
9055,2024-03-24,192,34,2,1032,3,6231510,18694530,Online,Cheque,ARS,2024,3
9056,2024-12-18,656,25,4,1043,3,183300,549900,Mostrador,Cheque,ARS,2024,12
9057,2024-11-23,522,53,4,1292,1,332030,332030,Campo,Tarjeta débito,ARS,2024,11
9058,2023-09-08,241,15,1,1032,3,217770,653310,Online,Efectivo,USD,2023,9
9059,2023-08-30,149,21,1,1281,5,2353620,11768100,Online,Tarjeta débito,ARS,2023,8
9060,2023-08-09,140,36,4,1108,1,157200,157200,Mostrador,Efectivo,USD,2023,8
9061,2024-12-10,13,23,3,1096,1,134830,134830,Online,Transferencia,ARS,2024,12
9062,2024-11-21,254,27,4,1066,5,448110,2240550,Mostrador,Tarjeta débito,USD,2024,11
9063,2024-10-29,1000,53,4,1009,1,130990,130990,Teléfono,Tarjeta débito,USD,2024,10
9064,2023-12-02,81,8,2,1230,3,148640,445920,Campo,Transferencia,USD,2023,12
9065,2024-01-06,722,5,1,1221,1,359130,359130,Mostrador,Cheque,USD,2024,1
9066,2023-12-22,373,43,1,1278,1,364440,364440,Online,Efectivo,USD,2023,12
9067,2023-10-05,394,51,1,1099,2,105030,210060,Teléfono,Tarjeta crédito,USD,2023,10
9068,2024-01-07,890,32,1,1271,2,4153170,8306340,Teléfono,Efectivo,USD,2024,1
9069,2023-02-03,220,52,1,1263,5,3604870,18024350,Online,Tarjeta crédito,USD,2023,2
9070,2023-05-25,397,35,1,1164,1,2425070,2425070,Teléfono,Tarjeta crédito,USD,2023,5
9071,2024-11-30,418,5,1,1016,4,140500,562000,Campo,Tarjeta débito,ARS,2024,11
9072,2024-10-03,59,26,2,1169,1,1597700,1597700,Teléfono,Cheque,ARS,2024,10
9073,2023-12-10,128,30,1,1021,1,220320,220320,Mostrador,Efectivo,ARS,2023,12
9074,2024-01-20,817,28,2,1028,3,311010,933030,Campo,Transferencia,ARS,2024,1
9075,2023-11-26,262,5,1,1006,1,244740,244740,Campo,Tarjeta débito,USD,2023,11
9076,2024-09-21,780,23,3,1083,1,3429130,3429130,Campo,Cheque,ARS,2024,9
9077,2024-11-02,541,13,4,1273,3,5192580,15577740,Online,Efectivo,ARS,2024,11
9078,2024-10-16,333,35,1,1066,2,2651810,5303620,Online,Cheque,ARS,2024,10
9079,2024-09-01,892,21,1,1036,1,348550,348550,Campo,Tarjeta crédito,ARS,2024,9
9080,2023-08-13,282,1,4,1084,1,1702140,1702140,Online,Cheque,ARS,2023,8
9081,2023-11-17,68,59,2,1276,5,162850,814250,Campo,Cheque,USD,2023,11
9082,2023-12-23,207,57,4,1233,1,139850,139850,Teléfono,Tarjeta débito,USD,2023,12
9083,2023-11-15,272,51,1,1104,1,277330,277330,Teléfono,Tarjeta débito,ARS,2023,11
9084,2024-10-07,309,13,4,1006,1,271070,271070,Online,Transferencia,ARS,2024,10
9085,2023-11-15,175,9,4,1023,4,2322200,9288800,Online,Cheque,USD,2023,11
9086,2023-06-01,218,11,3,1170,1,264450,264450,Mostrador,Efectivo,USD,2023,6
9087,2023-12-04,160,20,1,1152,2,5394960,10789920,Mostrador,Efectivo,USD,2023,12
9088,2024-12-26,326,38,4,1244,1,2623850,2623850,Campo,Tarjeta débito,ARS,2024,12
9089,2023-09-05,244,40,4,1241,1,92730,92730,Mostrador,Tarjeta débito,ARS,2023,9
9090,2024-05-03,253,1,4,1261,2,2165860,4331720,Online,Tarjeta débito,ARS,2024,5
9091,2023-12-13,189,19,1,1046,4,319610,1278440,Mostrador,Efectivo,ARS,2023,12
9092,2023-03-19,261,33,4,1273,2,1581800,3163600,Mostrador,Transferencia,USD,2023,3
9093,2023-12-28,386,5,1,1075,3,4399390,13198170,Mostrador,Transferencia,ARS,2023,12
9094,2024-08-10,130,19,1,1283,3,190640,571920,Online,Cheque,ARS,2024,8
9095,2024-01-16,485,3,3,1196,1,1620490,1620490,Campo,Tarjeta crédito,ARS,2024,1
9096,2024-11-26,3,47,1,1023,2,305260,610520,Mostrador,Tarjeta crédito,USD,2024,11
9097,2023-11-04,351,58,3,1087,5,4367210,21836050,Teléfono,Transferencia,ARS,2023,11
9098,2023-04-05,43,42,3,1121,1,2017250,2017250,Online,Efectivo,USD,2023,4
9099,2024-12-14,133,19,1,1149,2,26950,53900,Teléfono,Efectivo,USD,2024,12
9100,2023-11-28,178,18,3,1150,1,3713870,3713870,Teléfono,Tarjeta débito,USD,2023,11
9101,2024-03-25,494,13,4,1065,4,146910,587640,Online,Cheque,USD,2024,3
9102,2024-11-04,266,20,1,1160,5,321200,1606000,Mostrador,Efectivo,ARS,2024,11
9103,2023-11-13,24,44,3,1284,1,352570,352570,Campo,Cheque,ARS,2023,11
9104,2024-08-25,534,16,1,1082,1,219950,219950,Online,Tarjeta débito,ARS,2024,8
9105,2023-05-29,345,45,2,1007,5,248970,1244850,Online,Cheque,ARS,2023,5
9106,2023-11-04,3,5,1,1182,1,3510730,3510730,Mostrador,Tarjeta débito,USD,2023,11
9107,2023-06-08,400,19,1,1014,1,3882820,3882820,Campo,Tarjeta débito,USD,2023,6
9108,2024-11-10,670,16,1,1183,5,303380,1516900,Teléfono,Efectivo,USD,2024,11
9109,2023-09-02,368,38,4,1084,1,137220,137220,Campo,Cheque,ARS,2023,9
9110,2024-08-26,427,42,3,1044,1,6742670,6742670,Campo,Transferencia,USD,2024,8
9111,2024-12-16,4,39,2,1174,4,300500,1202000,Online,Cheque,USD,2024,12
9112,2024-01-31,619,15,1,1014,1,5103570,5103570,Teléfono,Transferencia,USD,2024,1
9113,2024-02-14,808,34,2,1300,2,361500,723000,Online,Efectivo,ARS,2024,2
9114,2023-12-21,272,16,1,1073,5,3369800,16849000,Mostrador,Tarjeta crédito,ARS,2023,12
9115,2023-11-14,232,15,1,1223,4,4764730,19058920,Teléfono,Cheque,ARS,2023,11
9116,2023-12-25,361,59,2,1002,1,297600,297600,Online,Tarjeta crédito,ARS,2023,12
9117,2024-04-23,750,5,1,1210,2,3111170,6222340,Campo,Tarjeta crédito,ARS,2024,4
9118,2024-12-28,72,47,1,1261,3,3218220,9654660,Campo,Efectivo,ARS,2024,12
9119,2024-12-14,88,42,3,1090,5,67290,336450,Campo,Transferencia,ARS,2024,12
9120,2024-11-24,528,27,4,1298,1,119450,119450,Mostrador,Tarjeta débito,USD,2024,11
9121,2024-12-01,886,16,1,1039,4,2343990,9375960,Teléfono,Cheque,USD,2024,12
9122,2023-12-23,91,47,1,1252,1,167710,167710,Campo,Efectivo,ARS,2023,12
9123,2024-06-22,450,14,1,1103,1,337150,337150,Mostrador,Tarjeta débito,USD,2024,6
9124,2024-12-03,439,25,4,1047,1,240750,240750,Online,Tarjeta débito,USD,2024,12
9125,2023-12-02,20,33,4,1226,4,238990,955960,Online,Tarjeta crédito,USD,2023,12
9126,2024-12-21,435,41,3,1163,4,2251150,9004600,Teléfono,Cheque,ARS,2024,12
9127,2023-12-09,212,4,4,1116,4,357970,1431880,Teléfono,Cheque,USD,2023,12
9128,2024-04-21,84,55,2,1079,1,396300,396300,Campo,Efectivo,ARS,2024,4
9129,2024-08-18,339,38,4,1008,5,159750,798750,Teléfono,Transferencia,USD,2024,8
9130,2024-12-18,953,43,1,1023,1,186870,186870,Mostrador,Cheque,ARS,2024,12
9131,2023-09-26,126,15,1,1269,1,50730,50730,Mostrador,Tarjeta crédito,USD,2023,9
9132,2024-09-27,563,11,3,1279,5,57250,286250,Campo,Transferencia,USD,2024,9
9133,2024-01-24,18,20,1,1031,1,161830,161830,Mostrador,Tarjeta crédito,ARS,2024,1
9134,2023-10-22,337,31,3,1170,3,157760,473280,Online,Transferencia,ARS,2023,10
9135,2024-10-30,955,21,1,1130,1,290780,290780,Mostrador,Cheque,ARS,2024,10
9136,2024-02-27,865,24,3,1157,1,26340,26340,Campo,Transferencia,ARS,2024,2
9137,2024-06-26,629,49,1,1022,1,170420,170420,Online,Transferencia,USD,2024,6
9138,2023-11-13,124,15,1,1126,5,4247290,21236450,Mostrador,Transferencia,USD,2023,11
9139,2023-12-26,28,38,4,1169,1,1726630,1726630,Online,Cheque,ARS,2023,12
9140,2024-05-09,965,4,4,1166,1,2543310,2543310,Teléfono,Efectivo,USD,2024,5
9141,2023-12-06,345,25,4,1157,4,2547200,10188800,Online,Transferencia,USD,2023,12
9142,2023-08-06,141,6,4,1006,1,288850,288850,Campo,Transferencia,USD,2023,8
9143,2024-12-21,6,33,4,1022,2,266090,532180,Mostrador,Tarjeta débito,USD,2024,12
9144,2024-01-14,669,11,3,1264,1,162230,162230,Mostrador,Tarjeta crédito,USD,2024,1
9145,2024-09-14,618,5,1,1212,2,4749510,9499020,Online,Cheque,USD,2024,9
9146,2023-12-07,119,47,1,1263,2,2319190,4638380,Campo,Cheque,ARS,2023,12
9147,2023-11-22,137,47,1,1212,1,1927830,1927830,Online,Tarjeta débito,ARS,2023,11
9148,2023-12-06,29,36,4,1164,1,3202020,3202020,Mostrador,Transferencia,USD,2023,12
9149,2023-12-07,166,30,1,1136,3,135760,407280,Online,Tarjeta crédito,ARS,2023,12
9150,2024-02-18,65,36,4,1252,3,113520,340560,Online,Tarjeta crédito,ARS,2024,2
9151,2024-02-18,56,22,2,1205,2,5470620,10941240,Mostrador,Efectivo,USD,2024,2
9152,2023-12-31,286,4,4,1204,3,3660250,10980750,Teléfono,Efectivo,ARS,2023,12
9153,2023-05-28,370,49,1,1218,3,204960,614880,Teléfono,Cheque,USD,2023,5
9154,2023-12-31,96,52,1,1242,1,4969840,4969840,Online,Tarjeta débito,USD,2023,12
9155,2023-07-05,377,57,4,1062,2,5588690,11177380,Online,Efectivo,ARS,2023,7
9156,2023-05-19,215,15,1,1279,4,180820,723280,Teléfono,Tarjeta crédito,ARS,2023,5
9157,2024-12-13,743,5,1,1061,1,48760,48760,Mostrador,Cheque,ARS,2024,12
9158,2024-04-25,58,52,1,1135,1,237040,237040,Campo,Tarjeta crédito,USD,2024,4
9159,2024-06-24,906,21,1,1218,1,4333650,4333650,Mostrador,Efectivo,USD,2024,6
9160,2023-12-05,184,32,1,1299,4,6004570,24018280,Teléfono,Efectivo,USD,2023,12
9161,2024-12-07,282,3,3,1095,1,41990,41990,Mostrador,Tarjeta crédito,ARS,2024,12
9162,2024-05-31,783,8,2,1148,1,1909600,1909600,Mostrador,Tarjeta crédito,ARS,2024,5
9163,2024-10-22,721,34,2,1259,1,255900,255900,Online,Efectivo,USD,2024,10
9164,2023-11-26,163,30,1,1030,1,2060970,2060970,Mostrador,Tarjeta débito,USD,2023,11
9165,2024-12-21,89,38,4,1018,5,4300320,21501600,Mostrador,Tarjeta débito,ARS,2024,12
9166,2024-11-12,783,46,4,1187,1,2053490,2053490,Teléfono,Cheque,ARS,2024,11
9167,2024-11-21,97,16,1,1212,5,5046420,25232100,Teléfono,Tarjeta débito,USD,2024,11
9168,2023-07-08,75,16,1,1035,1,4056350,4056350,Campo,Tarjeta crédito,ARS,2023,7
9169,2023-10-25,88,14,1,1147,2,147670,295340,Teléfono,Transferencia,ARS,2023,10
9170,2023-11-03,6,33,4,1282,4,1524630,6098520,Online,Cheque,ARS,2023,11
9171,2023-10-25,156,46,4,1035,2,296600,593200,Campo,Tarjeta crédito,ARS,2023,10
9172,2024-11-22,63,25,4,1076,3,72450,217350,Online,Efectivo,ARS,2024,11
9173,2023-02-04,29,32,1,1072,5,47840,239200,Teléfono,Transferencia,ARS,2023,2
9174,2023-03-25,304,56,2,1249,3,82930,248790,Campo,Tarjeta crédito,USD,2023,3
9175,2023-10-28,191,52,1,1057,4,3761190,15044760,Mostrador,Tarjeta débito,USD,2023,10
9176,2023-08-08,204,5,1,1032,4,4623750,18495000,Teléfono,Tarjeta crédito,USD,2023,8
9177,2023-09-12,278,56,2,1010,3,115820,347460,Online,Cheque,USD,2023,9
9178,2024-11-06,539,43,1,1213,5,4121390,20606950,Campo,Tarjeta débito,ARS,2024,11
9179,2024-03-10,85,13,4,1237,4,31160,124640,Campo,Efectivo,USD,2024,3
9180,2023-01-07,335,26,2,1234,3,243790,731370,Teléfono,Tarjeta débito,ARS,2023,1
9181,2023-12-12,210,40,4,1223,5,292940,1464700,Teléfono,Efectivo,USD,2023,12
9182,2023-12-06,138,32,1,1104,1,3346190,3346190,Online,Tarjeta débito,ARS,2023,12
9183,2023-05-05,278,36,4,1079,2,191060,382120,Teléfono,Transferencia,ARS,2023,5
9184,2024-07-12,172,9,4,1098,1,435960,435960,Mostrador,Tarjeta débito,ARS,2024,7
9185,2024-08-10,852,33,4,1226,2,266740,533480,Mostrador,Tarjeta crédito,USD,2024,8
9186,2024-08-30,339,1,4,1222,5,391530,1957650,Campo,Transferencia,USD,2024,8
9187,2024-09-08,668,13,4,1119,4,302700,1210800,Online,Efectivo,USD,2024,9
9188,2023-01-01,229,11,3,1039,4,132660,530640,Campo,Tarjeta débito,USD,2023,1
9189,2024-12-19,818,35,1,1280,1,57940,57940,Campo,Transferencia,ARS,2024,12
9190,2024-11-11,179,53,4,1043,1,195280,195280,Teléfono,Transferencia,USD,2024,11
9191,2024-12-05,247,25,4,1007,1,3902200,3902200,Mostrador,Tarjeta crédito,ARS,2024,12
9192,2023-01-18,385,40,4,1153,2,1938940,3877880,Online,Tarjeta débito,USD,2023,1
9193,2024-12-13,674,54,2,1167,1,3617020,3617020,Online,Tarjeta débito,USD,2024,12
9194,2024-11-09,675,19,1,1290,1,354990,354990,Campo,Transferencia,USD,2024,11
9195,2024-11-17,730,40,4,1224,1,54350,54350,Campo,Tarjeta débito,ARS,2024,11
9196,2023-04-13,317,25,4,1119,2,324190,648380,Online,Tarjeta crédito,USD,2023,4
9197,2024-09-19,286,15,1,1214,1,4619080,4619080,Mostrador,Efectivo,ARS,2024,9
9198,2024-12-21,76,20,1,1053,3,254340,763020,Campo,Tarjeta débito,ARS,2024,12
9199,2024-07-15,974,22,2,1220,4,2456120,9824480,Online,Cheque,ARS,2024,7
9200,2024-03-18,999,19,1,1243,1,108850,108850,Online,Transferencia,ARS,2024,3
9201,2024-12-17,452,32,1,1053,2,71770,143540,Teléfono,Tarjeta débito,ARS,2024,12
9202,2023-12-16,204,16,1,1117,1,2379810,2379810,Mostrador,Cheque,ARS,2023,12
9203,2024-04-19,728,6,4,1258,1,6094420,6094420,Teléfono,Tarjeta crédito,ARS,2024,4
9204,2023-12-25,223,5,1,1042,2,98930,197860,Teléfono,Transferencia,ARS,2023,12
9205,2024-12-13,193,43,1,1247,4,199390,797560,Online,Tarjeta crédito,ARS,2024,12
9206,2023-03-25,293,1,4,1291,4,233070,932280,Teléfono,Transferencia,ARS,2023,3
9207,2024-01-02,704,33,4,1248,2,383550,767100,Mostrador,Efectivo,ARS,2024,1
9208,2024-07-24,897,1,4,1101,1,389320,389320,Mostrador,Transferencia,USD,2024,7
9209,2024-11-04,911,16,1,1087,1,4239600,4239600,Teléfono,Cheque,ARS,2024,11
9210,2024-04-01,781,13,4,1084,1,221220,221220,Mostrador,Transferencia,USD,2024,4
9211,2024-12-07,413,2,1,1261,1,313370,313370,Teléfono,Cheque,ARS,2024,12
9212,2024-12-16,439,36,4,1221,1,3552080,3552080,Teléfono,Cheque,USD,2024,12
9213,2023-03-12,301,29,3,1154,1,180200,180200,Online,Cheque,ARS,2023,3
9214,2023-12-05,260,35,1,1051,2,217770,435540,Teléfono,Transferencia,USD,2023,12
9215,2023-01-26,192,34,2,1038,1,364750,364750,Online,Tarjeta crédito,USD,2023,1
9216,2023-11-15,271,20,1,1259,1,124860,124860,Online,Tarjeta crédito,USD,2023,11
9217,2024-02-10,616,27,4,1187,1,2283570,2283570,Campo,Efectivo,USD,2024,2
9218,2024-12-07,432,5,1,1013,1,29420,29420,Campo,Transferencia,ARS,2024,12
9219,2024-11-19,716,44,3,1223,1,3230950,3230950,Campo,Efectivo,ARS,2024,11
9220,2023-05-20,184,52,1,1087,4,296190,1184760,Teléfono,Tarjeta débito,USD,2023,5
9221,2023-04-13,217,16,1,1259,2,3911940,7823880,Mostrador,Transferencia,USD,2023,4
9222,2024-04-08,91,4,4,1181,2,103030,206060,Campo,Transferencia,ARS,2024,4
9223,2024-02-05,198,9,4,1026,1,1992870,1992870,Mostrador,Efectivo,USD,2024,2
9224,2023-10-20,399,46,4,1173,3,2429610,7288830,Online,Transferencia,ARS,2023,10
9225,2024-12-04,39,14,1,1230,4,268340,1073360,Teléfono,Tarjeta crédito,USD,2024,12
9226,2024-12-12,709,43,1,1195,1,299890,299890,Teléfono,Tarjeta crédito,USD,2024,12
9227,2023-12-05,79,59,2,1127,4,329980,1319920,Mostrador,Efectivo,USD,2023,12
9228,2024-12-01,729,55,2,1245,2,375460,750920,Mostrador,Tarjeta crédito,USD,2024,12
9229,2023-11-30,316,19,1,1214,1,80360,80360,Mostrador,Tarjeta crédito,ARS,2023,11
9230,2024-09-17,94,40,4,1196,3,4252550,12757650,Online,Transferencia,USD,2024,9
9231,2023-12-25,172,51,1,1062,1,4224870,4224870,Campo,Tarjeta débito,ARS,2023,12
9232,2023-05-15,43,16,1,1025,4,4813170,19252680,Online,Transferencia,ARS,2023,5
9233,2024-12-12,132,2,1,1052,5,3874560,19372800,Campo,Efectivo,USD,2024,12
9234,2023-12-19,77,10,3,1050,1,1523540,1523540,Teléfono,Tarjeta crédito,USD,2023,12
9235,2024-09-14,946,53,4,1295,4,415010,1660040,Campo,Tarjeta crédito,USD,2024,9
9236,2023-11-25,232,39,2,1052,1,1745350,1745350,Mostrador,Tarjeta crédito,ARS,2023,11
9237,2023-01-21,39,48,2,1201,1,199390,199390,Campo,Tarjeta débito,ARS,2023,1
9238,2023-04-21,54,2,1,1040,2,121250,242500,Campo,Cheque,USD,2023,4
9239,2023-12-31,151,9,4,1232,1,31700,31700,Online,Transferencia,ARS,2023,12
9240,2024-07-27,700,57,4,1060,4,298170,1192680,Teléfono,Efectivo,USD,2024,7
9241,2023-11-16,310,40,4,1216,5,5863250,29316250,Mostrador,Tarjeta débito,ARS,2023,11
9242,2024-08-02,186,14,1,1127,1,402900,402900,Mostrador,Tarjeta débito,ARS,2024,8
9243,2024-08-06,318,56,2,1197,2,402900,805800,Mostrador,Cheque,USD,2024,8
9244,2024-08-12,464,41,3,1276,4,241640,966560,Mostrador,Efectivo,ARS,2024,8
9245,2023-12-30,135,40,4,1143,1,189590,189590,Teléfono,Tarjeta crédito,ARS,2023,12
9246,2024-12-08,503,53,4,1002,2,2160580,4321160,Online,Transferencia,ARS,2024,12
9247,2023-12-29,173,13,4,1106,1,357700,357700,Online,Efectivo,USD,2023,12
9248,2023-12-18,269,16,1,1216,1,138910,138910,Online,Tarjeta crédito,ARS,2023,12
9249,2023-08-07,115,53,4,1265,1,225060,225060,Mostrador,Efectivo,USD,2023,8
9250,2023-11-09,221,41,3,1167,2,143300,286600,Mostrador,Cheque,USD,2023,11
9251,2023-02-16,39,38,4,1247,1,141980,141980,Teléfono,Efectivo,USD,2023,2
9252,2024-05-26,340,32,1,1210,1,3437600,3437600,Teléfono,Tarjeta crédito,USD,2024,5
9253,2023-09-30,242,35,1,1058,1,140450,140450,Campo,Tarjeta débito,USD,2023,9
9254,2023-11-08,221,8,2,1043,1,5168230,5168230,Mostrador,Efectivo,ARS,2023,11
9255,2024-10-24,658,16,1,1138,1,308930,308930,Online,Transferencia,ARS,2024,10
9256,2023-11-14,164,15,1,1109,1,2305340,2305340,Campo,Transferencia,ARS,2023,11
9257,2023-09-23,361,53,4,1048,1,129940,129940,Online,Cheque,ARS,2023,9
9258,2023-07-05,368,2,1,1126,1,97130,97130,Online,Cheque,USD,2023,7
9259,2024-10-29,996,43,1,1214,1,163710,163710,Online,Tarjeta débito,USD,2024,10
9260,2023-05-23,328,2,1,1128,1,123910,123910,Mostrador,Tarjeta débito,ARS,2023,5
9261,2023-12-19,259,2,1,1198,3,279220,837660,Online,Cheque,ARS,2023,12
9262,2024-01-09,190,33,4,1202,1,29530,29530,Campo,Tarjeta débito,USD,2024,1
9263,2024-07-25,413,52,1,1192,1,257760,257760,Teléfono,Transferencia,USD,2024,7
9264,2024-05-26,329,51,1,1107,1,5591700,5591700,Mostrador,Cheque,ARS,2024,5
9265,2024-11-10,776,6,4,1194,5,49040,245200,Mostrador,Efectivo,ARS,2024,11
9266,2023-02-19,222,36,4,1079,5,428790,2143950,Mostrador,Tarjeta débito,ARS,2023,2
9267,2023-11-06,332,51,1,1238,1,50980,50980,Online,Efectivo,USD,2023,11
9268,2023-11-01,174,38,4,1132,1,191140,191140,Mostrador,Tarjeta crédito,USD,2023,11
9269,2023-06-10,92,10,3,1083,1,291720,291720,Online,Transferencia,ARS,2023,6
9270,2023-11-04,106,36,4,1284,3,286820,860460,Online,Transferencia,USD,2023,11
9271,2023-11-09,245,55,2,1222,1,3595800,3595800,Online,Tarjeta débito,ARS,2023,11
9272,2024-01-25,305,36,4,1106,1,2124230,2124230,Campo,Efectivo,USD,2024,1
9273,2024-06-29,555,51,1,1294,1,64190,64190,Campo,Transferencia,USD,2024,6
9274,2023-11-29,394,15,1,1066,1,426310,426310,Mostrador,Efectivo,ARS,2023,11
9275,2024-08-29,909,15,1,1195,1,3125440,3125440,Teléfono,Cheque,USD,2024,8
9276,2023-11-17,258,26,2,1188,4,1720710,6882840,Mostrador,Tarjeta débito,ARS,2023,11
9277,2023-11-04,321,46,4,1047,1,317440,317440,Campo,Tarjeta crédito,ARS,2023,11
9278,2024-02-15,598,60,3,1025,1,333710,333710,Online,Tarjeta crédito,USD,2024,2
9279,2023-01-27,97,16,1,1066,1,156480,156480,Mostrador,Cheque,ARS,2023,1
9280,2023-03-29,266,47,1,1226,3,291690,875070,Online,Transferencia,USD,2023,3
9281,2023-12-09,63,19,1,1067,1,307950,307950,Online,Cheque,ARS,2023,12
9282,2024-12-16,103,9,4,1197,1,143760,143760,Teléfono,Transferencia,USD,2024,12
9283,2024-08-31,254,24,3,1246,3,4260020,12780060,Online,Transferencia,ARS,2024,8
9284,2023-04-07,317,58,3,1296,1,3456990,3456990,Teléfono,Transferencia,ARS,2023,4
9285,2024-11-19,513,57,4,1100,4,111740,446960,Teléfono,Tarjeta crédito,USD,2024,11
9286,2024-09-12,666,57,4,1178,1,43040,43040,Mostrador,Tarjeta débito,USD,2024,9
9287,2024-05-02,493,37,3,1115,1,2806350,2806350,Online,Efectivo,USD,2024,5
9288,2024-11-12,261,30,1,1168,4,5452840,21811360,Online,Efectivo,USD,2024,11
9289,2023-12-05,35,53,4,1119,4,4803840,19215360,Online,Efectivo,USD,2023,12
9290,2023-08-31,381,27,4,1165,4,128700,514800,Mostrador,Cheque,USD,2023,8
9291,2024-01-14,397,33,4,1219,3,5021700,15065100,Mostrador,Tarjeta crédito,USD,2024,1
9292,2024-02-24,27,27,4,1197,5,365260,1826300,Campo,Transferencia,USD,2024,2
9293,2024-02-12,908,36,4,1228,5,447390,2236950,Online,Tarjeta crédito,USD,2024,2
9294,2024-03-12,862,4,4,1237,1,344520,344520,Teléfono,Transferencia,ARS,2024,3
9295,2024-12-17,306,9,4,1169,1,120190,120190,Campo,Tarjeta débito,ARS,2024,12
9296,2024-12-05,736,5,1,1076,4,137540,550160,Teléfono,Tarjeta débito,USD,2024,12
9297,2024-11-27,699,45,2,1287,5,122400,612000,Mostrador,Cheque,USD,2024,11
9298,2024-11-07,671,23,3,1033,1,2667100,2667100,Mostrador,Cheque,ARS,2024,11
9299,2024-12-16,581,35,1,1299,1,2025810,2025810,Online,Efectivo,USD,2024,12
9300,2023-04-19,165,53,4,1128,2,130840,261680,Online,Transferencia,ARS,2023,4
9301,2023-10-18,258,25,4,1230,4,3701480,14805920,Mostrador,Tarjeta crédito,USD,2023,10
9302,2023-12-30,102,57,4,1195,1,300520,300520,Campo,Transferencia,USD,2023,12
9303,2024-11-19,455,46,4,1294,1,159420,159420,Teléfono,Efectivo,ARS,2024,11
9304,2024-01-07,193,30,1,1297,1,59270,59270,Campo,Transferencia,ARS,2024,1
9305,2024-09-29,771,9,4,1278,4,2849770,11399080,Campo,Cheque,ARS,2024,9
9306,2023-06-02,386,7,2,1230,1,288620,288620,Mostrador,Transferencia,USD,2023,6
9307,2023-10-04,298,52,1,1096,2,3125440,6250880,Teléfono,Cheque,ARS,2023,10
9308,2024-09-11,299,30,1,1171,1,294180,294180,Campo,Tarjeta débito,ARS,2024,9
9309,2023-06-30,21,53,4,1255,1,161830,161830,Online,Tarjeta crédito,ARS,2023,6
9310,2023-11-21,45,31,3,1006,5,337450,1687250,Online,Transferencia,USD,2023,11
9311,2023-10-18,276,33,4,1032,1,5658750,5658750,Online,Tarjeta débito,ARS,2023,10
9312,2023-11-20,171,7,2,1045,2,3200680,6401360,Online,Cheque,ARS,2023,11
9313,2024-08-17,690,47,1,1072,1,248960,248960,Teléfono,Efectivo,ARS,2024,8
9314,2023-11-25,223,32,1,1020,3,5609560,16828680,Teléfono,Efectivo,USD,2023,11
9315,2024-03-02,299,19,1,1239,1,3845880,3845880,Online,Efectivo,USD,2024,3
9316,2023-04-20,24,57,4,1199,3,360480,1081440,Campo,Tarjeta débito,ARS,2023,4
9317,2024-11-08,338,32,1,1065,1,365610,365610,Teléfono,Efectivo,ARS,2024,11
9318,2023-11-26,84,46,4,1188,1,2151750,2151750,Online,Efectivo,ARS,2023,11
9319,2024-06-12,60,46,4,1089,2,162160,324320,Mostrador,Transferencia,ARS,2024,6
9320,2024-09-04,288,9,4,1201,4,2194210,8776840,Online,Transferencia,ARS,2024,9
9321,2023-08-18,122,55,2,1023,1,3808950,3808950,Mostrador,Efectivo,USD,2023,8
9322,2024-11-30,517,4,4,1296,1,3237260,3237260,Online,Tarjeta crédito,USD,2024,11
9323,2024-05-07,898,14,1,1130,1,1938940,1938940,Mostrador,Tarjeta crédito,USD,2024,5
9324,2023-12-12,154,43,1,1154,3,387850,1163550,Online,Transferencia,USD,2023,12
9325,2023-07-20,281,47,1,1078,1,4516680,4516680,Mostrador,Efectivo,ARS,2023,7
9326,2024-12-16,434,46,4,1190,4,137140,548560,Mostrador,Efectivo,USD,2024,12
9327,2024-10-07,342,30,1,1300,1,298410,298410,Online,Cheque,USD,2024,10
9328,2023-08-17,86,28,2,1154,1,2660270,2660270,Mostrador,Cheque,ARS,2023,8
9329,2023-11-17,75,20,1,1113,3,98500,295500,Online,Efectivo,USD,2023,11
9330,2024-11-09,779,51,1,1167,1,235240,235240,Teléfono,Tarjeta débito,USD,2024,11
9331,2024-08-03,191,47,1,1117,1,267880,267880,Mostrador,Cheque,ARS,2024,8
9332,2024-10-19,252,4,4,1005,2,1476670,2953340,Mostrador,Tarjeta crédito,ARS,2024,10
9333,2023-12-15,68,24,3,1216,1,204470,204470,Online,Cheque,USD,2023,12
9334,2024-08-25,865,6,4,1035,1,130840,130840,Campo,Efectivo,USD,2024,8
9335,2023-11-30,146,1,4,1272,2,1599940,3199880,Mostrador,Tarjeta crédito,USD,2023,11
9336,2023-08-20,364,53,4,1159,1,83890,83890,Campo,Efectivo,ARS,2023,8
9337,2024-05-26,634,45,2,1210,3,369200,1107600,Teléfono,Tarjeta débito,USD,2024,5
9338,2024-12-25,924,37,3,1014,3,2157880,6473640,Teléfono,Efectivo,ARS,2024,12
9339,2023-11-10,42,29,3,1025,2,3450150,6900300,Online,Tarjeta crédito,ARS,2023,11
9340,2023-12-21,316,45,2,1226,1,426310,426310,Campo,Cheque,USD,2023,12
9341,2024-07-10,662,1,4,1218,5,184170,920850,Campo,Cheque,USD,2024,7
9342,2024-02-16,936,23,3,1254,2,411160,822320,Mostrador,Cheque,ARS,2024,2
9343,2024-11-19,574,27,4,1203,5,2366170,11830850,Teléfono,Tarjeta crédito,USD,2024,11
9344,2024-10-14,255,9,4,1101,1,395790,395790,Mostrador,Cheque,ARS,2024,10
9345,2023-03-05,131,47,1,1229,1,363150,363150,Online,Efectivo,ARS,2023,3
9346,2024-12-31,839,42,3,1199,4,122520,490080,Mostrador,Transferencia,ARS,2024,12
9347,2024-10-04,959,43,1,1178,4,54350,217400,Campo,Transferencia,USD,2024,10
9348,2024-11-24,377,17,3,1276,1,4345990,4345990,Campo,Cheque,ARS,2024,11
9349,2024-06-15,532,53,4,1110,5,125220,626100,Online,Efectivo,USD,2024,6
9350,2024-11-22,199,46,4,1130,2,167360,334720,Campo,Tarjeta débito,ARS,2024,11
9351,2023-05-04,327,15,1,1279,1,34400,34400,Campo,Cheque,USD,2023,5
9352,2023-11-20,221,47,1,1288,5,396890,1984450,Mostrador,Efectivo,USD,2023,11
9353,2024-11-28,410,16,1,1141,1,273690,273690,Teléfono,Cheque,USD,2024,11
9354,2023-08-10,131,35,1,1013,1,5874190,5874190,Mostrador,Efectivo,ARS,2023,8
9355,2023-03-27,171,4,4,1217,1,2043270,2043270,Teléfono,Transferencia,USD,2023,3
9356,2024-11-03,145,9,4,1186,1,4724460,4724460,Campo,Tarjeta crédito,ARS,2024,11
9357,2024-11-16,488,38,4,1027,1,1785430,1785430,Campo,Transferencia,ARS,2024,11
9358,2023-06-28,340,33,4,1218,1,412400,412400,Online,Efectivo,ARS,2023,6
9359,2024-11-22,354,20,1,1014,5,4111260,20556300,Online,Tarjeta débito,USD,2024,11
9360,2024-07-24,181,43,1,1142,4,177680,710720,Mostrador,Transferencia,ARS,2024,7
9361,2024-01-23,948,21,1,1164,1,181940,181940,Teléfono,Tarjeta crédito,ARS,2024,1
9362,2024-11-15,161,57,4,1119,1,4955600,4955600,Mostrador,Cheque,USD,2024,11
9363,2023-12-09,60,27,4,1055,1,149140,149140,Mostrador,Efectivo,USD,2023,12
9364,2023-08-01,215,27,4,1191,1,209630,209630,Teléfono,Tarjeta crédito,USD,2023,8
9365,2023-11-03,68,35,1,1285,3,271320,813960,Online,Efectivo,USD,2023,11
9366,2024-01-07,952,20,1,1089,4,361500,1446000,Online,Efectivo,ARS,2024,1
9367,2024-02-04,873,4,4,1045,3,3950500,11851500,Campo,Transferencia,ARS,2024,2
9368,2024-11-08,192,14,1,1132,1,102760,102760,Campo,Tarjeta débito,ARS,2024,11
9369,2024-11-04,488,1,4,1066,1,405380,405380,Teléfono,Tarjeta débito,USD,2024,11
9370,2024-03-30,225,51,1,1279,1,278070,278070,Teléfono,Transferencia,ARS,2024,3
9371,2024-11-01,392,5,1,1119,1,5120120,5120120,Campo,Tarjeta débito,USD,2024,11
9372,2023-07-30,197,38,4,1148,1,378690,378690,Mostrador,Tarjeta débito,ARS,2023,7
9373,2023-02-24,161,19,1,1145,1,178340,178340,Teléfono,Efectivo,USD,2023,2
9374,2024-11-27,761,4,4,1006,1,4854690,4854690,Mostrador,Transferencia,USD,2024,11
9375,2023-03-24,111,1,4,1082,1,50100,50100,Mostrador,Efectivo,ARS,2023,3
9376,2023-09-28,391,45,2,1123,5,305950,1529750,Online,Cheque,USD,2023,9
9377,2024-08-02,59,36,4,1167,1,449140,449140,Teléfono,Tarjeta crédito,ARS,2024,8
9378,2023-12-07,33,23,3,1237,1,340020,340020,Campo,Cheque,USD,2023,12
9379,2024-11-28,553,14,1,1105,1,52290,52290,Campo,Tarjeta débito,USD,2024,11
9380,2023-11-06,161,1,4,1290,1,230140,230140,Campo,Transferencia,USD,2023,11
9381,2023-01-14,29,12,3,1238,1,212950,212950,Online,Efectivo,ARS,2023,1
9382,2023-11-07,255,47,1,1178,1,244230,244230,Campo,Cheque,USD,2023,11
9383,2024-03-27,935,38,4,1082,1,202660,202660,Online,Tarjeta débito,USD,2024,3
9384,2023-11-28,185,55,2,1094,4,3616950,14467800,Teléfono,Cheque,USD,2023,11
9385,2024-02-08,873,6,4,1066,1,2365380,2365380,Mostrador,Transferencia,USD,2024,2
9386,2024-11-28,224,40,4,1298,1,4689400,4689400,Campo,Cheque,ARS,2024,11
9387,2024-12-07,357,22,2,1285,3,74220,222660,Online,Tarjeta crédito,ARS,2024,12
9388,2023-10-19,221,8,2,1297,1,176800,176800,Teléfono,Tarjeta crédito,ARS,2023,10
9389,2023-12-21,320,35,1,1155,3,342040,1026120,Mostrador,Efectivo,USD,2023,12
9390,2024-02-24,598,54,2,1066,3,336120,1008360,Teléfono,Tarjeta débito,USD,2024,2
9391,2024-12-18,578,6,4,1112,5,215990,1079950,Campo,Cheque,USD,2024,12
9392,2024-12-31,114,40,4,1171,1,53290,53290,Online,Tarjeta crédito,ARS,2024,12
9393,2023-09-16,378,16,1,1247,3,286820,860460,Mostrador,Transferencia,USD,2023,9
9394,2024-09-06,777,50,3,1066,4,1865830,7463320,Online,Tarjeta crédito,USD,2024,9
9395,2023-11-28,285,9,4,1068,1,3595940,3595940,Online,Tarjeta crédito,ARS,2023,11
9396,2023-01-09,97,60,3,1034,1,2111090,2111090,Teléfono,Transferencia,ARS,2023,1
9397,2023-01-11,330,1,4,1001,1,164490,164490,Teléfono,Cheque,ARS,2023,1
9398,2023-12-21,124,1,4,1151,1,182150,182150,Online,Efectivo,USD,2023,12
9399,2023-12-28,156,43,1,1272,2,2221380,4442760,Online,Cheque,ARS,2023,12
9400,2023-01-25,110,32,1,1258,1,288100,288100,Campo,Tarjeta crédito,ARS,2023,1
9401,2024-07-24,53,36,4,1238,1,363060,363060,Online,Tarjeta crédito,ARS,2024,7
9402,2023-11-05,174,48,2,1116,1,50140,50140,Online,Tarjeta débito,USD,2023,11
9403,2024-03-07,679,44,3,1076,1,42740,42740,Online,Efectivo,ARS,2024,3
9404,2023-11-07,76,38,4,1283,3,2991640,8974920,Online,Efectivo,USD,2023,11
9405,2023-07-03,314,27,4,1019,1,374220,374220,Campo,Tarjeta crédito,USD,2023,7
9406,2023-12-06,214,47,1,1284,1,3595940,3595940,Mostrador,Cheque,USD,2023,12
9407,2023-09-12,182,14,1,1035,1,360470,360470,Online,Cheque,USD,2023,9
9408,2024-02-08,390,32,1,1119,1,3824150,3824150,Online,Cheque,ARS,2024,2
9409,2023-08-07,45,22,2,1032,1,311170,311170,Online,Transferencia,USD,2023,8
9410,2024-01-10,936,15,1,1241,1,393410,393410,Teléfono,Cheque,USD,2024,1
9411,2023-06-22,151,60,3,1007,2,209460,418920,Teléfono,Transferencia,ARS,2023,6
9412,2024-07-07,117,35,1,1037,1,4831270,4831270,Campo,Cheque,USD,2024,7
9413,2024-10-06,122,22,2,1153,1,313330,313330,Online,Tarjeta débito,ARS,2024,10
9414,2023-05-02,170,43,1,1245,5,250750,1253750,Mostrador,Tarjeta crédito,ARS,2023,5
9415,2023-12-23,166,28,2,1250,2,207540,415080,Mostrador,Tarjeta débito,ARS,2023,12
9416,2023-03-19,400,35,1,1115,3,149840,449520,Mostrador,Efectivo,ARS,2023,3
9417,2024-04-18,842,51,1,1041,4,224580,898320,Teléfono,Tarjeta crédito,ARS,2024,4
9418,2023-10-18,149,9,4,1181,3,327910,983730,Mostrador,Transferencia,USD,2023,10
9419,2024-01-31,500,21,1,1062,1,4250070,4250070,Teléfono,Tarjeta crédito,ARS,2024,1
9420,2024-01-20,74,36,4,1169,1,305260,305260,Mostrador,Tarjeta crédito,USD,2024,1
9421,2024-12-11,971,33,4,1142,1,5819250,5819250,Teléfono,Tarjeta crédito,USD,2024,12
9422,2024-02-24,149,55,2,1258,5,6042390,30211950,Mostrador,Efectivo,USD,2024,2
9423,2024-04-01,537,40,4,1088,1,135190,135190,Teléfono,Efectivo,ARS,2024,4
9424,2023-12-05,380,30,1,1048,1,57920,57920,Teléfono,Tarjeta débito,ARS,2023,12
9425,2024-12-18,61,45,2,1026,5,429080,2145400,Campo,Cheque,USD,2024,12
9426,2024-10-31,866,54,2,1012,1,3237260,3237260,Online,Efectivo,USD,2024,10
9427,2023-11-03,54,47,1,1211,1,108990,108990,Campo,Tarjeta débito,USD,2023,11
9428,2024-11-19,223,2,1,1244,1,3023650,3023650,Mostrador,Tarjeta débito,USD,2024,11
9429,2023-12-13,219,20,1,1239,1,145300,145300,Teléfono,Tarjeta crédito,ARS,2023,12
9430,2024-11-15,473,57,4,1197,4,227260,909040,Mostrador,Tarjeta débito,USD,2024,11
9431,2024-11-13,316,36,4,1257,1,3429130,3429130,Campo,Tarjeta débito,ARS,2024,11
9432,2023-07-27,170,2,1,1235,4,4407530,17630120,Online,Tarjeta débito,USD,2023,7
9433,2024-08-09,701,32,1,1187,5,1807400,9037000,Online,Efectivo,USD,2024,8
9434,2023-11-04,32,2,1,1201,1,4292750,4292750,Teléfono,Tarjeta crédito,USD,2023,11
9435,2023-11-06,53,54,2,1103,4,161230,644920,Online,Transferencia,USD,2023,11
9436,2023-11-06,139,53,4,1290,3,164570,493710,Mostrador,Tarjeta débito,ARS,2023,11
9437,2024-09-04,374,5,1,1221,4,77420,309680,Teléfono,Efectivo,ARS,2024,9
9438,2023-09-10,47,47,1,1218,1,330840,330840,Campo,Tarjeta crédito,USD,2023,9
9439,2023-01-01,90,13,4,1187,2,305950,611900,Online,Cheque,USD,2023,1
9440,2024-08-24,828,53,4,1099,1,2053490,2053490,Online,Tarjeta crédito,USD,2024,8
9441,2023-07-07,36,56,2,1245,1,41990,41990,Mostrador,Efectivo,USD,2023,7
9442,2023-04-25,225,42,3,1252,3,3172770,9518310,Mostrador,Tarjeta crédito,ARS,2023,4
9443,2023-09-18,42,21,1,1202,1,2488590,2488590,Mostrador,Tarjeta débito,USD,2023,9
9444,2023-11-29,228,32,1,1022,1,30300,30300,Teléfono,Efectivo,ARS,2023,11
9445,2023-12-25,269,15,1,1068,1,2755670,2755670,Mostrador,Cheque,USD,2023,12
9446,2023-02-18,398,20,1,1116,2,127510,255020,Mostrador,Efectivo,USD,2023,2
9447,2024-12-23,186,27,4,1065,3,423830,1271490,Mostrador,Cheque,USD,2024,12
9448,2024-08-25,371,48,2,1292,3,94530,283590,Online,Transferencia,USD,2024,8
9449,2023-11-13,357,52,1,1217,1,358570,358570,Teléfono,Efectivo,USD,2023,11
9450,2023-11-12,235,51,1,1029,1,98480,98480,Mostrador,Efectivo,USD,2023,11
9451,2023-12-18,122,30,1,1193,1,87120,87120,Mostrador,Efectivo,ARS,2023,12
9452,2024-05-18,424,11,3,1056,1,223530,223530,Online,Cheque,ARS,2024,5
9453,2023-06-10,321,47,1,1242,4,243920,975680,Mostrador,Tarjeta débito,ARS,2023,6
9454,2023-07-27,389,51,1,1212,1,2288890,2288890,Online,Tarjeta crédito,USD,2023,7
9455,2024-11-23,926,37,3,1238,2,4403730,8807460,Mostrador,Cheque,ARS,2024,11
9456,2023-10-09,117,21,1,1200,5,323590,1617950,Campo,Tarjeta débito,ARS,2023,10
9457,2023-11-29,357,16,1,1178,1,141860,141860,Campo,Efectivo,USD,2023,11
9458,2024-11-26,442,51,1,1153,1,265360,265360,Mostrador,Tarjeta débito,USD,2024,11
9459,2024-06-28,39,16,1,1044,1,2585410,2585410,Teléfono,Efectivo,USD,2024,6
9460,2023-11-18,396,21,1,1168,1,5490130,5490130,Online,Transferencia,USD,2023,11
9461,2024-07-21,162,51,1,1287,4,341140,1364560,Online,Cheque,USD,2024,7
9462,2023-01-22,109,25,4,1197,1,251120,251120,Teléfono,Transferencia,USD,2023,1
9463,2024-09-15,526,38,4,1181,1,6301470,6301470,Mostrador,Tarjeta débito,USD,2024,9
9464,2023-12-28,166,60,3,1074,5,36110,180550,Mostrador,Transferencia,ARS,2023,12
9465,2024-11-10,912,9,4,1171,1,107910,107910,Online,Efectivo,USD,2024,11
9466,2024-12-19,874,30,1,1183,4,1766260,7065040,Teléfono,Cheque,USD,2024,12
9467,2024-12-11,445,13,4,1016,2,393510,787020,Campo,Tarjeta crédito,ARS,2024,12
9468,2024-12-07,443,49,1,1068,5,2207890,11039450,Teléfono,Tarjeta débito,ARS,2024,12
9469,2024-01-14,331,15,1,1164,1,186510,186510,Mostrador,Efectivo,ARS,2024,1
9470,2023-11-23,335,35,1,1042,1,47210,47210,Campo,Tarjeta crédito,ARS,2023,11
9471,2023-12-22,112,47,1,1110,5,340300,1701500,Online,Efectivo,USD,2023,12
9472,2024-07-27,746,38,4,1041,1,5097810,5097810,Mostrador,Tarjeta débito,ARS,2024,7
9473,2024-11-30,714,2,1,1135,4,4295700,17182800,Online,Efectivo,USD,2024,11
9474,2023-08-16,323,30,1,1006,1,143760,143760,Mostrador,Efectivo,USD,2023,8
9475,2024-12-09,139,21,1,1258,1,247230,247230,Teléfono,Efectivo,USD,2024,12
9476,2024-11-11,779,14,1,1181,1,284300,284300,Campo,Efectivo,USD,2024,11
9477,2024-12-26,784,30,1,1273,2,394960,789920,Teléfono,Transferencia,USD,2024,12
9478,2024-11-29,166,2,1,1185,1,45440,45440,Teléfono,Tarjeta débito,ARS,2024,11
9479,2023-11-01,169,51,1,1197,1,331710,331710,Teléfono,Tarjeta débito,ARS,2023,11
9480,2023-04-27,257,9,4,1144,4,77440,309760,Mostrador,Tarjeta crédito,USD,2023,4
9481,2023-05-04,124,16,1,1100,2,118820,237640,Mostrador,Tarjeta débito,ARS,2023,5
9482,2023-11-04,38,15,1,1090,4,291270,1165080,Campo,Tarjeta crédito,USD,2023,11
9483,2024-05-05,882,12,3,1246,4,3680720,14722880,Online,Transferencia,USD,2024,5
9484,2024-11-08,761,36,4,1239,1,3704470,3704470,Teléfono,Transferencia,USD,2024,11
9485,2024-12-04,749,51,1,1212,1,61040,61040,Campo,Tarjeta débito,USD,2024,12
9486,2024-05-16,98,16,1,1081,1,4692530,4692530,Mostrador,Cheque,USD,2024,5
9487,2023-01-07,60,1,4,1115,1,2967390,2967390,Teléfono,Tarjeta crédito,USD,2023,1
9488,2023-07-24,19,49,1,1276,2,82080,164160,Campo,Efectivo,USD,2023,7
9489,2023-04-20,124,39,2,1080,4,188770,755080,Mostrador,Cheque,ARS,2023,4
9490,2023-11-24,226,19,1,1056,1,4350950,4350950,Online,Transferencia,USD,2023,11
9491,2024-01-02,955,36,4,1179,3,47180,141540,Mostrador,Tarjeta débito,ARS,2024,1
9492,2023-02-17,100,9,4,1017,1,432350,432350,Teléfono,Efectivo,ARS,2023,2
9493,2023-11-20,324,57,4,1049,1,290080,290080,Online,Cheque,ARS,2023,11
9494,2023-07-16,394,32,1,1260,5,236680,1183400,Campo,Transferencia,ARS,2023,7
9495,2024-06-10,17,19,1,1274,1,5548080,5548080,Teléfono,Cheque,ARS,2024,6
9496,2023-12-22,248,32,1,1292,1,363490,363490,Teléfono,Transferencia,USD,2023,12
9497,2023-12-30,80,27,4,1291,5,34760,173800,Teléfono,Cheque,USD,2023,12
9498,2023-12-12,85,9,4,1030,1,1978550,1978550,Teléfono,Cheque,ARS,2023,12
9499,2024-12-19,860,43,1,1252,1,380930,380930,Campo,Transferencia,ARS,2024,12
9500,2023-08-24,29,29,3,1063,3,5330710,15992130,Campo,Efectivo,USD,2023,8
9501,2024-01-19,646,47,1,1082,1,69160,69160,Online,Efectivo,USD,2024,1
9502,2024-09-16,990,49,1,1164,1,201210,201210,Online,Tarjeta crédito,USD,2024,9
9503,2024-03-03,706,3,3,1169,3,236860,710580,Mostrador,Tarjeta débito,ARS,2024,3
9504,2024-12-12,631,2,1,1178,1,1559720,1559720,Campo,Tarjeta débito,USD,2024,12
9505,2023-11-28,378,14,1,1298,1,385560,385560,Mostrador,Efectivo,ARS,2023,11
9506,2023-12-22,367,30,1,1158,1,3241190,3241190,Online,Tarjeta débito,USD,2023,12
9507,2023-04-08,191,13,4,1056,1,298170,298170,Online,Tarjeta débito,ARS,2023,4
9508,2024-04-30,927,1,4,1226,1,3803840,3803840,Mostrador,Tarjeta débito,ARS,2024,4
9509,2023-11-04,153,46,4,1142,5,3911940,19559700,Online,Cheque,ARS,2023,11
9510,2023-06-25,343,13,4,1149,2,5726900,11453800,Online,Tarjeta crédito,USD,2023,6
9511,2024-02-19,491,34,2,1226,3,4285280,12855840,Mostrador,Efectivo,ARS,2024,2
9512,2024-02-05,405,15,1,1025,1,102760,102760,Online,Tarjeta débito,ARS,2024,2
9513,2023-03-25,272,27,4,1178,5,2997290,14986450,Teléfono,Tarjeta crédito,USD,2023,3
9514,2024-08-05,644,37,3,1095,5,154960,774800,Mostrador,Tarjeta débito,ARS,2024,8
9515,2024-05-16,875,6,4,1053,1,4406750,4406750,Campo,Tarjeta crédito,USD,2024,5
9516,2023-07-27,8,13,4,1287,1,1718530,1718530,Teléfono,Efectivo,USD,2023,7
9517,2023-12-23,134,25,4,1070,1,344520,344520,Teléfono,Transferencia,USD,2023,12
9518,2024-08-30,893,20,1,1176,1,4925360,4925360,Teléfono,Transferencia,USD,2024,8
9519,2024-02-02,384,32,1,1132,5,3628370,18141850,Mostrador,Transferencia,ARS,2024,2
9520,2023-12-03,309,50,3,1167,1,4501410,4501410,Mostrador,Tarjeta crédito,ARS,2023,12
9521,2023-11-13,375,4,4,1242,1,5376270,5376270,Teléfono,Tarjeta débito,ARS,2023,11
9522,2024-05-01,192,13,4,1258,1,4406750,4406750,Campo,Cheque,ARS,2024,5
9523,2024-12-15,603,47,1,1213,1,394300,394300,Mostrador,Transferencia,ARS,2024,12
9524,2024-07-07,435,20,1,1211,1,127100,127100,Campo,Tarjeta débito,ARS,2024,7
9525,2023-03-23,249,27,4,1133,1,5286090,5286090,Mostrador,Tarjeta crédito,USD,2023,3
9526,2023-12-21,252,46,4,1064,4,191390,765560,Online,Tarjeta crédito,ARS,2023,12
9527,2024-12-02,996,11,3,1035,2,301000,602000,Campo,Tarjeta crédito,USD,2024,12
9528,2023-04-14,63,21,1,1012,1,2140180,2140180,Mostrador,Tarjeta débito,ARS,2023,4
9529,2024-12-28,216,53,4,1131,1,166920,166920,Campo,Tarjeta crédito,ARS,2024,12
9530,2024-12-18,134,7,2,1026,1,131060,131060,Mostrador,Tarjeta crédito,ARS,2024,12
9531,2023-03-27,107,9,4,1248,2,54290,108580,Mostrador,Tarjeta débito,ARS,2023,3
9532,2024-12-13,161,14,1,1112,1,4371270,4371270,Campo,Efectivo,USD,2024,12
9533,2023-11-24,258,15,1,1164,2,255900,511800,Campo,Transferencia,ARS,2023,11
9534,2024-11-19,425,40,4,1091,5,4563090,22815450,Campo,Cheque,USD,2024,11
9535,2023-12-09,16,30,1,1294,3,5559670,16679010,Online,Efectivo,ARS,2023,12
9536,2023-12-15,358,55,2,1029,3,5306040,15918120,Mostrador,Tarjeta débito,ARS,2023,12
9537,2024-05-27,375,56,2,1012,3,296630,889890,Teléfono,Cheque,ARS,2024,5
9538,2024-10-28,571,33,4,1147,1,285910,285910,Online,Tarjeta crédito,USD,2024,10
9539,2023-02-07,9,35,1,1137,4,1711490,6845960,Campo,Tarjeta débito,USD,2023,2
9540,2024-04-12,197,15,1,1242,4,5815540,23262160,Mostrador,Tarjeta crédito,ARS,2024,4
9541,2023-07-24,117,53,4,1157,3,3725200,11175600,Campo,Efectivo,ARS,2023,7
9542,2023-11-19,10,60,3,1259,2,148520,297040,Online,Cheque,USD,2023,11
9543,2023-11-20,350,43,1,1087,2,2397160,4794320,Online,Efectivo,ARS,2023,11
9544,2023-12-23,7,21,1,1158,1,78130,78130,Online,Cheque,USD,2023,12
9545,2023-11-16,349,38,4,1186,1,286040,286040,Mostrador,Cheque,ARS,2023,11
9546,2023-04-28,194,5,1,1204,1,30300,30300,Teléfono,Tarjeta débito,ARS,2023,4
9547,2023-06-09,123,18,3,1017,1,351820,351820,Online,Transferencia,USD,2023,6
9548,2023-02-06,63,14,1,1229,2,1826320,3652640,Mostrador,Efectivo,ARS,2023,2
9549,2023-12-23,4,53,4,1004,3,2153770,6461310,Mostrador,Cheque,ARS,2023,12
9550,2024-12-19,796,13,4,1057,4,355550,1422200,Teléfono,Efectivo,USD,2024,12
9551,2023-05-07,328,10,3,1028,1,3032400,3032400,Online,Tarjeta débito,ARS,2023,5
9552,2024-12-17,762,35,1,1016,1,212030,212030,Online,Efectivo,USD,2024,12
9553,2024-09-13,512,33,4,1013,1,1524630,1524630,Campo,Efectivo,ARS,2024,9
9554,2024-05-31,931,45,2,1200,1,315800,315800,Mostrador,Tarjeta débito,USD,2024,5
9555,2024-06-08,130,53,4,1184,1,3978610,3978610,Mostrador,Tarjeta crédito,USD,2024,6
9556,2024-11-14,937,28,2,1017,4,305300,1221200,Teléfono,Tarjeta crédito,USD,2024,11
9557,2023-04-28,75,27,4,1287,5,3040910,15204550,Online,Efectivo,USD,2023,4
9558,2024-01-06,484,21,1,1281,5,30520,152600,Campo,Efectivo,ARS,2024,1
9559,2024-08-04,841,40,4,1230,3,82310,246930,Teléfono,Tarjeta débito,USD,2024,8
9560,2024-04-05,358,15,1,1158,2,34440,68880,Mostrador,Cheque,USD,2024,4
9561,2024-11-16,385,5,1,1259,1,5811360,5811360,Online,Transferencia,USD,2024,11
9562,2023-03-21,254,49,1,1157,1,2125110,2125110,Campo,Tarjeta crédito,ARS,2023,3
9563,2024-07-28,923,51,1,1094,2,5052750,10105500,Online,Tarjeta crédito,ARS,2024,7
9564,2024-02-07,835,16,1,1267,2,2984830,5969660,Mostrador,Cheque,USD,2024,2
9565,2023-11-28,167,20,1,1021,5,6402050,32010250,Mostrador,Tarjeta crédito,USD,2023,11
9566,2023-11-18,201,46,4,1127,5,85700,428500,Teléfono,Efectivo,USD,2023,11
9567,2024-05-13,680,15,1,1048,4,135190,540760,Teléfono,Efectivo,USD,2024,5
9568,2024-12-02,796,9,4,1244,1,3884010,3884010,Campo,Cheque,ARS,2024,12
9569,2023-12-31,348,15,1,1112,1,3737150,3737150,Mostrador,Transferencia,USD,2023,12
9570,2024-11-13,493,29,3,1234,4,249060,996240,Online,Tarjeta débito,USD,2024,11
9571,2023-12-05,338,48,2,1034,1,132120,132120,Mostrador,Tarjeta crédito,ARS,2023,12
9572,2023-04-23,51,57,4,1080,2,48960,97920,Teléfono,Cheque,ARS,2023,4
9573,2023-03-09,56,40,4,1083,1,127460,127460,Teléfono,Transferencia,USD,2023,3
9574,2023-02-26,73,54,2,1029,1,1762690,1762690,Campo,Tarjeta crédito,USD,2023,2
9575,2023-11-29,282,33,4,1131,1,123910,123910,Teléfono,Tarjeta crédito,USD,2023,11
9576,2023-11-17,88,35,1,1011,1,2571460,2571460,Teléfono,Transferencia,USD,2023,11
9577,2024-08-27,52,24,3,1062,1,2984830,2984830,Online,Efectivo,USD,2024,8
9578,2024-09-23,125,20,1,1033,1,237040,237040,Campo,Transferencia,USD,2024,9
9579,2023-02-25,262,2,1,1136,4,132120,528480,Mostrador,Transferencia,ARS,2023,2
9580,2023-08-31,373,21,1,1088,5,219240,1096200,Teléfono,Cheque,USD,2023,8
9581,2023-10-28,268,40,4,1017,4,236680,946720,Teléfono,Tarjeta débito,ARS,2023,10
9582,2024-02-22,575,55,2,1091,2,167470,334940,Teléfono,Transferencia,ARS,2024,2
9583,2023-06-08,36,9,4,1299,5,4643740,23218700,Campo,Efectivo,USD,2023,6
9584,2023-05-27,9,59,2,1253,2,160380,320760,Teléfono,Transferencia,USD,2023,5
9585,2024-12-16,330,2,1,1073,3,1933730,5801190,Mostrador,Tarjeta débito,USD,2024,12
9586,2024-11-08,323,1,4,1206,1,141720,141720,Mostrador,Efectivo,USD,2024,11
9587,2023-07-18,241,6,4,1261,1,3353150,3353150,Online,Cheque,USD,2023,7
9588,2023-12-06,285,53,4,1178,4,4988420,19953680,Online,Tarjeta débito,ARS,2023,12
9589,2023-11-22,327,60,3,1110,1,5262970,5262970,Online,Tarjeta débito,USD,2023,11
9590,2024-11-04,602,33,4,1252,1,3712550,3712550,Campo,Efectivo,USD,2024,11
9591,2024-01-12,264,9,4,1220,1,218750,218750,Teléfono,Tarjeta débito,USD,2024,1
9592,2023-05-21,299,43,1,1173,5,2903690,14518450,Mostrador,Tarjeta débito,ARS,2023,5
9593,2024-09-19,205,15,1,1165,2,83300,166600,Online,Tarjeta crédito,ARS,2024,9
9594,2023-12-03,291,49,1,1104,3,378120,1134360,Online,Transferencia,USD,2023,12
9595,2023-10-16,211,19,1,1226,1,1535510,1535510,Teléfono,Tarjeta crédito,ARS,2023,10
9596,2023-11-27,366,48,2,1220,3,338760,1016280,Mostrador,Tarjeta débito,USD,2023,11
9597,2023-12-31,278,36,4,1292,1,447050,447050,Mostrador,Tarjeta crédito,ARS,2023,12
9598,2023-11-19,207,43,1,1161,4,2929270,11717080,Online,Efectivo,USD,2023,11
9599,2023-09-23,322,33,4,1248,1,244340,244340,Teléfono,Cheque,USD,2023,9
9600,2023-12-04,358,1,4,1071,2,3458040,6916080,Online,Cheque,USD,2023,12
9601,2023-01-22,94,52,1,1092,1,1599940,1599940,Campo,Efectivo,USD,2023,1
9602,2024-10-26,711,52,1,1066,1,6203960,6203960,Teléfono,Transferencia,ARS,2024,10
9603,2023-07-07,351,56,2,1245,1,6233610,6233610,Teléfono,Efectivo,ARS,2023,7
9604,2023-02-18,169,38,4,1024,3,3171270,9513810,Online,Efectivo,USD,2023,2
9605,2024-06-18,297,38,4,1045,2,4143960,8287920,Online,Cheque,USD,2024,6
9606,2024-10-28,945,5,1,1189,2,5402830,10805660,Mostrador,Tarjeta crédito,USD,2024,10
9607,2024-11-10,739,6,4,1286,1,4419760,4419760,Campo,Transferencia,ARS,2024,11
9608,2023-12-30,4,35,1,1066,3,6256880,18770640,Campo,Tarjeta crédito,ARS,2023,12
9609,2023-08-14,98,13,4,1143,1,283870,283870,Teléfono,Transferencia,ARS,2023,8
9610,2024-09-17,705,58,3,1083,1,383070,383070,Teléfono,Tarjeta débito,ARS,2024,9
9611,2024-08-07,778,16,1,1222,3,249240,747720,Online,Tarjeta crédito,ARS,2024,8
9612,2023-09-28,350,47,1,1298,1,263270,263270,Online,Transferencia,USD,2023,9
9613,2024-12-05,736,32,1,1219,3,50070,150210,Campo,Transferencia,ARS,2024,12
9614,2023-04-25,67,21,1,1218,1,1977390,1977390,Mostrador,Transferencia,ARS,2023,4
9615,2024-12-27,650,4,4,1190,1,4447490,4447490,Mostrador,Cheque,ARS,2024,12
9616,2024-11-23,841,5,1,1067,1,232970,232970,Online,Efectivo,ARS,2024,11
9617,2024-07-25,401,3,3,1031,3,4279730,12839190,Online,Tarjeta débito,USD,2024,7
9618,2024-12-15,751,30,1,1230,4,156480,625920,Mostrador,Tarjeta débito,USD,2024,12
9619,2024-09-01,451,4,4,1250,3,136720,410160,Mostrador,Transferencia,USD,2024,9
9620,2023-07-28,309,46,4,1054,1,4374550,4374550,Mostrador,Tarjeta crédito,ARS,2023,7
9621,2023-12-16,4,13,4,1010,1,301670,301670,Campo,Cheque,USD,2023,12
9622,2023-03-20,324,22,2,1166,3,2262800,6788400,Mostrador,Tarjeta crédito,ARS,2023,3
9623,2023-12-01,369,16,1,1167,3,295810,887430,Online,Tarjeta débito,USD,2023,12
9624,2024-09-22,864,46,4,1285,5,4357910,21789550,Online,Efectivo,ARS,2024,9
9625,2023-11-30,102,21,1,1153,1,2132270,2132270,Teléfono,Transferencia,USD,2023,11
9626,2023-11-15,395,21,1,1032,2,101960,203920,Mostrador,Tarjeta crédito,ARS,2023,11
9627,2024-04-15,556,19,1,1017,5,247410,1237050,Online,Tarjeta crédito,ARS,2024,4
9628,2024-11-26,119,36,4,1085,1,1779760,1779760,Campo,Transferencia,ARS,2024,11
9629,2023-02-22,188,27,4,1032,5,40120,200600,Online,Tarjeta débito,ARS,2023,2
9630,2023-11-30,231,10,3,1298,1,155580,155580,Mostrador,Transferencia,ARS,2023,11
9631,2023-06-23,190,2,1,1146,1,226290,226290,Mostrador,Efectivo,USD,2023,6
9632,2024-08-02,995,21,1,1075,2,132620,265240,Teléfono,Tarjeta crédito,USD,2024,8
9633,2023-04-26,110,1,4,1124,1,71810,71810,Online,Transferencia,ARS,2023,4
9634,2024-06-30,416,45,2,1052,1,135210,135210,Online,Tarjeta débito,USD,2024,6
9635,2023-11-03,302,43,1,1190,5,335310,1676550,Online,Tarjeta crédito,USD,2023,11
9636,2023-08-07,279,60,3,1141,1,231080,231080,Teléfono,Tarjeta crédito,USD,2023,8
9637,2024-12-14,106,20,1,1088,1,63390,63390,Online,Transferencia,ARS,2024,12
9638,2023-01-21,165,16,1,1084,4,46410,185640,Teléfono,Tarjeta débito,USD,2023,1
9639,2023-12-15,126,47,1,1243,2,47550,95100,Mostrador,Transferencia,ARS,2023,12
9640,2023-01-24,346,49,1,1106,3,2611390,7834170,Teléfono,Cheque,ARS,2023,1
9641,2023-12-27,98,21,1,1092,2,1659150,3318300,Online,Tarjeta débito,ARS,2023,12
9642,2024-01-02,486,9,4,1021,2,136600,273200,Teléfono,Efectivo,USD,2024,1
9643,2023-11-13,331,8,2,1006,1,92820,92820,Online,Efectivo,USD,2023,11
9644,2023-05-25,370,39,2,1221,3,173800,521400,Campo,Efectivo,USD,2023,5
9645,2023-11-28,120,53,4,1017,1,378360,378360,Online,Tarjeta débito,USD,2023,11
9646,2024-07-08,853,27,4,1087,1,4209740,4209740,Mostrador,Tarjeta débito,USD,2024,7
9647,2024-11-02,299,21,1,1180,2,4678220,9356440,Mostrador,Efectivo,ARS,2024,11
9648,2024-02-04,856,57,4,1109,1,140930,140930,Online,Transferencia,USD,2024,2
9649,2024-04-09,143,44,3,1246,1,161890,161890,Online,Cheque,USD,2024,4
9650,2023-08-09,195,19,1,1174,2,327350,654700,Mostrador,Transferencia,ARS,2023,8
9651,2023-11-03,130,14,1,1113,2,1798910,3597820,Mostrador,Cheque,ARS,2023,11
9652,2023-06-27,389,28,2,1071,1,4296240,4296240,Mostrador,Cheque,ARS,2023,6
9653,2023-10-01,104,57,4,1158,1,5176230,5176230,Campo,Cheque,USD,2023,10
9654,2023-09-04,93,49,1,1299,5,164670,823350,Campo,Tarjeta crédito,USD,2023,9
9655,2024-01-22,297,22,2,1237,1,314220,314220,Online,Transferencia,USD,2024,1
9656,2024-03-10,447,38,4,1187,1,191850,191850,Online,Transferencia,USD,2024,3
9657,2024-12-16,480,48,2,1243,4,3892730,15570920,Campo,Transferencia,ARS,2024,12
9658,2023-08-03,222,13,4,1166,1,256530,256530,Mostrador,Cheque,USD,2023,8
9659,2024-06-04,712,27,4,1034,1,384180,384180,Mostrador,Transferencia,ARS,2024,6
9660,2024-11-11,800,54,2,1255,4,43370,173480,Mostrador,Tarjeta crédito,USD,2024,11
9661,2024-03-07,874,27,4,1218,1,79300,79300,Teléfono,Tarjeta crédito,ARS,2024,3
9662,2023-10-07,258,20,1,1220,2,249020,498040,Online,Efectivo,USD,2023,10
9663,2023-10-16,10,43,1,1032,1,213660,213660,Online,Cheque,USD,2023,10
9664,2023-02-13,171,32,1,1257,3,6525800,19577400,Online,Tarjeta crédito,ARS,2023,2
9665,2023-11-08,375,12,3,1233,1,161890,161890,Campo,Tarjeta débito,ARS,2023,11
9666,2024-09-25,427,42,3,1215,5,3687890,18439450,Mostrador,Tarjeta crédito,USD,2024,9
9667,2023-02-22,101,22,2,1242,1,2118770,2118770,Mostrador,Tarjeta débito,USD,2023,2
9668,2023-08-29,110,15,1,1245,1,146010,146010,Campo,Tarjeta crédito,USD,2023,8
9669,2024-08-14,759,30,1,1020,1,443410,443410,Teléfono,Tarjeta crédito,ARS,2024,8
9670,2024-11-02,835,13,4,1210,5,52810,264050,Mostrador,Tarjeta débito,ARS,2024,11
9671,2023-12-19,244,57,4,1210,3,330790,992370,Online,Tarjeta débito,USD,2023,12
9672,2024-08-05,23,25,4,1072,5,4573110,22865550,Online,Cheque,USD,2024,8
9673,2023-12-01,354,42,3,1162,3,2380030,7140090,Online,Tarjeta crédito,USD,2023,12
9674,2023-06-25,225,3,3,1178,1,178880,178880,Campo,Transferencia,USD,2023,6
9675,2023-12-04,353,47,1,1011,4,3248300,12993200,Campo,Transferencia,ARS,2023,12
9676,2024-03-29,444,20,1,1299,1,4722750,4722750,Teléfono,Efectivo,ARS,2024,3
9677,2024-12-17,977,53,4,1266,2,1728100,3456200,Campo,Cheque,ARS,2024,12
9678,2023-03-17,262,39,2,1008,4,39490,157960,Mostrador,Transferencia,USD,2023,3
9679,2024-01-09,269,19,1,1275,2,111540,223080,Teléfono,Efectivo,ARS,2024,1
9680,2023-11-15,21,9,4,1193,1,276540,276540,Teléfono,Tarjeta débito,USD,2023,11
9681,2024-01-10,991,38,4,1026,1,121240,121240,Teléfono,Transferencia,ARS,2024,1
9682,2023-01-27,314,52,1,1259,1,104210,104210,Mostrador,Efectivo,USD,2023,1
9683,2023-11-10,120,24,3,1053,1,132940,132940,Online,Transferencia,ARS,2023,11
9684,2024-11-12,981,1,4,1300,1,425240,425240,Campo,Efectivo,ARS,2024,11
9685,2024-02-29,481,51,1,1096,3,2002770,6008310,Online,Tarjeta débito,ARS,2024,2
9686,2023-12-18,120,48,2,1287,1,26060,26060,Online,Transferencia,ARS,2023,12
9687,2023-11-03,198,45,2,1178,4,183420,733680,Online,Efectivo,USD,2023,11
9688,2023-11-06,136,5,1,1092,1,319030,319030,Campo,Cheque,ARS,2023,11
9689,2023-11-30,77,36,4,1144,1,2577510,2577510,Campo,Tarjeta débito,USD,2023,11
9690,2024-11-16,354,15,1,1202,2,259100,518200,Campo,Tarjeta débito,USD,2024,11
9691,2024-12-23,58,32,1,1018,3,2879950,8639850,Mostrador,Cheque,ARS,2024,12
9692,2023-12-15,86,51,1,1126,3,27730,83190,Mostrador,Tarjeta débito,USD,2023,12
9693,2023-12-02,1,49,1,1154,1,145300,145300,Online,Cheque,USD,2023,12
9694,2024-11-19,77,43,1,1006,5,5254070,26270350,Teléfono,Efectivo,USD,2024,11
9695,2023-12-12,10,25,4,1039,3,171900,515700,Mostrador,Tarjeta débito,USD,2023,12
9696,2024-02-27,444,52,1,1242,5,113180,565900,Mostrador,Transferencia,ARS,2024,2
9697,2023-09-11,69,31,3,1285,1,251920,251920,Mostrador,Tarjeta crédito,ARS,2023,9
9698,2024-09-24,148,9,4,1088,5,2592990,12964950,Teléfono,Cheque,ARS,2024,9
9699,2024-02-05,574,5,1,1269,1,193790,193790,Campo,Tarjeta débito,USD,2024,2
9700,2024-11-09,525,50,3,1065,1,269600,269600,Online,Tarjeta débito,ARS,2024,11
9701,2024-11-01,186,36,4,1166,2,387260,774520,Online,Cheque,ARS,2024,11
9702,2023-08-24,165,28,2,1064,3,161470,484410,Mostrador,Transferencia,ARS,2023,8
9703,2024-08-25,522,14,1,1270,1,3435360,3435360,Mostrador,Cheque,USD,2024,8
9704,2024-11-07,771,11,3,1145,5,371170,1855850,Mostrador,Tarjeta débito,USD,2024,11
9705,2023-11-19,162,1,4,1103,5,158120,790600,Teléfono,Transferencia,ARS,2023,11
9706,2023-07-09,290,47,1,1269,1,77940,77940,Teléfono,Tarjeta débito,USD,2023,7
9707,2023-01-03,196,21,1,1214,1,140450,140450,Online,Efectivo,ARS,2023,1
9708,2023-12-18,34,22,2,1006,1,4447490,4447490,Campo,Tarjeta crédito,USD,2023,12
9709,2023-11-21,160,43,1,1121,1,3882820,3882820,Teléfono,Cheque,ARS,2023,11
9710,2024-03-01,597,26,2,1244,5,408400,2042000,Online,Tarjeta crédito,ARS,2024,3
9711,2023-07-26,58,5,1,1252,1,297600,297600,Mostrador,Cheque,USD,2023,7
9712,2024-11-23,873,21,1,1017,4,218110,872440,Mostrador,Tarjeta débito,USD,2024,11
9713,2023-10-10,265,22,2,1218,2,2752680,5505360,Online,Transferencia,USD,2023,10
9714,2023-09-06,297,49,1,1039,5,4411710,22058550,Campo,Efectivo,USD,2023,9
9715,2023-12-26,25,52,1,1132,3,5174260,15522780,Campo,Cheque,USD,2023,12
9716,2023-12-31,36,43,1,1290,1,374280,374280,Campo,Transferencia,ARS,2023,12
9717,2023-08-24,264,35,1,1189,5,69160,345800,Campo,Efectivo,ARS,2023,8
9718,2023-10-26,382,4,4,1209,1,111540,111540,Mostrador,Efectivo,ARS,2023,10
9719,2023-07-06,114,1,4,1042,1,45700,45700,Online,Tarjeta crédito,ARS,2023,7
9720,2024-08-28,617,47,1,1078,1,4900480,4900480,Mostrador,Transferencia,ARS,2024,8
9721,2024-10-23,605,54,2,1062,2,317440,634880,Teléfono,Efectivo,ARS,2024,10
9722,2023-12-21,89,5,1,1145,2,296520,593040,Campo,Efectivo,ARS,2023,12
9723,2024-08-23,443,8,2,1286,2,267730,535460,Teléfono,Efectivo,ARS,2024,8
9724,2024-09-16,163,47,1,1171,1,330710,330710,Online,Transferencia,USD,2024,9
9725,2023-06-01,38,15,1,1093,2,5091200,10182400,Teléfono,Efectivo,ARS,2023,6
9726,2024-12-22,92,40,4,1263,3,5792070,17376210,Mostrador,Transferencia,ARS,2024,12
9727,2024-11-12,631,2,1,1023,1,6256880,6256880,Teléfono,Efectivo,ARS,2024,11
9728,2023-08-13,211,51,1,1292,1,40360,40360,Campo,Cheque,ARS,2023,8
9729,2023-07-24,160,1,4,1142,5,2289930,11449650,Online,Transferencia,ARS,2023,7
9730,2023-05-18,101,18,3,1148,3,354100,1062300,Teléfono,Tarjeta débito,ARS,2023,5
9731,2023-06-01,369,28,2,1116,1,193930,193930,Campo,Tarjeta débito,USD,2023,6
9732,2024-09-29,507,7,2,1081,5,389560,1947800,Teléfono,Cheque,USD,2024,9
9733,2023-12-23,179,34,2,1025,2,320080,640160,Online,Tarjeta crédito,USD,2023,12
9734,2024-11-02,284,52,1,1115,1,70550,70550,Campo,Tarjeta débito,USD,2024,11
9735,2024-09-27,952,49,1,1094,1,5676350,5676350,Teléfono,Tarjeta débito,ARS,2024,9
9736,2024-04-25,355,45,2,1032,1,1923820,1923820,Online,Efectivo,USD,2024,4
9737,2024-07-23,904,59,2,1185,1,79970,79970,Teléfono,Transferencia,USD,2024,7
9738,2023-01-21,297,13,4,1283,1,349440,349440,Campo,Tarjeta crédito,ARS,2023,1
9739,2023-11-10,374,6,4,1155,1,2023170,2023170,Mostrador,Efectivo,USD,2023,11
9740,2024-05-31,535,14,1,1174,1,3790660,3790660,Mostrador,Tarjeta débito,USD,2024,5
9741,2023-01-11,279,47,1,1173,5,5948710,29743550,Mostrador,Efectivo,ARS,2023,1
9742,2023-02-06,32,35,1,1154,1,148710,148710,Teléfono,Cheque,USD,2023,2
9743,2024-11-21,650,56,2,1014,1,214180,214180,Teléfono,Transferencia,ARS,2024,11
9744,2024-07-21,593,8,2,1287,1,244450,244450,Mostrador,Transferencia,USD,2024,7
9745,2023-10-19,355,36,4,1128,1,56110,56110,Online,Tarjeta débito,USD,2023,10
9746,2024-07-25,319,36,4,1143,3,85870,257610,Mostrador,Tarjeta crédito,USD,2024,7
9747,2024-11-05,195,27,4,1092,1,354610,354610,Teléfono,Tarjeta crédito,USD,2024,11
9748,2023-11-09,292,1,4,1271,1,29790,29790,Teléfono,Tarjeta crédito,ARS,2023,11
9749,2023-02-09,93,1,4,1222,1,3953500,3953500,Campo,Efectivo,ARS,2023,2
9750,2024-12-13,433,11,3,1202,3,5286940,15860820,Online,Tarjeta débito,USD,2024,12
9751,2023-11-19,46,4,4,1178,2,161470,322940,Online,Efectivo,USD,2023,11
9752,2023-04-27,27,51,1,1108,2,4436590,8873180,Teléfono,Transferencia,ARS,2023,4
9753,2023-12-29,162,2,1,1258,4,318880,1275520,Teléfono,Efectivo,ARS,2023,12
9754,2024-10-22,844,11,3,1028,5,110850,554250,Online,Tarjeta crédito,ARS,2024,10
9755,2023-09-01,101,27,4,1197,3,120070,360210,Online,Efectivo,ARS,2023,9
9756,2023-10-23,187,32,1,1200,1,166640,166640,Mostrador,Tarjeta débito,ARS,2023,10
9757,2023-09-24,194,30,1,1154,2,87980,175960,Mostrador,Transferencia,ARS,2023,9
9758,2024-12-29,158,54,2,1070,4,321120,1284480,Campo,Cheque,USD,2024,12
9759,2023-08-05,9,29,3,1160,4,276200,1104800,Campo,Tarjeta débito,USD,2023,8
9760,2024-03-24,212,21,1,1103,1,156330,156330,Campo,Cheque,ARS,2024,3
9761,2024-12-11,439,25,4,1236,4,25820,103280,Campo,Tarjeta crédito,USD,2024,12
9762,2023-06-11,385,1,4,1189,2,1621380,3242760,Mostrador,Transferencia,USD,2023,6
9763,2024-12-24,824,33,4,1298,1,369180,369180,Campo,Transferencia,ARS,2024,12
9764,2024-12-17,679,21,1,1109,4,249340,997360,Mostrador,Transferencia,ARS,2024,12
9765,2024-11-30,855,49,1,1181,5,211330,1056650,Campo,Cheque,ARS,2024,11
9766,2023-08-24,274,43,1,1085,1,83740,83740,Campo,Tarjeta débito,ARS,2023,8
9767,2024-05-27,810,30,1,1255,1,2377880,2377880,Teléfono,Transferencia,ARS,2024,5
9768,2024-10-13,992,32,1,1116,5,1802150,9010750,Online,Cheque,USD,2024,10
9769,2024-12-28,111,40,4,1193,1,2852840,2852840,Campo,Tarjeta débito,USD,2024,12
9770,2023-07-17,329,43,1,1071,1,299410,299410,Teléfono,Efectivo,ARS,2023,7
9771,2024-10-19,203,25,4,1269,1,5491540,5491540,Teléfono,Transferencia,ARS,2024,10
9772,2023-11-17,248,6,4,1039,5,4374090,21870450,Online,Tarjeta débito,ARS,2023,11
9773,2023-07-12,65,19,1,1209,1,2843310,2843310,Mostrador,Tarjeta crédito,USD,2023,7
9774,2023-12-10,203,33,4,1176,1,3175540,3175540,Teléfono,Efectivo,USD,2023,12
9775,2024-11-05,161,27,4,1239,1,1929860,1929860,Online,Cheque,ARS,2024,11
9776,2023-12-22,133,59,2,1098,4,102790,411160,Online,Cheque,ARS,2023,12
9777,2024-02-11,690,21,1,1048,3,2660270,7980810,Campo,Tarjeta débito,USD,2024,2
9778,2024-12-30,705,22,2,1089,1,29530,29530,Mostrador,Efectivo,ARS,2024,12
9779,2023-12-04,266,21,1,1252,1,1698840,1698840,Mostrador,Tarjeta crédito,USD,2023,12
9780,2024-05-07,572,42,3,1099,1,189760,189760,Online,Efectivo,USD,2024,5
9781,2023-11-25,205,15,1,1214,1,4068240,4068240,Mostrador,Efectivo,USD,2023,11
9782,2023-12-02,155,11,3,1216,1,297310,297310,Teléfono,Tarjeta débito,ARS,2023,12
9783,2024-08-03,584,19,1,1154,4,193790,775160,Campo,Efectivo,ARS,2024,8
9784,2024-12-14,156,30,1,1295,1,50370,50370,Teléfono,Tarjeta débito,ARS,2024,12
9785,2024-02-16,173,26,2,1283,1,71770,71770,Online,Transferencia,USD,2024,2
9786,2024-10-21,308,11,3,1296,1,2032290,2032290,Online,Cheque,ARS,2024,10
9787,2023-04-08,62,19,1,1031,5,258040,1290200,Online,Tarjeta crédito,ARS,2023,4
9788,2023-08-20,373,43,1,1131,5,6039430,30197150,Teléfono,Cheque,USD,2023,8
9789,2024-01-03,460,13,4,1216,2,2991640,5983280,Campo,Efectivo,ARS,2024,1
9790,2023-01-22,381,18,3,1015,3,2296590,6889770,Campo,Tarjeta crédito,USD,2023,1
9791,2023-10-05,205,5,1,1216,1,1986570,1986570,Teléfono,Tarjeta débito,ARS,2023,10
9792,2024-01-20,572,26,2,1267,4,5016520,20066080,Campo,Tarjeta débito,USD,2024,1
9793,2023-01-17,86,28,2,1286,1,3601050,3601050,Online,Efectivo,USD,2023,1
9794,2023-10-18,143,35,1,1291,3,237040,711120,Mostrador,Cheque,USD,2023,10
9795,2024-01-16,863,29,3,1043,2,52080,104160,Teléfono,Tarjeta crédito,ARS,2024,1
9796,2024-03-21,7,53,4,1168,2,1749200,3498400,Mostrador,Tarjeta débito,USD,2024,3
9797,2024-12-11,295,1,4,1128,1,383780,383780,Campo,Tarjeta crédito,USD,2024,12
9798,2024-06-08,691,43,1,1255,5,2521570,12607850,Campo,Tarjeta crédito,USD,2024,6
9799,2023-12-08,227,36,4,1170,3,335160,1005480,Online,Tarjeta crédito,USD,2023,12
9800,2024-12-12,519,32,1,1259,1,3695860,3695860,Online,Transferencia,ARS,2024,12
9801,2024-11-03,652,1,4,1131,1,350560,350560,Teléfono,Efectivo,USD,2024,11
9802,2023-08-08,14,2,1,1078,1,295800,295800,Teléfono,Tarjeta débito,USD,2023,8
9803,2023-05-24,34,26,2,1167,1,118820,118820,Mostrador,Tarjeta crédito,ARS,2023,5
9804,2024-07-12,890,60,3,1085,4,290860,1163440,Mostrador,Efectivo,USD,2024,7
9805,2024-03-07,935,43,1,1149,1,6183750,6183750,Mostrador,Tarjeta crédito,USD,2024,3
9806,2024-11-04,752,9,4,1201,1,1581900,1581900,Mostrador,Tarjeta crédito,ARS,2024,11
9807,2024-09-19,329,41,3,1077,2,397200,794400,Online,Cheque,USD,2024,9
9808,2024-05-17,832,16,1,1250,5,30160,150800,Teléfono,Efectivo,USD,2024,5
9809,2024-12-28,609,3,3,1053,1,289400,289400,Online,Efectivo,ARS,2024,12
9810,2024-02-07,780,22,2,1300,1,170860,170860,Campo,Efectivo,USD,2024,2
9811,2023-05-05,126,49,1,1218,4,203960,815840,Online,Transferencia,USD,2023,5
9812,2024-11-14,34,27,4,1293,3,2527930,7583790,Mostrador,Tarjeta crédito,ARS,2024,11
9813,2023-10-04,283,57,4,1294,5,4831270,24156350,Teléfono,Tarjeta débito,ARS,2023,10
9814,2024-10-31,406,32,1,1109,1,254740,254740,Teléfono,Efectivo,ARS,2024,10
9815,2024-12-20,18,22,2,1088,4,5078210,20312840,Mostrador,Transferencia,USD,2024,12
9816,2024-08-04,430,16,1,1166,4,117880,471520,Teléfono,Transferencia,ARS,2024,8
9817,2024-04-15,428,25,4,1267,1,115260,115260,Teléfono,Transferencia,ARS,2024,4
9818,2023-12-21,293,36,4,1093,1,119430,119430,Campo,Tarjeta débito,USD,2023,12
9819,2023-11-24,391,35,1,1173,2,119640,239280,Teléfono,Tarjeta crédito,ARS,2023,11
9820,2023-11-21,68,6,4,1064,5,296350,1481750,Teléfono,Tarjeta crédito,USD,2023,11
9821,2024-05-30,749,34,2,1126,1,4071720,4071720,Online,Efectivo,ARS,2024,5
9822,2024-10-03,80,35,1,1230,1,259280,259280,Campo,Tarjeta crédito,ARS,2024,10
9823,2024-07-15,86,4,4,1105,5,354100,1770500,Campo,Efectivo,ARS,2024,7
9824,2023-08-06,60,48,2,1209,1,3736480,3736480,Online,Cheque,ARS,2023,8
9825,2023-12-30,48,56,2,1062,1,114760,114760,Online,Tarjeta crédito,USD,2023,12
9826,2024-11-04,691,36,4,1240,1,285120,285120,Mostrador,Tarjeta crédito,USD,2024,11
9827,2023-12-25,356,20,1,1061,1,5332890,5332890,Mostrador,Efectivo,ARS,2023,12
9828,2024-02-10,84,49,1,1131,1,294230,294230,Teléfono,Tarjeta débito,USD,2024,2
9829,2024-10-24,607,40,4,1012,3,286690,860070,Campo,Efectivo,ARS,2024,10
9830,2024-06-26,308,36,4,1137,4,5004940,20019760,Campo,Tarjeta débito,ARS,2024,6
9831,2023-12-07,252,9,4,1195,1,133350,133350,Mostrador,Transferencia,USD,2023,12
9832,2024-12-03,481,52,1,1074,1,83720,83720,Teléfono,Tarjeta débito,USD,2024,12
9833,2023-06-28,333,54,2,1136,1,2150100,2150100,Mostrador,Tarjeta crédito,USD,2023,6
9834,2024-12-30,180,1,4,1043,1,3480610,3480610,Mostrador,Tarjeta débito,USD,2024,12
9835,2023-05-11,84,2,1,1039,3,413670,1241010,Online,Tarjeta crédito,ARS,2023,5
9836,2023-01-17,310,5,1,1031,1,107650,107650,Campo,Tarjeta débito,USD,2023,1
9837,2024-12-01,937,54,2,1142,4,330760,1323040,Teléfono,Tarjeta crédito,ARS,2024,12
9838,2023-09-26,150,49,1,1062,1,159880,159880,Teléfono,Tarjeta débito,USD,2023,9
9839,2024-09-09,39,35,1,1044,2,149640,299280,Teléfono,Tarjeta débito,USD,2024,9
9840,2024-11-10,279,6,4,1188,5,2143710,10718550,Mostrador,Tarjeta débito,USD,2024,11
9841,2024-11-23,816,57,4,1002,2,202210,404420,Campo,Tarjeta débito,USD,2024,11
9842,2024-12-29,625,10,3,1292,1,385100,385100,Teléfono,Transferencia,ARS,2024,12
9843,2023-11-05,376,9,4,1026,1,249720,249720,Mostrador,Tarjeta débito,ARS,2023,11
9844,2024-08-19,929,33,4,1298,1,97550,97550,Mostrador,Efectivo,ARS,2024,8
9845,2023-05-07,127,6,4,1164,1,86180,86180,Mostrador,Efectivo,ARS,2023,5
9846,2023-12-06,41,15,1,1285,2,5855430,11710860,Teléfono,Efectivo,USD,2023,12
9847,2024-11-20,670,5,1,1296,1,336250,336250,Mostrador,Tarjeta crédito,USD,2024,11
9848,2023-11-25,206,2,1,1024,3,109980,329940,Campo,Transferencia,ARS,2023,11
9849,2024-04-10,47,49,1,1104,1,3667930,3667930,Teléfono,Cheque,ARS,2024,4
9850,2024-01-05,484,21,1,1062,3,3120730,9362190,Mostrador,Tarjeta débito,ARS,2024,1
9851,2024-06-09,185,20,1,1153,2,4250250,8500500,Teléfono,Efectivo,ARS,2024,6
9852,2024-12-24,72,32,1,1263,4,426310,1705240,Campo,Cheque,ARS,2024,12
9853,2023-03-03,57,5,1,1294,2,286400,572800,Online,Efectivo,USD,2023,3
9854,2024-03-22,751,45,2,1243,1,2161360,2161360,Campo,Tarjeta crédito,USD,2024,3
9855,2024-11-24,574,47,1,1109,2,181060,362120,Mostrador,Efectivo,ARS,2024,11
9856,2023-12-27,342,38,4,1109,3,372790,1118370,Online,Tarjeta débito,USD,2023,12
9857,2023-03-28,57,14,1,1048,4,27300,109200,Mostrador,Cheque,ARS,2023,3
9858,2024-03-07,964,27,4,1121,1,149900,149900,Online,Efectivo,ARS,2024,3
9859,2023-11-16,243,1,4,1173,1,40850,40850,Teléfono,Tarjeta débito,USD,2023,11
9860,2023-06-19,328,46,4,1103,2,5228880,10457760,Mostrador,Efectivo,USD,2023,6
9861,2024-11-20,994,53,4,1160,1,138470,138470,Online,Cheque,ARS,2024,11
9862,2024-01-25,636,57,4,1257,4,328000,1312000,Online,Transferencia,ARS,2024,1
9863,2024-12-13,982,14,1,1202,1,3209320,3209320,Teléfono,Tarjeta débito,ARS,2024,12
9864,2024-11-08,153,36,4,1045,1,2592990,2592990,Online,Tarjeta débito,ARS,2024,11
9865,2024-07-31,255,9,4,1064,2,1974320,3948640,Campo,Efectivo,ARS,2024,7
9866,2023-01-06,217,1,4,1196,4,3331830,13327320,Mostrador,Tarjeta crédito,USD,2023,1
9867,2023-12-12,232,35,1,1070,4,278850,1115400,Online,Tarjeta crédito,ARS,2023,12
9868,2023-08-05,17,34,2,1181,1,317550,317550,Mostrador,Transferencia,ARS,2023,8
9869,2024-12-07,592,60,3,1258,1,141770,141770,Online,Efectivo,USD,2024,12
9870,2023-07-11,176,31,3,1247,1,2853920,2853920,Online,Efectivo,USD,2023,7
9871,2023-11-03,39,1,4,1214,1,150030,150030,Online,Transferencia,USD,2023,11
9872,2024-01-19,143,5,1,1158,4,2308480,9233920,Teléfono,Cheque,ARS,2024,1
9873,2023-10-16,17,51,1,1186,1,285170,285170,Mostrador,Tarjeta crédito,ARS,2023,10
9874,2023-08-19,249,49,1,1231,2,3601310,7202620,Campo,Transferencia,USD,2023,8
9875,2024-04-19,35,14,1,1073,1,408600,408600,Online,Transferencia,ARS,2024,4
9876,2023-04-08,289,47,1,1055,1,5200850,5200850,Teléfono,Cheque,USD,2023,4
9877,2023-03-05,146,5,1,1243,4,114180,456720,Teléfono,Cheque,USD,2023,3
9878,2023-11-27,215,21,1,1218,5,2251150,11255750,Teléfono,Cheque,ARS,2023,11
9879,2024-08-30,165,34,2,1215,1,431230,431230,Teléfono,Transferencia,ARS,2024,8
9880,2024-03-01,111,51,1,1015,4,3921540,15686160,Mostrador,Tarjeta débito,USD,2024,3
9881,2023-12-10,135,1,4,1147,4,3840480,15361920,Online,Tarjeta crédito,ARS,2023,12
9882,2024-03-13,74,25,4,1144,1,189370,189370,Campo,Tarjeta débito,USD,2024,3
9883,2023-11-25,156,1,4,1025,5,360480,1802400,Teléfono,Tarjeta débito,USD,2023,11
9884,2024-12-14,727,30,1,1099,2,2183560,4367120,Mostrador,Tarjeta crédito,USD,2024,12
9885,2023-03-02,354,44,3,1179,3,140980,422940,Mostrador,Efectivo,ARS,2023,3
9886,2024-07-09,274,22,2,1103,4,4153170,16612680,Online,Transferencia,USD,2024,7
9887,2024-12-02,943,46,4,1174,4,162730,650920,Teléfono,Tarjeta crédito,USD,2024,12
9888,2024-11-08,279,1,4,1263,2,179420,358840,Mostrador,Tarjeta débito,USD,2024,11
9889,2023-07-21,148,60,3,1290,1,335800,335800,Mostrador,Efectivo,ARS,2023,7
9890,2023-11-06,31,4,4,1058,1,189590,189590,Teléfono,Tarjeta débito,USD,2023,11
9891,2024-08-26,526,47,1,1039,1,136110,136110,Online,Tarjeta crédito,ARS,2024,8
9892,2023-04-03,23,19,1,1279,1,1968230,1968230,Teléfono,Tarjeta débito,USD,2023,4
9893,2024-11-10,510,1,4,1145,1,210710,210710,Campo,Transferencia,USD,2024,11
9894,2024-08-28,514,20,1,1122,2,29730,59460,Mostrador,Tarjeta débito,ARS,2024,8
9895,2024-09-09,925,35,1,1027,1,309230,309230,Online,Tarjeta débito,USD,2024,9
9896,2023-04-20,178,46,4,1066,1,1667330,1667330,Online,Tarjeta débito,ARS,2023,4
9897,2024-08-27,329,15,1,1101,5,50370,251850,Online,Tarjeta débito,ARS,2024,8
9898,2024-07-16,571,58,3,1094,5,5267000,26335000,Online,Tarjeta crédito,ARS,2024,7
9899,2024-11-15,801,9,4,1067,2,241240,482480,Teléfono,Tarjeta crédito,USD,2024,11
9900,2023-02-15,176,52,1,1250,5,4411710,22058550,Teléfono,Tarjeta débito,USD,2023,2
9901,2023-01-26,172,35,1,1142,1,244830,244830,Campo,Cheque,ARS,2023,1
9902,2023-11-27,396,15,1,1267,3,159070,477210,Online,Tarjeta crédito,USD,2023,11
9903,2023-06-13,83,49,1,1040,4,2760540,11042160,Campo,Tarjeta crédito,ARS,2023,6
9904,2024-03-05,938,15,1,1215,1,265330,265330,Mostrador,Tarjeta débito,USD,2024,3
9905,2024-12-09,980,32,1,1131,2,2180810,4361620,Campo,Efectivo,USD,2024,12
9906,2023-12-02,223,43,1,1001,1,4616920,4616920,Mostrador,Transferencia,USD,2023,12
9907,2024-11-19,35,32,1,1009,4,4689400,18757600,Campo,Tarjeta crédito,USD,2024,11
9908,2023-01-01,297,33,4,1214,1,225830,225830,Campo,Transferencia,USD,2023,1
9909,2023-07-04,110,4,4,1201,4,2524390,10097560,Mostrador,Transferencia,USD,2023,7
9910,2023-02-03,235,33,4,1144,1,181630,181630,Online,Tarjeta crédito,ARS,2023,2
9911,2023-11-14,397,54,2,1244,3,327420,982260,Mostrador,Cheque,USD,2023,11
9912,2024-12-06,39,35,1,1104,1,5322080,5322080,Online,Tarjeta crédito,USD,2024,12
9913,2023-04-17,219,1,4,1218,4,280350,1121400,Teléfono,Efectivo,USD,2023,4
9914,2024-04-27,217,47,1,1138,1,419870,419870,Online,Transferencia,USD,2024,4
9915,2023-12-18,194,20,1,1297,2,269170,538340,Online,Tarjeta débito,ARS,2023,12
9916,2024-12-15,675,27,4,1179,2,246300,492600,Campo,Tarjeta crédito,USD,2024,12
9917,2023-05-15,116,19,1,1278,1,3779070,3779070,Mostrador,Tarjeta débito,USD,2023,5
9918,2023-08-21,328,49,1,1144,5,25810,129050,Mostrador,Efectivo,USD,2023,8
9919,2023-02-02,161,9,4,1167,4,114220,456880,Campo,Efectivo,ARS,2023,2
9920,2023-12-14,89,13,4,1190,1,5559760,5559760,Mostrador,Tarjeta crédito,USD,2023,12
9921,2023-11-01,141,2,1,1258,1,355390,355390,Mostrador,Cheque,ARS,2023,11
9922,2024-11-26,824,5,1,1270,1,206550,206550,Online,Tarjeta crédito,USD,2024,11
9923,2024-04-25,174,10,3,1187,1,3511330,3511330,Teléfono,Tarjeta crédito,ARS,2024,4
9924,2024-05-05,713,33,4,1154,1,3558130,3558130,Teléfono,Cheque,USD,2024,5
9925,2024-02-05,867,20,1,1172,2,425240,850480,Mostrador,Cheque,ARS,2024,2
9926,2023-04-11,302,24,3,1247,1,134090,134090,Campo,Cheque,ARS,2023,4
9927,2023-12-17,356,9,4,1011,1,287390,287390,Mostrador,Transferencia,USD,2023,12
9928,2024-12-31,113,2,1,1047,1,2143710,2143710,Mostrador,Tarjeta crédito,ARS,2024,12
9929,2024-11-16,879,27,4,1266,4,86330,345320,Teléfono,Tarjeta débito,ARS,2024,11
9930,2024-12-02,940,1,4,1255,1,92470,92470,Campo,Transferencia,ARS,2024,12
9931,2024-11-13,174,51,1,1111,4,392510,1570040,Teléfono,Tarjeta crédito,USD,2024,11
9932,2023-04-24,74,27,4,1085,1,2016290,2016290,Campo,Efectivo,USD,2023,4
9933,2023-09-07,325,30,1,1212,3,6203960,18611880,Campo,Tarjeta crédito,ARS,2023,9
9934,2023-01-04,287,13,4,1279,4,140390,561560,Teléfono,Transferencia,ARS,2023,1
9935,2023-11-08,125,57,4,1292,1,114390,114390,Campo,Cheque,USD,2023,11
9936,2023-04-30,24,51,1,1252,1,123940,123940,Campo,Tarjeta crédito,ARS,2023,4
9937,2023-12-24,32,4,4,1076,2,4788250,9576500,Mostrador,Transferencia,USD,2023,12
9938,2024-07-13,254,40,4,1175,1,77800,77800,Mostrador,Cheque,ARS,2024,7
9939,2024-11-27,497,52,1,1109,1,5101010,5101010,Mostrador,Transferencia,USD,2024,11
9940,2024-09-30,113,49,1,1127,1,5458990,5458990,Mostrador,Tarjeta débito,ARS,2024,9
9941,2024-12-15,195,2,1,1285,5,161470,807350,Teléfono,Tarjeta débito,ARS,2024,12
9942,2023-03-01,16,42,3,1014,1,158850,158850,Campo,Tarjeta crédito,ARS,2023,3
9943,2023-01-14,212,9,4,1181,4,1619480,6477920,Mostrador,Transferencia,USD,2023,1
9944,2024-06-26,620,33,4,1230,4,38110,152440,Teléfono,Efectivo,USD,2024,6
9945,2023-11-04,24,5,1,1272,3,2879950,8639850,Teléfono,Tarjeta débito,ARS,2023,11
9946,2023-10-06,290,59,2,1043,5,4285090,21425450,Campo,Tarjeta crédito,USD,2023,10
9947,2023-11-15,384,49,1,1102,3,3519940,10559820,Online,Efectivo,ARS,2023,11
9948,2023-10-23,308,52,1,1113,1,5963470,5963470,Online,Tarjeta débito,ARS,2023,10
9949,2024-01-14,304,22,2,1193,5,63930,319650,Teléfono,Tarjeta débito,ARS,2024,1
9950,2023-12-15,343,22,2,1009,4,78130,312520,Campo,Tarjeta crédito,ARS,2023,12
9951,2024-01-15,631,26,2,1149,5,4598340,22991700,Teléfono,Tarjeta crédito,ARS,2024,1
9952,2024-07-08,693,36,4,1242,2,2231950,4463900,Teléfono,Cheque,USD,2024,7
9953,2023-12-01,38,29,3,1224,1,5343400,5343400,Mostrador,Efectivo,USD,2023,12
9954,2023-10-03,386,44,3,1110,2,360480,720960,Campo,Tarjeta crédito,ARS,2023,10
9955,2023-07-02,233,47,1,1084,3,125170,375510,Teléfono,Efectivo,ARS,2023,7
9956,2023-11-20,69,57,4,1043,2,315040,630080,Mostrador,Tarjeta crédito,ARS,2023,11
9957,2024-09-22,82,36,4,1066,4,153840,615360,Online,Cheque,ARS,2024,9
9958,2024-10-09,118,1,4,1109,1,4111260,4111260,Campo,Efectivo,ARS,2024,10
9959,2024-07-02,821,47,1,1102,1,292090,292090,Online,Tarjeta débito,ARS,2024,7
9960,2023-09-14,50,8,2,1135,3,2374780,7124340,Campo,Transferencia,USD,2023,9
9961,2024-04-07,669,34,2,1086,1,3601050,3601050,Online,Cheque,USD,2024,4
9962,2024-03-19,74,52,1,1084,1,5663510,5663510,Online,Efectivo,USD,2024,3
9963,2023-12-27,183,6,4,1227,1,357540,357540,Mostrador,Efectivo,ARS,2023,12
9964,2024-02-25,106,40,4,1260,1,422700,422700,Mostrador,Cheque,USD,2024,2
9965,2023-12-29,189,43,1,1020,1,286420,286420,Teléfono,Tarjeta crédito,ARS,2023,12
9966,2024-03-13,818,35,1,1035,1,5108850,5108850,Campo,Efectivo,USD,2024,3
9967,2024-08-24,784,57,4,1243,5,331310,1656550,Online,Tarjeta débito,USD,2024,8
9968,2023-05-01,87,20,1,1270,3,3898040,11694120,Campo,Transferencia,ARS,2023,5
9969,2024-10-01,862,17,3,1223,1,232650,232650,Campo,Tarjeta débito,USD,2024,10
9970,2023-05-30,326,38,4,1287,1,77470,77470,Teléfono,Transferencia,ARS,2023,5
9971,2023-03-15,172,21,1,1158,1,4532240,4532240,Teléfono,Tarjeta crédito,ARS,2023,3
9972,2024-12-25,764,53,4,1285,3,139280,417840,Teléfono,Transferencia,ARS,2024,12
9973,2024-12-20,356,7,2,1036,2,157450,314900,Online,Transferencia,ARS,2024,12
9974,2023-03-08,144,57,4,1298,5,183730,918650,Campo,Efectivo,ARS,2023,3
9975,2023-12-16,284,36,4,1029,1,2957210,2957210,Teléfono,Cheque,USD,2023,12
9976,2023-07-24,185,57,4,1255,1,3437600,3437600,Online,Transferencia,ARS,2023,7
9977,2023-12-28,154,35,1,1142,1,2858130,2858130,Mostrador,Efectivo,USD,2023,12
9978,2024-11-15,854,32,1,1134,4,297730,1190920,Online,Efectivo,ARS,2024,11
9979,2024-12-18,118,19,1,1144,2,2539510,5079020,Online,Cheque,USD,2024,12
9980,2024-05-27,267,43,1,1297,4,412250,1649000,Campo,Tarjeta crédito,USD,2024,5
9981,2023-11-22,385,13,4,1143,1,118820,118820,Teléfono,Efectivo,USD,2023,11
9982,2024-04-23,837,45,2,1245,5,301000,1505000,Online,Efectivo,USD,2024,4
9983,2023-11-10,255,46,4,1254,4,340300,1361200,Teléfono,Tarjeta crédito,USD,2023,11
9984,2024-12-07,241,43,1,1005,1,151710,151710,Campo,Tarjeta crédito,USD,2024,12
9985,2024-11-26,171,15,1,1266,1,301000,301000,Online,Tarjeta débito,USD,2024,11
9986,2024-03-05,942,46,4,1239,2,105690,211380,Campo,Transferencia,ARS,2024,3
9987,2023-11-14,105,47,1,1250,3,5131880,15395640,Campo,Tarjeta crédito,ARS,2023,11
9988,2023-11-05,36,36,4,1291,1,171310,171310,Mostrador,Cheque,USD,2023,11
9989,2023-02-06,66,16,1,1031,1,2889610,2889610,Teléfono,Transferencia,ARS,2023,2
9990,2024-11-11,185,1,4,1120,3,330790,992370,Campo,Tarjeta débito,ARS,2024,11
9991,2023-12-18,390,17,3,1079,5,3692620,18463100,Online,Cheque,USD,2023,12
9992,2023-11-14,190,25,4,1009,1,221820,221820,Teléfono,Cheque,USD,2023,11
9993,2023-12-24,155,30,1,1044,5,1948990,9744950,Campo,Tarjeta débito,USD,2023,12
9994,2024-11-12,893,28,2,1222,5,171310,856550,Campo,Cheque,USD,2024,11
9995,2023-05-17,227,4,4,1144,1,3756490,3756490,Teléfono,Tarjeta crédito,ARS,2023,5
9996,2024-11-22,653,6,4,1120,4,2191920,8767680,Teléfono,Tarjeta crédito,ARS,2024,11
9997,2024-12-03,588,35,1,1053,1,200800,200800,Online,Tarjeta débito,ARS,2024,12
9998,2024-12-17,146,32,1,1065,3,5100540,15301620,Campo,Tarjeta crédito,ARS,2024,12
9999,2023-12-04,38,14,1,1176,2,133030,266060,Mostrador,Efectivo,ARS,2023,12
10000,2023-08-27,262,30,1,1070,5,3369800,16849000,Teléfono,Efectivo,ARS,2023,8
